======================================================================
 Model verification run: 2026-09-17 13:04:53 UTC
 model dir : /Users/leo/Documents/Git Projects/An-Executable-Taxonomy-of-Security-Properties-for-ProVerif-and-Tamarin/SecurityProperties
 timeout   : none -- no 'timeout'/'gtimeout' on PATH.
             On macOS: brew install coreutils
 tamarin   : tamarin-prover 1.12.0, (C) David Basin, Cas Cremers, Jannik Dreier, Simon Meier, Ralf Sasse, Benedikt Schmidt, 2010-2023
 proverif  : Proverif 2.05. Cryptographic protocol verifier, by Bruno Blanchet, Vincent Cheval, and Marc Sylvestre
======================================================================

----------------------------------------------------------------------
MODEL : Accountability/Non-repudiation/Non-Repudiation.pv
TOOL  : proverif
CMD   : proverif /Users/leo/Documents/Git Projects/An-Executable-Taxonomy-of-Security-Properties-for-ProVerif-and-Tamarin/SecurityProperties/Accountability/Non-repudiation/Non-Repudiation.pv
Process 0 (that is, the initial process):
{1}new sk_bidder: key;
{2}let pk_bidder: key = pk(sk_bidder) in
(
    {3}!
    {4}let sk_bidder_1: key = sk_bidder in
    {5}new n: nonce;
    {6}let bid_msg: bitstring = (bidder_price,bidder_id,n) in
    {7}let signature: bitstring = sign(hash((bidder_price,bidder_id,n)),sk_bidder_1) in
    {8}event bid(bidder_price,bidder_id);
    {9}out(c, (bid_msg,signature));
    {10}in(c, win_confirm: bitstring)
) | (
    {11}!
    {12}in(c, (bid_msg_1: bitstring,signature_1: bitstring));
    {13}let (p: price,id: identity,n_1: nonce) = bid_msg_1 in
    {14}if (verify(signature_1,hash((p,id,n_1)),pk_bidder) = true) then
    {15}new win_confirm_1: bitstring;
    {16}event won(bidder_price,bidder_id);
    {17}out(c, win_confirm_1)
)

--  Process 1 (that is, process 0, with let moved downwards):
{1}new sk_bidder: key;
(
    {3}!
    {5}new n: nonce;
    {8}event bid(bidder_price,bidder_id);
    {4}let sk_bidder_1: key = sk_bidder in
    {7}let signature: bitstring = sign(hash((bidder_price,bidder_id,n)),sk_bidder_1) in
    {6}let bid_msg: bitstring = (bidder_price,bidder_id,n) in
    {9}out(c, (bid_msg,signature));
    {10}in(c, win_confirm: bitstring)
) | (
    {11}!
    {12}in(c, (bid_msg_1: bitstring,signature_1: bitstring));
    {13}let (p: price,id: identity,n_1: nonce) = bid_msg_1 in
    {2}let pk_bidder: key = pk(sk_bidder) in
    {14}if (verify(signature_1,hash((p,id,n_1)),pk_bidder) = true) then
    {15}new win_confirm_1: bitstring;
    {16}event won(bidder_price,bidder_id);
    {17}out(c, win_confirm_1)
)

-- Query event(won(p_1,id_1)) ==> event(bid(p_1,id_1)) in process 1.
Translating the process into Horn clauses...
Completing...
Starting query event(won(p_1,id_1)) ==> event(bid(p_1,id_1))
goal reachable: b-event(bid(bidder_price[],bidder_id[])) -> event(won(bidder_price[],bidder_id[]))
RESULT event(won(p_1,id_1)) ==> event(bid(p_1,id_1)) is true.
-- Query not event(won(p_1,id_1)) in process 1.
Translating the process into Horn clauses...
Completing...
Starting query not event(won(p_1,id_1))
goal reachable: event(won(bidder_price[],bidder_id[]))

Derivation:
Abbreviations:
n_2 = n[!1 = @sid]
n_3 = n[!1 = @sid_1]
n_4 = n[!1 = @sid_2]

1. The message ((bidder_price[],bidder_id[],n_2),sign(hash((bidder_price[],bidder_id[],n_2)),sk_bidder[])) may be sent to the attacker at output {9}.
attacker(((bidder_price[],bidder_id[],n_2),sign(hash((bidder_price[],bidder_id[],n_2)),sk_bidder[]))).

2. By 1, the attacker may know ((bidder_price[],bidder_id[],n_2),sign(hash((bidder_price[],bidder_id[],n_2)),sk_bidder[])).
Using the function 2-proj-2-tuple the attacker may obtain sign(hash((bidder_price[],bidder_id[],n_2)),sk_bidder[]).
attacker(sign(hash((bidder_price[],bidder_id[],n_2)),sk_bidder[])).

3. By 1, the attacker may know ((bidder_price[],bidder_id[],n_2),sign(hash((bidder_price[],bidder_id[],n_2)),sk_bidder[])).
Using the function 1-proj-2-tuple the attacker may obtain (bidder_price[],bidder_id[],n_2).
attacker((bidder_price[],bidder_id[],n_2)).

4. By 3, the attacker may know (bidder_price[],bidder_id[],n_2).
Using the function 3-proj-3-tuple the attacker may obtain n_2.
attacker(n_2).

5. The message ((bidder_price[],bidder_id[],n_4),sign(hash((bidder_price[],bidder_id[],n_4)),sk_bidder[])) may be sent to the attacker at output {9}.
attacker(((bidder_price[],bidder_id[],n_4),sign(hash((bidder_price[],bidder_id[],n_4)),sk_bidder[]))).

6. By 5, the attacker may know ((bidder_price[],bidder_id[],n_4),sign(hash((bidder_price[],bidder_id[],n_4)),sk_bidder[])).
Using the function 1-proj-2-tuple the attacker may obtain (bidder_price[],bidder_id[],n_4).
attacker((bidder_price[],bidder_id[],n_4)).

7. By 6, the attacker may know (bidder_price[],bidder_id[],n_4).
Using the function 2-proj-3-tuple the attacker may obtain bidder_id[].
attacker(bidder_id[]).

8. The message ((bidder_price[],bidder_id[],n_3),sign(hash((bidder_price[],bidder_id[],n_3)),sk_bidder[])) may be sent to the attacker at output {9}.
attacker(((bidder_price[],bidder_id[],n_3),sign(hash((bidder_price[],bidder_id[],n_3)),sk_bidder[]))).

9. By 8, the attacker may know ((bidder_price[],bidder_id[],n_3),sign(hash((bidder_price[],bidder_id[],n_3)),sk_bidder[])).
Using the function 1-proj-2-tuple the attacker may obtain (bidder_price[],bidder_id[],n_3).
attacker((bidder_price[],bidder_id[],n_3)).

10. By 9, the attacker may know (bidder_price[],bidder_id[],n_3).
Using the function 1-proj-3-tuple the attacker may obtain bidder_price[].
attacker(bidder_price[]).

11. By 10, the attacker may know bidder_price[].
By 7, the attacker may know bidder_id[].
By 4, the attacker may know n_2.
Using the function 3-tuple the attacker may obtain (bidder_price[],bidder_id[],n_2).
attacker((bidder_price[],bidder_id[],n_2)).

12. By 11, the attacker may know (bidder_price[],bidder_id[],n_2).
By 2, the attacker may know sign(hash((bidder_price[],bidder_id[],n_2)),sk_bidder[]).
Using the function 2-tuple the attacker may obtain ((bidder_price[],bidder_id[],n_2),sign(hash((bidder_price[],bidder_id[],n_2)),sk_bidder[])).
attacker(((bidder_price[],bidder_id[],n_2),sign(hash((bidder_price[],bidder_id[],n_2)),sk_bidder[]))).

13. The message ((bidder_price[],bidder_id[],n_2),sign(hash((bidder_price[],bidder_id[],n_2)),sk_bidder[])) that the attacker may have by 12 may be received at input {12}.
So event won(bidder_price[],bidder_id[]) may be executed at {16}.
event(won(bidder_price[],bidder_id[])).

14. By 13, event(won(bidder_price[],bidder_id[])).
The goal is reached, represented in the following fact:
event(won(bidder_price[],bidder_id[])).


A more detailed output of the traces is available with
  set traceDisplay = long.

new sk_bidder: key creating sk_bidder_2 at {1}

new n: nonce creating n_5 at {5} in copy a

event bid(bidder_price,bidder_id) at {8} in copy a

out(c, ((~M,~M_1,~M_2),~M_3)) with ~M = bidder_price, ~M_1 = bidder_id, ~M_2 = n_5, ~M_3 = sign(hash((bidder_price,bidder_id,n_5)),sk_bidder_2) at {9} in copy a

new n: nonce creating n_6 at {5} in copy a_1

event bid(bidder_price,bidder_id) at {8} in copy a_1

out(c, ((~M_4,~M_5,~M_6),~M_7)) with ~M_4 = bidder_price, ~M_5 = bidder_id, ~M_6 = n_6, ~M_7 = sign(hash((bidder_price,bidder_id,n_6)),sk_bidder_2) at {9} in copy a_1

new n: nonce creating n_7 at {5} in copy a_2

event bid(bidder_price,bidder_id) at {8} in copy a_2

out(c, ((~M_8,~M_9,~M_10),~M_11)) with ~M_8 = bidder_price, ~M_9 = bidder_id, ~M_10 = n_7, ~M_11 = sign(hash((bidder_price,bidder_id,n_7)),sk_bidder_2) at {9} in copy a_2

in(c, ((~M,~M_1,~M_2),~M_3)) with ~M = bidder_price, ~M_1 = bidder_id, ~M_2 = n_5, ~M_3 = sign(hash((bidder_price,bidder_id,n_5)),sk_bidder_2) at {12} in copy a_3

new win_confirm_1: bitstring creating win_confirm_2 at {15} in copy a_3

event won(bidder_price,bidder_id) at {16} in copy a_3 (goal)

The event won(bidder_price,bidder_id) is executed at {16} in copy a_3.
A trace has been found.
RESULT not event(won(p_1,id_1)) is false.

--------------------------------------------------------------
Verification summary:

Query event(won(p_1,id_1)) ==> event(bid(p_1,id_1)) is true.

Query not event(won(p_1,id_1)) is false.

--------------------------------------------------------------
EXIT  : 0 (0s)
        RESULT event(won(p_1,id_1)) ==> event(bid(p_1,id_1)) is true.
        RESULT not event(won(p_1,id_1)) is false.

----------------------------------------------------------------------
MODEL : Accountability/Non-repudiation/Non-repudiation.spthy
TOOL  : tamarin
CMD   : tamarin-prover --prove /Users/leo/Documents/Git Projects/An-Executable-Taxonomy-of-Security-Properties-for-ProVerif-and-Tamarin/SecurityProperties/Accountability/Non-repudiation/Non-repudiation.spthy
maude tool: 'maude'
 checking version: 3.5.1. OK.
 checking installation: OK.
[Theory AuctionNonRepudiation] Theory loaded
[Theory AuctionNonRepudiation] Theory translated
[Theory AuctionNonRepudiation] Derivation checks started
[Theory AuctionNonRepudiation] Derivation checks ended
[Theory AuctionNonRepudiation] Theory closed
[Saturating Sources] Step 1 (Max 5)
[Saturating Sources] Done
theory AuctionNonRepudiation

begin

// Function signature and definition of the equational theory E

functions: fst/1, h/1, pair/2, pk/1, sign/2, snd/1, true/0, verify/3
equations:
    fst(<x.1, x.2>) = x.1,
    snd(<x.1, x.2>) = x.2,
    verify(sign(x.1, x.2), x.1, pk(x.2)) = true

rule (modulo E) Setup_Bidder:
   [ Fr( ~skB ) ]
  --[ OnlyOnce( ) ]->
   [ !LtkB( ~skB ), !PkB( pk(~skB) ), Out( pk(~skB) ) ]

  /* has exactly the trivial AC variant */

rule (modulo E) Bidder_Send_Bid:
   [ !LtkB( ~skB ), Fr( ~price ), Fr( ~id ), Fr( ~n ) ]
  --[ Bid( ~price, ~id ) ]->
   [ Out( <<~price, ~id, ~n>, sign(h(<~price, ~id, ~n>), ~skB)> ) ]

  /* has exactly the trivial AC variant */

rule (modulo E) Auctioneer_Receive_And_Win:
   [ In( <<p, id, n>, sig> ), !PkB( pkB ), Fr( ~win_confirm ) ]
  --[ Eq( verify(sig, h(<p, id, n>), pkB), true ), Won( p, id ) ]->
   [ Out( ~win_confirm ) ]

  /*
  rule (modulo AC) Auctioneer_Receive_And_Win:
     [ In( <<p, id, n>, sig> ), !PkB( pkB ), Fr( ~win_confirm ) ]
    --[ Eq( z, true ), Won( p, id ) ]->
     [ Out( ~win_confirm ) ]
    variants (modulo AC)
    1. id    = id.8
       n     = n.8
       p     = p.8
       pkB   = pkB.8
       sig   = sig.8
       z     = verify(sig.8, h(<p.8, id.8, n.8>), pkB.8)
    
    2. id    = x.8
       n     = x.9
       p     = x.10
       pkB   = pk(x.11)
       sig   = sign(h(<x.10, x.8, x.9>), x.11)
       z     = true
  */

restriction Equality:
  "∀ x y #i. (Eq( x, y ) @ #i) ⇒ (x = y)"
  // safety formula

  /*
  expanded formula:
  "∀ x y #i. (Eq( x, y ) @ #i) ⇒ (x = y)"
  */

restriction OnlyOnce:
  "∀ #i #j. ((OnlyOnce( ) @ #i) ∧ (OnlyOnce( ) @ #j)) ⇒ (#i = #j)"
  // safety formula

  /*
  expanded formula:
  "∀ #i #j. ((OnlyOnce( ) @ #i) ∧ (OnlyOnce( ) @ #j)) ⇒ (#i = #j)"
  */

lemma NonRepudiation:
  all-traces
  "∀ p id #i.
    (Won( p, id ) @ #i) ⇒ (∃ #j. (Bid( p, id ) @ #j) ∧ (#j < #i))"
/*
guarded formula characterizing all counter-examples:
"∃ p id #i. (Won( p, id ) @ #i) ∧ ∀ #j. (Bid( p, id ) @ #j) ⇒ ¬(#j < #i)"
*/
simplify
solve( !PkB( pk(x) ) ▶₁ #i )
  case Setup_Bidder
  solve( !KU( sign(h(<p, id, n>), ~skB) ) @ #vk.6 )
    case Bidder_Send_Bid
    by contradiction /* from formulas */
  next
    case c_sign
    by solve( !KU( ~skB ) @ #vk.8 )
  qed
qed

/* All wellformedness checks were successful. */

/*
Generated from:
Tamarin version 1.12.0
Maude version 3.5.1
Git revision: UNKNOWN, branch: UNKNOWN
Compiled at: 2026-03-08 09:49:47.765662 UTC
*/

end

==============================================================================
summary of summaries:

analyzed: /Users/leo/Documents/Git Projects/An-Executable-Taxonomy-of-Security-Properties-for-ProVerif-and-Tamarin/SecurityProperties/Accountability/Non-repudiation/Non-repudiation.spthy

  processing time: 0.19s
  
  NonRepudiation (all-traces): verified (5 steps)

==============================================================================
EXIT  : 0 (0s)
        NonRepudiation (all-traces): verified (5 steps)

----------------------------------------------------------------------
MODEL : Accountability/Traceability/Untraceability.pv
TOOL  : proverif
CMD   : proverif /Users/leo/Documents/Git Projects/An-Executable-Taxonomy-of-Security-Properties-for-ProVerif-and-Tamarin/SecurityProperties/Accountability/Traceability/Untraceability.pv
Process 0 (that is, the initial process):
{1}new k: key;
(
    {2}!
    {3}!
    {4}in(db, id: tag_id);
    {5}out(db, true)
) | (
    {6}!
    {7}let k_1: key = k in
    {8}new n: bitstring;
    {9}out(c, Welcome);
    {10}in(c, m: bitstring);
    {11}let (w: message,id_1: tag_id) = decrypt(m,k_1) in
    {12}if (w = Welcome) then
    {13}event ReaderEnd(id_1);
    {14}out(db, id_1)
) | (
    {15}!
    {16}new id_2: tag_id;
    {17}!
    {18}let id_3: tag_id = id_2 in
    {19}let k_2: key = k in
    {20}in(c, x: message);
    {21}if (x = Welcome) then
    {22}event TagStart(id_3);
    {23}new n_1: bitstring;
    {24}let m_1: bitstring = encrypt((Welcome,id_3),k_2) in
    {25}out(c, m_1);
    {26}event TagEnd(id_3)
)

--  Process 1 (that is, process 0, with let moved downwards):
{1}new k: key;
(
    {2}!
    {3}!
    {4}in(db, id: tag_id);
    {5}out(db, true)
) | (
    {6}!
    {8}new n: bitstring;
    {9}out(c, Welcome);
    {10}in(c, m: bitstring);
    {7}let k_1: key = k in
    {11}let (w: message,id_1: tag_id) = decrypt(m,k_1) in
    {12}if (w = Welcome) then
    {13}event ReaderEnd(id_1);
    {14}out(db, id_1)
) | (
    {15}!
    {16}new id_2: tag_id;
    {17}!
    {20}in(c, x: message);
    {21}if (x = Welcome) then
    {18}let id_3: tag_id = id_2 in
    {22}event TagStart(id_3);
    {23}new n_1: bitstring;
    {19}let k_2: key = k in
    {24}let m_1: bitstring = encrypt((Welcome,id_3),k_2) in
    {25}out(c, m_1);
    {26}event TagEnd(id_3)
)

-- Query event(ReaderEnd(id_4)) ==> event(TagStart(id_4)) in process 1.
Translating the process into Horn clauses...
Termination warning: Selecting an hypothesis matching the conclusion.
In case of non-termination, try a noselect declaration implying the following one:
   noselect id_4:tag_id; mess(db[],id_4).
Completing...
Starting query event(ReaderEnd(id_4)) ==> event(TagStart(id_4))
goal reachable: b-event(TagStart(id_4)) -> event(ReaderEnd(id_4))
Abbreviations:
id_4 = id_2[!1 = @sid]
RESULT event(ReaderEnd(id_4)) ==> event(TagStart(id_4)) is true.
-- Query event(TagEnd(t1)) && event(TagEnd(t2)) ==> t1 = t2 || (event(TagStart(t1)) && event(TagStart(t2))) in process 1.
Translating the process into Horn clauses...
Termination warning: Selecting an hypothesis matching the conclusion.
In case of non-termination, try a noselect declaration implying the following one:
   noselect id_4:tag_id; mess(db[],id_4).
Completing...
Starting query event(TagEnd(t1)) && event(TagEnd(t2)) ==> t1 = t2 || (event(TagStart(t1)) && event(TagStart(t2)))
goal reachable: b-event(TagStart(id_4)) && b-event(TagStart(id_5)) -> event(TagEnd(id_4)) && event(TagEnd(id_5))
Abbreviations:
id_4 = id_2[!1 = @sid]
id_5 = id_2[!1 = @sid_1]
RESULT event(TagEnd(t1)) && event(TagEnd(t2)) ==> t1 = t2 || (event(TagStart(t1)) && event(TagStart(t2))) is true.
-- Query not event(ReaderEnd(id_4)) in process 1.
Translating the process into Horn clauses...
Termination warning: Selecting an hypothesis matching the conclusion.
In case of non-termination, try a noselect declaration implying the following one:
   noselect id_4:tag_id; mess(db[],id_4).
Completing...
Starting query not event(ReaderEnd(id_4))
goal reachable: event(ReaderEnd(id_4))
Abbreviations:
id_4 = id_2[!1 = @sid]

Derivation:
Abbreviations:
id_4 = id_2[!1 = @sid]

1. The attacker initially knows Welcome[].
attacker(Welcome[]).

2. The message Welcome[] that the attacker may have by 1 may be received at input {20}.
So the message encrypt((Welcome[],id_4),k[]) may be sent to the attacker at output {25}.
attacker(encrypt((Welcome[],id_4),k[])).

3. The message encrypt((Welcome[],id_4),k[]) that the attacker may have by 2 may be received at input {10}.
So event ReaderEnd(id_4) may be executed at {13}.
event(ReaderEnd(id_4)).

4. By 3, event(ReaderEnd(id_4)).
The goal is reached, represented in the following fact:
event(ReaderEnd(id_4)).


A more detailed output of the traces is available with
  set traceDisplay = long.

new k: key creating k_3 at {1}

new id_2: tag_id creating id_5 at {16} in copy a

new n: bitstring creating n_2 at {8} in copy a_1

out(c, ~M) with ~M = Welcome at {9} in copy a_1

in(c, Welcome) at {20} in copy a, a_2

event TagStart(id_5) at {22} in copy a, a_2

new n_1: bitstring creating n_3 at {23} in copy a, a_2

out(c, ~M_1) with ~M_1 = encrypt((Welcome,id_5),k_3) at {25} in copy a, a_2

event TagEnd(id_5) at {26} in copy a, a_2

in(c, ~M_1) with ~M_1 = encrypt((Welcome,id_5),k_3) at {10} in copy a_1

event ReaderEnd(id_5) at {13} in copy a_1 (goal)

The event ReaderEnd(id_5) is executed at {13} in copy a_1.
A trace has been found.
RESULT not event(ReaderEnd(id_4)) is false.
-- Query not event(TagEnd(id_4)) in process 1.
Translating the process into Horn clauses...
Termination warning: Selecting an hypothesis matching the conclusion.
In case of non-termination, try a noselect declaration implying the following one:
   noselect id_4:tag_id; mess(db[],id_4).
Completing...
Starting query not event(TagEnd(id_4))
goal reachable: event(TagEnd(id_4))
Abbreviations:
id_4 = id_2[!1 = @sid]

Derivation:
Abbreviations:
id_4 = id_2[!1 = @sid]

1. The attacker initially knows Welcome[].
attacker(Welcome[]).

2. The message Welcome[] that the attacker may have by 1 may be received at input {20}.
So event TagEnd(id_4) may be executed at {26}.
event(TagEnd(id_4)).

3. By 2, event(TagEnd(id_4)).
The goal is reached, represented in the following fact:
event(TagEnd(id_4)).


A more detailed output of the traces is available with
  set traceDisplay = long.

new k: key creating k_3 at {1}

new id_2: tag_id creating id_5 at {16} in copy a

in(c, Welcome) at {20} in copy a, a_1

event TagStart(id_5) at {22} in copy a, a_1

new n_1: bitstring creating n_2 at {23} in copy a, a_1

out(c, ~M) with ~M = encrypt((Welcome,id_5),k_3) at {25} in copy a, a_1

event TagEnd(id_5) at {26} in copy a, a_1 (goal)

The event TagEnd(id_5) is executed at {26} in copy a, a_1.
A trace has been found.
RESULT not event(TagEnd(id_4)) is false.

--------------------------------------------------------------
Verification summary:

Query event(ReaderEnd(id_4)) ==> event(TagStart(id_4)) is true.

Query event(TagEnd(t1)) && event(TagEnd(t2)) ==> t1 = t2 || (event(TagStart(t1)) && event(TagStart(t2))) is true.

Query not event(ReaderEnd(id_4)) is false.

Query not event(TagEnd(id_4)) is false.

--------------------------------------------------------------
EXIT  : 0 (0s)
        RESULT event(ReaderEnd(id_4)) ==> event(TagStart(id_4)) is true.
        RESULT event(TagEnd(t1)) && event(TagEnd(t2)) ==> t1 = t2 || (event(TagStart(t1)) && event(TagStart(t2))) is true.
        RESULT not event(ReaderEnd(id_4)) is false.
        RESULT not event(TagEnd(id_4)) is false.

----------------------------------------------------------------------
MODEL : Accountability/Traceability/Untraceability.spthy
TOOL  : tamarin
CMD   : tamarin-prover --prove /Users/leo/Documents/Git Projects/An-Executable-Taxonomy-of-Security-Properties-for-ProVerif-and-Tamarin/SecurityProperties/Accountability/Traceability/Untraceability.spthy
maude tool: 'maude'
 checking version: 3.5.1. OK.
 checking installation: OK.
[Theory RFID_Auth] Theory loaded
[Theory RFID_Auth] Theory translated
[Theory RFID_Auth] Derivation checks started
[Theory RFID_Auth] Derivation checks ended
[Theory RFID_Auth] Theory closed
[Saturating Sources] Step 1 (Max 5)
[Saturating Sources] Done
theory RFID_Auth

begin

// Function signature and definition of the equational theory E

functions: fst/1, pair/2, sdec/2, senc/2, snd/1
equations:
    fst(<x.1, x.2>) = x.1,
    sdec(senc(x.1, x.2), x.2) = x.1,
    snd(<x.1, x.2>) = x.2

rule (modulo E) Register_Tag:
   [ Fr( ~id ), Fr( ~k ) ] --[ OnlyOnce( ) ]-> [ !SharedKey( ~id, ~k ) ]

  /* has exactly the trivial AC variant */

rule (modulo E) Reader_1:
   [ ] --[ ReaderStart( ) ]-> [ Out( 'Welcome' ), State_Reader_Wait( ) ]

  /* has exactly the trivial AC variant */

rule (modulo E) Tag_1:
   [ In( 'Welcome' ), !SharedKey( id, k ), Fr( ~n ) ]
  --[ TagStart( id ) ]->
   [ Out( senc(<'Welcome', id>, k) ), TagEnd( id ) ]

  /* has exactly the trivial AC variant */

rule (modulo E) Reader_2:
   [ State_Reader_Wait( ), In( m ), !SharedKey( id, k ) ]
  --[ Eq( sdec(m, k), <'Welcome', id> ), ReaderEnd( id ) ]->
   [ ]

  /*
  rule (modulo AC) Reader_2:
     [ State_Reader_Wait( ), In( m ), !SharedKey( id, k ) ]
    --[ Eq( z, <'Welcome', id> ), ReaderEnd( id ) ]->
     [ ]
    variants (modulo AC)
    1. k     = k.6
       m     = m.7
       z     = sdec(m.7, k.6)
    
    2. k     = k.7
       m     = senc(z.9, k.7)
       z     = z.9
  */

restriction Equality:
  "∀ x y #i. (Eq( x, y ) @ #i) ⇒ (x = y)"
  // safety formula

  /*
  expanded formula:
  "∀ x y #i. (Eq( x, y ) @ #i) ⇒ (x = y)"
  */

restriction OnlyOnce:
  "∀ #i #j. ((OnlyOnce( ) @ #i) ∧ (OnlyOnce( ) @ #j)) ⇒ (#i = #j)"
  // safety formula

  /*
  expanded formula:
  "∀ #i #j. ((OnlyOnce( ) @ #i) ∧ (OnlyOnce( ) @ #j)) ⇒ (#i = #j)"
  */

lemma Authentication:
  all-traces
  "∀ id #i.
    (ReaderEnd( id ) @ #i) ⇒ (∃ #j. (TagStart( id ) @ #j) ∧ (#j < #i))"
/*
guarded formula characterizing all counter-examples:
"∃ id #i.
  (ReaderEnd( id ) @ #i) ∧ ∀ #j. (TagStart( id ) @ #j) ⇒ ¬(#j < #i)"
*/
simplify
solve( State_Reader_Wait( ) ▶₀ #i )
  case Reader_1
  solve( !SharedKey( id, k ) ▶₂ #i )
    case Register_Tag
    solve( !KU( senc(<'Welcome', ~id>, ~k) ) @ #vk )
      case Tag_1
      by contradiction /* from formulas */
    next
      case c_senc
      by solve( !KU( ~k ) @ #vk.2 )
    qed
  qed
qed

lemma Executability:
  exists-trace "∃ id #i. ReaderEnd( id ) @ #i"
/*
guarded formula characterizing all satisfying traces:
"∃ id #i. (ReaderEnd( id ) @ #i)"
*/
simplify
solve( State_Reader_Wait( ) ▶₀ #i )
  case Reader_1
  solve( !SharedKey( id, k ) ▶₂ #i )
    case Register_Tag
    solve( !KU( senc(<'Welcome', ~id>, ~k) ) @ #vk )
      case Tag_1
      SOLVED // trace found
    qed
  qed
qed

/* All wellformedness checks were successful. */

/*
Generated from:
Tamarin version 1.12.0
Maude version 3.5.1
Git revision: UNKNOWN, branch: UNKNOWN
Compiled at: 2026-03-08 09:49:47.765662 UTC
*/

end

==============================================================================
summary of summaries:

analyzed: /Users/leo/Documents/Git Projects/An-Executable-Taxonomy-of-Security-Properties-for-ProVerif-and-Tamarin/SecurityProperties/Accountability/Traceability/Untraceability.spthy

  processing time: 0.07s
  
  Authentication (all-traces): verified (6 steps)
  Executability (exists-trace): verified (5 steps)

==============================================================================
EXIT  : 0 (0s)
        Authentication (all-traces): verified (6 steps)
        Executability (exists-trace): verified (5 steps)

----------------------------------------------------------------------
MODEL : Authentication/Aliveness/Aliveness.pv
TOOL  : proverif
CMD   : proverif /Users/leo/Documents/Git Projects/An-Executable-Taxonomy-of-Security-Properties-for-ProVerif-and-Tamarin/SecurityProperties/Authentication/Aliveness/Aliveness.pv
Process 0 (that is, the initial process):
{1}new skB: key;
{2}let pkB: key = pk(skB) in
{3}out(c, pkB);
(
    {4}!
    {5}new na: bitstring;
    {6}out(c, na);
    {7}in(c, (nb: bitstring,sig: bitstring));
    {8}if (checksign(sig,pkB) = (nb,na)) then
    {9}event end
) | (
    {10}!
    {11}let skB_1: key = skB in
    {12}in(c, na_1: bitstring);
    {13}event start;
    {14}new nb_1: bitstring;
    {15}out(c, (nb_1,sign((nb_1,na_1),skB_1)))
)

--  Process 1 (that is, process 0, with let moved downwards):
{1}new skB: key;
{2}let pkB: key = pk(skB) in
{3}out(c, pkB);
(
    {4}!
    {5}new na: bitstring;
    {6}out(c, na);
    {7}in(c, (nb: bitstring,sig: bitstring));
    {8}if (checksign(sig,pkB) = (nb,na)) then
    {9}event end
) | (
    {10}!
    {12}in(c, na_1: bitstring);
    {13}event start;
    {14}new nb_1: bitstring;
    {11}let skB_1: key = skB in
    {15}out(c, (nb_1,sign((nb_1,na_1),skB_1)))
)

-- Query event(end) ==> event(start) in process 1.
Translating the process into Horn clauses...
Completing...
Starting query event(end) ==> event(start)
goal reachable: b-event(start) -> event(end)
RESULT event(end) ==> event(start) is true.
-- Query not event(end) in process 1.
Translating the process into Horn clauses...
Completing...
Starting query not event(end)
goal reachable: event(end)

Derivation:
Abbreviations:
na_2 = na[!1 = @sid]
nb_2 = nb_1[na_1 = na_2,!1 = @sid_1]

1. The message na_2 may be sent to the attacker at output {6}.
attacker(na_2).

2. The message na_2 that the attacker may have by 1 may be received at input {12}.
So the message (nb_2,sign((nb_2,na_2),skB[])) may be sent to the attacker at output {15}.
attacker((nb_2,sign((nb_2,na_2),skB[]))).

3. By 2, the attacker may know (nb_2,sign((nb_2,na_2),skB[])).
Using the function 2-proj-2-tuple the attacker may obtain sign((nb_2,na_2),skB[]).
attacker(sign((nb_2,na_2),skB[])).

4. By 2, the attacker may know (nb_2,sign((nb_2,na_2),skB[])).
Using the function 1-proj-2-tuple the attacker may obtain nb_2.
attacker(nb_2).

5. By 4, the attacker may know nb_2.
By 3, the attacker may know sign((nb_2,na_2),skB[]).
Using the function 2-tuple the attacker may obtain (nb_2,sign((nb_2,na_2),skB[])).
attacker((nb_2,sign((nb_2,na_2),skB[]))).

6. The message (nb_2,sign((nb_2,na_2),skB[])) that the attacker may have by 5 may be received at input {7}.
So event end may be executed at {9}.
event(end).

7. By 6, event(end).
The goal is reached, represented in the following fact:
event(end).


A more detailed output of the traces is available with
  set traceDisplay = long.

new skB: key creating skB_2 at {1}

out(c, ~M) with ~M = pk(skB_2) at {3}

new na: bitstring creating na_3 at {5} in copy a

out(c, ~M_1) with ~M_1 = na_3 at {6} in copy a

in(c, ~M_1) with ~M_1 = na_3 at {12} in copy a_1

event start at {13} in copy a_1

new nb_1: bitstring creating nb_3 at {14} in copy a_1

out(c, (~M_2,~M_3)) with ~M_2 = nb_3, ~M_3 = sign((nb_3,na_3),skB_2) at {15} in copy a_1

in(c, (~M_2,~M_3)) with ~M_2 = nb_3, ~M_3 = sign((nb_3,na_3),skB_2) at {7} in copy a

event end at {9} in copy a (goal)

The event end is executed at {9} in copy a.
A trace has been found.
RESULT not event(end) is false.

--------------------------------------------------------------
Verification summary:

Query event(end) ==> event(start) is true.

Query not event(end) is false.

--------------------------------------------------------------
EXIT  : 0 (0s)
        RESULT event(end) ==> event(start) is true.
        RESULT not event(end) is false.

----------------------------------------------------------------------
MODEL : Authentication/Aliveness/Aliveness.spthy
TOOL  : tamarin
CMD   : tamarin-prover --prove /Users/leo/Documents/Git Projects/An-Executable-Taxonomy-of-Security-Properties-for-ProVerif-and-Tamarin/SecurityProperties/Authentication/Aliveness/Aliveness.spthy
maude tool: 'maude'
 checking version: 3.5.1. OK.
 checking installation: OK.
[Theory NSLPK3] Theory loaded
[Theory NSLPK3] Theory translated
[Theory NSLPK3] Derivation checks started
[Theory NSLPK3] Derivation checks ended
[Theory NSLPK3] Theory closed
[Saturating Sources] Step 1 (Max 5)
[Saturating Sources] Done
[Saturating Sources] Step 1 (Max 5)
[Saturating Sources] Done
theory NSLPK3

begin

// Function signature and definition of the equational theory E

functions: adec/2, aenc/2, fst/1, pair/2, pk/1, snd/1
equations:
    adec(aenc(x.1, pk(x.2)), x.2) = x.1,
    fst(<x.1, x.2>) = x.1,
    snd(<x.1, x.2>) = x.2

rule (modulo E) Register_pk:
   [ Fr( ~ltkA ) ]
  -->
   [ !Ltk( $A, ~ltkA ), !Pk( $A, pk(~ltkA) ), Out( pk(~ltkA) ) ]

  /* has exactly the trivial AC variant */

rule (modulo E) I_1:
   [ Fr( ~ni ), !Pk( $R, pkR ) ]
  --[
  OUT_I_1( aenc(<'1', ~ni, $I>, pkR) ), Start( $I, $R, <'I', $I, $R, ~ni> )
  ]->
   [ Out( aenc(<'1', ~ni, $I>, pkR) ), St_I_1( $I, $R, ~ni ) ]

  /* has exactly the trivial AC variant */

rule (modulo E) R_1:
   [
   !Ltk( $R, ltkR ), In( aenc(<'1', ni, I>, pk(ltkR)) ), !Pk( I, pkI ),
   Fr( ~nr )
   ]
  --[
  IN_R_1_ni( ni, aenc(<'1', ni, I>, pk(ltkR)) ),
  OUT_R_1( aenc(<'2', ni, ~nr, $R>, pkI) ),
  Start( $R, I, <'R', I, $R, ni> )
  ]->
   [ Out( aenc(<'2', ni, ~nr, $R>, pkI) ), St_R_1( $R, I, ni, ~nr ) ]

  /* has exactly the trivial AC variant */

rule (modulo E) I_2:
   [
   St_I_1( I, R, ni ), !Ltk( I, ltkI ),
   In( aenc(<'2', ni, nr, R>, pk(ltkI)) ), !Pk( R, pkR )
   ]
  --[
  IN_I_2_nr( nr, aenc(<'2', ni, nr, R>, pk(ltkI)) ),
  End( I, R, <'I', I, R, ni, nr> )
  ]->
   [ Out( aenc(<'3', nr>, pkR) ), Secret( I, R, nr ), Secret( I, R, ni ) ]

  /* has exactly the trivial AC variant */

rule (modulo E) R_2:
   [
   St_R_1( R, I, ni, nr ), !Ltk( R, ltkR ), In( aenc(<'3', nr>, pk(ltkR)) )
   ]
  --[ End( R, I, <'R', I, R, ni, nr> ) ]->
   [ Secret( R, I, nr ), Secret( R, I, ni ) ]

  /* has exactly the trivial AC variant */

rule (modulo E) Secrecy_claim:
   [ Secret( A, B, m ) ] --[ Secret( A, B, m ) ]-> [ ]

  /* has exactly the trivial AC variant */

lemma types [sources]:
  all-traces
  "(∀ ni m1 #i.
     (IN_R_1_ni( ni, m1 ) @ #i) ⇒
     ((∃ #j. (!KU( ni ) @ #j) ∧ (#j < #i)) ∨ (∃ #j. OUT_I_1( m1 ) @ #j))) ∧
   (∀ nr m2 #i.
     (IN_I_2_nr( nr, m2 ) @ #i) ⇒
     ((∃ #j. (!KU( nr ) @ #j) ∧ (#j < #i)) ∨ (∃ #j. OUT_R_1( m2 ) @ #j)))"
/*
guarded formula characterizing all counter-examples:
"((∃ ni m1 #i.
    (IN_R_1_ni( ni, m1 ) @ #i)
   ∧
    (∀ #j. (!KU( ni ) @ #j) ⇒ ¬(#j < #i)) ∧
    (∀ #j. (OUT_I_1( m1 ) @ #j) ⇒ ⊥)) ∨
  (∃ nr m2 #i.
    (IN_I_2_nr( nr, m2 ) @ #i)
   ∧
    (∀ #j. (!KU( nr ) @ #j) ⇒ ¬(#j < #i)) ∧
    (∀ #j. (OUT_R_1( m2 ) @ #j) ⇒ ⊥)))"
*/
induction
  case empty_trace
  by contradiction /* from formulas */
next
  case non_empty_trace
  solve( (∃ ni m1 #i.
           (IN_R_1_ni( ni, m1 ) @ #i)
          ∧
           (∀ #j. (!KU( ni ) @ #j) ⇒ ¬(#j < #i)) ∧
           (∀ #j. (OUT_I_1( m1 ) @ #j) ⇒ ⊥))  ∥
         (∃ nr m2 #i.
           (IN_I_2_nr( nr, m2 ) @ #i)
          ∧
           (∀ #j. (!KU( nr ) @ #j) ⇒ ¬(#j < #i)) ∧
           (∀ #j. (OUT_R_1( m2 ) @ #j) ⇒ ⊥)) )
    case case_1
    solve( (last(#i))  ∥
           (∃ #j. (!KU( ni ) @ #j) ∧ (¬(last(#j))) ∧ (#j < #i))  ∥
           (∃ #j. (OUT_I_1( aenc(<'1', ni, I>, pk(ltkR)) ) @ #j) ∧ ¬(last(#j))) )
      case case_1
      solve( !Ltk( $R, ltkR ) ▶₀ #i )
        case Register_pk
        solve( !Pk( I, pkI ) ▶₂ #i )
          case Register_pk
          solve( !KU( aenc(<'1', ni, $A>, pk(~ltkA)) ) @ #vk )
            case I_1
            by contradiction /* from formulas */
          next
            case I_2
            solve( (∃ #j. (!KU( nr.1 ) @ #j) ∧ (¬(last(#j))) ∧ (#j < #vr.2))  ∥
                   (∃ #j.
                     (OUT_R_1( aenc(<'2', ~ni.1, nr.1, $R.1>, pk(~ltkA.3)) ) @ #j)
                    ∧
                     ¬(last(#j))) )
              case case_1
              by contradiction /* cyclic */
            next
              case case_2
              by contradiction /* impossible chain */
            qed
          next
            case R_1
            solve( (∃ #j. (!KU( ni.1 ) @ #j) ∧ (¬(last(#j))) ∧ (#j < #vr.2))  ∥
                   (∃ #j.
                     (OUT_I_1( aenc(<'1', ni.1, $A.1>, pk(~ltkA.3)) ) @ #j) ∧ ¬(last(#j))) )
              case case_1
              by contradiction /* cyclic */
            next
              case case_2
              by contradiction /* impossible chain */
            qed
          next
            case c_aenc
            by contradiction /* from formulas */
          qed
        qed
      qed
    next
      case case_2
      by contradiction /* from formulas */
    next
      case case_3
      by contradiction /* from formulas */
    qed
  next
    case case_2
    solve( (last(#i))  ∥
           (∃ #j. (!KU( nr ) @ #j) ∧ (¬(last(#j))) ∧ (#j < #i))  ∥
           (∃ #j.
             (OUT_R_1( aenc(<'2', ni, nr, R>, pk(ltkI)) ) @ #j) ∧ ¬(last(#j))) )
      case case_1
      solve( St_I_1( I, R, ni ) ▶₀ #i )
        case I_1
        solve( !Ltk( $I, ltkI ) ▶₁ #i )
          case Register_pk
          solve( !Pk( $R, pkR ) ▶₃ #i )
            case Register_pk
            solve( !KU( aenc(<'2', ~ni, nr, $R>, pk(~ltkA)) ) @ #vk )
              case I_2
              solve( (∃ #j. (!KU( nr.1 ) @ #j) ∧ (¬(last(#j))) ∧ (#j < #vr.4))  ∥
                     (∃ #j.
                       (OUT_R_1( aenc(<'2', ~ni.1, nr.1, $R.1>, pk(~ltkA.4)) ) @ #j)
                      ∧
                       ¬(last(#j))) )
                case case_1
                by contradiction /* cyclic */
              next
                case case_2
                by contradiction /* impossible chain */
              qed
            next
              case R_1_case_1
              by contradiction /* from formulas */
            next
              case R_1_case_2
              solve( (∃ #j. (!KU( ni.1 ) @ #j) ∧ (¬(last(#j))) ∧ (#j < #vr.4))  ∥
                     (∃ #j.
                       (OUT_I_1( aenc(<'1', ni.1, $A>, pk(~ltkA.4)) ) @ #j) ∧ ¬(last(#j))) )
                case case_1
                by contradiction /* cyclic */
              next
                case case_2
                by contradiction /* impossible chain */
              qed
            next
              case c_aenc
              by contradiction /* from formulas */
            qed
          qed
        qed
      qed
    next
      case case_2
      by contradiction /* from formulas */
    next
      case case_3
      by contradiction /* from formulas */
    qed
  qed
qed

lemma aliveness:
  all-traces
  "∀ A B t #i. (End( A, B, t ) @ #i) ⇒ (∃ C t2 #j. Start( B, C, t2 ) @ #j)"
/*
guarded formula characterizing all counter-examples:
"∃ A B t #i.
  (End( A, B, t ) @ #i) ∧ ∀ C t2 #j. (Start( B, C, t2 ) @ #j) ⇒ ⊥"
*/
simplify
solve( End( A, B, t ) @ #i )
  case I_2
  solve( St_I_1( A, B, ni ) ▶₀ #i )
    case I_1
    solve( !Ltk( $I, ltkI ) ▶₁ #i )
      case Register_pk
      solve( !Pk( $R, pkR ) ▶₃ #i )
        case Register_pk
        solve( !KU( aenc(<'2', ~ni, nr, $R>, pk(~ltkA)) ) @ #vk )
          case R_1
          by contradiction /* from formulas */
        next
          case c_aenc
          solve( !KU( ~ni ) @ #vk.5 )
            case I_1
            by solve( !KU( ~ltkA.2 ) @ #vk.9 )
          next
            case R_1
            by contradiction /* from formulas */
          qed
        qed
      qed
    qed
  qed
next
  case R_2
  solve( St_R_1( A, B, ni, nr ) ▶₀ #i )
    case R_1
    solve( !Ltk( $R, ltkR ) ▶₁ #i )
      case Register_pk
      solve( !KU( aenc(<'3', ~nr>, pk(~ltkA)) ) @ #vk )
        case I_2
        solve( !KU( aenc(<'1', ni, $A>, pk(~ltkA.1)) ) @ #vk.1 )
          case I_1
          by contradiction /* from formulas */
        next
          case c_aenc
          solve( !KU( aenc(<'2', ~ni.1, ~nr, $R>, pk(~ltkA.3)) ) @ #vk.2 )
            case R_1
            by contradiction /* from formulas */
          next
            case c_aenc
            solve( !KU( ~ni.1 ) @ #vk.13 )
              case I_1
              solve( !KU( ~nr ) @ #vk.15 )
                case I_2
                by contradiction /* from formulas */
              next
                case R_1
                by solve( !KU( ~ltkA.3 ) @ #vk.17 )
              qed
            next
              case R_1
              solve( !KU( ~nr ) @ #vk.15 )
                case I_2
                by contradiction /* from formulas */
              next
                case R_1
                by solve( !KU( ~ltkA.3 ) @ #vk.18 )
              qed
            qed
          qed
        qed
      next
        case c_aenc
        solve( !KU( ~nr ) @ #vk.5 )
          case I_2
          by contradiction /* from formulas */
        next
          case R_1
          by solve( !KU( ~ltkA.2 ) @ #vk.6 )
        qed
      qed
    qed
  qed
qed

/* All wellformedness checks were successful. */

/*
Generated from:
Tamarin version 1.12.0
Maude version 3.5.1
Git revision: UNKNOWN, branch: UNKNOWN
Compiled at: 2026-03-08 09:49:47.765662 UTC
*/

end

==============================================================================
summary of summaries:

analyzed: /Users/leo/Documents/Git Projects/An-Executable-Taxonomy-of-Security-Properties-for-ProVerif-and-Tamarin/SecurityProperties/Authentication/Aliveness/Aliveness.spthy

  processing time: 0.42s
  
  types (all-traces): verified (32 steps)
  aliveness (all-traces): verified (27 steps)

==============================================================================
EXIT  : 0 (1s)
        types (all-traces): verified (32 steps)
        aliveness (all-traces): verified (27 steps)

----------------------------------------------------------------------
MODEL : Authentication/InjectiveAgreement/InjectiveAgreement.pv
TOOL  : proverif
CMD   : proverif /Users/leo/Documents/Git Projects/An-Executable-Taxonomy-of-Security-Properties-for-ProVerif-and-Tamarin/SecurityProperties/Authentication/InjectiveAgreement/InjectiveAgreement.pv
Process 0 (that is, the initial process):
{1}new skA: skey;
{2}let pkA: pkey = pk(skA) in
{3}out(c, pkA);
{4}insert keys(A,pkA);
{5}new skB: skey;
{6}let pkB: pkey = pk(skB) in
{7}out(c, pkB);
{8}insert keys(B,pkB);
{9}new skS: sskey;
{10}let pkS: spkey = spk(skS) in
{11}out(c, pkS);
(
    {12}!
    {13}let skA_1: skey = skA in
    {14}let skB_1: skey = skB in
    {15}in(c, (xA: host,hostX: host));
    {16}if ((xA = A) || (xA = B)) then
    {17}let skxA: skey = (if (xA = A) then skA_1 else skB_1) in
    {18}let pkxA: pkey = pk(skxA) in
    {19}out(c, (xA,hostX));
    {20}in(c, ms: bitstring);
    {21}let (pkX: pkey,=hostX) = checksign(ms,pkS) in
    {22}new Na: nonce;
    {23}let m3: bitstring = encrypt((Na,xA),pkX) in
    {24}out(c, m3);
    {25}in(c, m: bitstring);
    {26}let (=Na,NX2: nonce,=hostX) = decrypt(m,skxA) in
    {27}let m7: bitstring = encrypt(NX2,pkX) in
    {28}event end(xA,hostX,(m3,m));
    {29}event acceptsI(xA,hostX,(m3,m,m7));
    {30}out(c, (m7,messtermI(xA,hostX)))
) | (
    {31}!
    {32}let skA_2: skey = skA in
    {33}let skB_2: skey = skB in
    {34}in(c, xB: host);
    {35}if ((xB = A) || (xB = B)) then
    {36}let skxB: skey = (if (xB = A) then skA_2 else skB_2) in
    {37}let pkxB: pkey = pk(skxB) in
    {38}in(c, m_1: bitstring);
    {39}let (NY: nonce,hostY: host) = decrypt(m_1,skxB) in
    {40}out(c, (xB,hostY));
    {41}in(c, ms_1: bitstring);
    {42}let (pkY: pkey,=hostY) = checksign(ms_1,pkS) in
    {43}new Nb: nonce;
    {44}let m6: bitstring = encrypt((NY,Nb,xB),pkY) in
    {45}event start(xB,hostY,(m_1,m6));
    {46}out(c, m6);
    {47}in(c, m3_1: bitstring);
    {48}if (Nb = decrypt(m3_1,skB_2)) then
    {49}event termR(hostY,xB,(m_1,m6,m3_1));
    {50}out(c, messtermR(hostY,xB))
) | (
    {51}!
    {52}let skS_1: sskey = skS in
    {53}in(c, (a: host,b: host));
    {55}get keys(=b,sb: pkey) in
    {54}out(c, sign((sb,b),skS_1))
) | (
    {56}!
    {57}in(c, (h: host,k: pkey));
    {58}if ((h ≠ A) && (h ≠ B)) then
    {59}insert keys(h,k)
)

--  Process 1 (that is, process 0, with let moved downwards):
{1}new skA: skey;
{2}let pkA: pkey = pk(skA) in
{3}out(c, pkA);
{4}insert keys(A,pkA);
{5}new skB: skey;
{6}let pkB: pkey = pk(skB) in
{7}out(c, pkB);
{8}insert keys(B,pkB);
{9}new skS: sskey;
{10}let pkS: spkey = spk(skS) in
{11}out(c, pkS);
(
    {12}!
    {15}in(c, (xA: host,hostX: host));
    {16}if ((xA = A) || (xA = B)) then
    {19}out(c, (xA,hostX));
    {20}in(c, ms: bitstring);
    {21}let (pkX: pkey,=hostX) = checksign(ms,pkS) in
    {22}new Na: nonce;
    {23}let m3: bitstring = encrypt((Na,xA),pkX) in
    {24}out(c, m3);
    {25}in(c, m: bitstring);
    {14}let skB_1: skey = skB in
    {13}let skA_1: skey = skA in
    {17}let skxA: skey = (if (xA = A) then skA_1 else skB_1) in
    {26}let (=Na,NX2: nonce,=hostX) = decrypt(m,skxA) in
    {28}event end(xA,hostX,(m3,m));
    {27}let m7: bitstring = encrypt(NX2,pkX) in
    {29}event acceptsI(xA,hostX,(m3,m,m7));
    {30}out(c, (m7,messtermI(xA,hostX)))
) | (
    {31}!
    {34}in(c, xB: host);
    {35}if ((xB = A) || (xB = B)) then
    {38}in(c, m_1: bitstring);
    {33}let skB_2: skey = skB in
    {32}let skA_2: skey = skA in
    {36}let skxB: skey = (if (xB = A) then skA_2 else skB_2) in
    {39}let (NY: nonce,hostY: host) = decrypt(m_1,skxB) in
    {40}out(c, (xB,hostY));
    {41}in(c, ms_1: bitstring);
    {42}let (pkY: pkey,=hostY) = checksign(ms_1,pkS) in
    {43}new Nb: nonce;
    {44}let m6: bitstring = encrypt((NY,Nb,xB),pkY) in
    {45}event start(xB,hostY,(m_1,m6));
    {46}out(c, m6);
    {47}in(c, m3_1: bitstring);
    {48}if (Nb = decrypt(m3_1,skB_2)) then
    {49}event termR(hostY,xB,(m_1,m6,m3_1));
    {50}out(c, messtermR(hostY,xB))
) | (
    {51}!
    {53}in(c, (a: host,b: host));
    {55}get keys(=b,sb: pkey) in
    {52}let skS_1: sskey = skS in
    {54}out(c, sign((sb,b),skS_1))
) | (
    {56}!
    {57}in(c, (h: host,k: pkey));
    {58}if ((h ≠ A) && (h ≠ B)) then
    {59}insert keys(h,k)
)

-- Query inj-event(end(x,B[],m_2)) ==> inj-event(start(B[],x,m_2)) in process 1.
Translating the process into Horn clauses...
Completing...
ok, secrecy assumption verified: fact unreachable attacker(skA[])
ok, secrecy assumption verified: fact unreachable attacker(skB[])
ok, secrecy assumption verified: fact unreachable attacker(skS[])
Starting query inj-event(end(x,B[],m_2)) ==> inj-event(start(B[],x,m_2))
goal reachable: b-inj-event(start(B[],B[],(encrypt((Na_1,B[]),pk(skB[])),encrypt((Na_1,Nb_1,B[]),pk(skB[])))),@occ45_1) -> inj-event(end(B[],B[],(encrypt((Na_1,B[]),pk(skB[])),encrypt((Na_1,Nb_1,B[]),pk(skB[])))),@occ28_1)
The hypothesis occurs strictly before the conclusion.
Abbreviations:
Na_1 = Na[ms = sign((pk(skB[]),B[]),skS[]),hostX = B[],xA = B[],!1 = @sid]
Nb_1 = Nb[ms_1 = sign((pk(skB[]),B[]),skS[]),m_1 = encrypt((Na_1,B[]),pk(skB[])),xB = B[],!1 = @sid_1]
@occ28_1 = @occ28[m = encrypt((Na_1,Nb_1,B[]),pk(skB[])),ms = sign((pk(skB[]),B[]),skS[]),hostX = B[],xA = B[],!1 = @sid]
@occ45_1 = @occ45[ms_1 = sign((pk(skB[]),B[]),skS[]),m_1 = encrypt((Na_1,B[]),pk(skB[])),xB = B[],!1 = @sid_1]
goal reachable: b-inj-event(start(B[],A[],(encrypt((Na_1,A[]),pk(skB[])),encrypt((Na_1,Nb_1,B[]),pk(skA[])))),@occ45_1) -> inj-event(end(A[],B[],(encrypt((Na_1,A[]),pk(skB[])),encrypt((Na_1,Nb_1,B[]),pk(skA[])))),@occ28_1)
The hypothesis occurs strictly before the conclusion.
Abbreviations:
Na_1 = Na[ms = sign((pk(skB[]),B[]),skS[]),hostX = B[],xA = A[],!1 = @sid]
Nb_1 = Nb[ms_1 = sign((pk(skA[]),A[]),skS[]),m_1 = encrypt((Na_1,A[]),pk(skB[])),xB = B[],!1 = @sid_1]
@occ28_1 = @occ28[m = encrypt((Na_1,Nb_1,B[]),pk(skA[])),ms = sign((pk(skB[]),B[]),skS[]),hostX = B[],xA = A[],!1 = @sid]
@occ45_1 = @occ45[ms_1 = sign((pk(skA[]),A[]),skS[]),m_1 = encrypt((Na_1,A[]),pk(skB[])),xB = B[],!1 = @sid_1]
RESULT inj-event(end(x,B[],m_2)) ==> inj-event(start(B[],x,m_2)) is true.
-- Query not event(end(x,y,m_2)) in process 1.
Translating the process into Horn clauses...
Completing...
ok, secrecy assumption verified: fact unreachable attacker(skA[])
ok, secrecy assumption verified: fact unreachable attacker(skB[])
ok, secrecy assumption verified: fact unreachable attacker(skS[])
Starting query not event(end(x,y,m_2))
goal reachable: y ≠ B[] && y ≠ A[] && attacker(NX2_1) && attacker(y_1) && attacker(y) -> event(end(B[],y,(encrypt((Na_1,B[]),pk(y_1)),encrypt((Na_1,NX2_1,y),pk(skB[])))))
Abbreviations:
Na_1 = Na[ms = sign((pk(y_1),y),skS[]),hostX = y,xA = B[],!1 = @sid]

Derivation:
Abbreviations:
Na_1 = Na[ms = sign((pk(y),y_1),skS[]),hostX = y_1,xA = B[],!1 = @sid]

1. We assume as hypothesis that
attacker(y_1).

2. The attacker initially knows B[].
attacker(B[]).

3. By 2, the attacker may know B[].
By 1, the attacker may know y_1.
Using the function 2-tuple the attacker may obtain (B[],y_1).
attacker((B[],y_1)).

4. The attacker has some term a_1.
attacker(a_1).

5. By 4, the attacker may know a_1.
By 1, the attacker may know y_1.
Using the function 2-tuple the attacker may obtain (a_1,y_1).
attacker((a_1,y_1)).

6. We assume as hypothesis that
attacker(y).

7. By 6, the attacker may know y.
Using the function pk the attacker may obtain pk(y).
attacker(pk(y)).

8. By 1, the attacker may know y_1.
By 7, the attacker may know pk(y).
Using the function 2-tuple the attacker may obtain (y_1,pk(y)).
attacker((y_1,pk(y))).

9. The message (y_1,pk(y)) that the attacker may have by 8 may be received at input {57}.
We have y_1 ≠ B[] && y_1 ≠ A[].
So the entry keys(y_1,pk(y)) may be inserted in a table at insert {59}.
table(keys(y_1,pk(y))).

10. The message (a_1,y_1) that the attacker may have by 5 may be received at input {53}.
The entry keys(y_1,pk(y)) that may be in a table by 9 may be read at get {55}.
So the message sign((pk(y),y_1),skS[]) may be sent to the attacker at output {54}.
attacker(sign((pk(y),y_1),skS[])).

11. The message pk(skB[]) may be sent to the attacker at output {7}.
attacker(pk(skB[])).

12. We assume as hypothesis that
attacker(NX2_1).

13. The message (B[],y_1) that the attacker may have by 3 may be received at input {15}.
The message sign((pk(y),y_1),skS[]) that the attacker may have by 10 may be received at input {20}.
So the message encrypt((Na_1,B[]),pk(y)) may be sent to the attacker at output {24}.
attacker(encrypt((Na_1,B[]),pk(y))).

14. By 13, the attacker may know encrypt((Na_1,B[]),pk(y)).
By 6, the attacker may know y.
Using the function decrypt the attacker may obtain (Na_1,B[]).
attacker((Na_1,B[])).

15. By 14, the attacker may know (Na_1,B[]).
Using the function 1-proj-2-tuple the attacker may obtain Na_1.
attacker(Na_1).

16. By 15, the attacker may know Na_1.
By 12, the attacker may know NX2_1.
By 1, the attacker may know y_1.
Using the function 3-tuple the attacker may obtain (Na_1,NX2_1,y_1).
attacker((Na_1,NX2_1,y_1)).

17. By 16, the attacker may know (Na_1,NX2_1,y_1).
By 11, the attacker may know pk(skB[]).
Using the function encrypt the attacker may obtain encrypt((Na_1,NX2_1,y_1),pk(skB[])).
attacker(encrypt((Na_1,NX2_1,y_1),pk(skB[]))).

18. The message (B[],y_1) that the attacker may have by 3 may be received at input {15}.
The message sign((pk(y),y_1),skS[]) that the attacker may have by 10 may be received at input {20}.
The message encrypt((Na_1,NX2_1,y_1),pk(skB[])) that the attacker may have by 17 may be received at input {25}.
So event end(B[],y_1,(encrypt((Na_1,B[]),pk(y)),encrypt((Na_1,NX2_1,y_1),pk(skB[])))) may be executed at {28}.
event(end(B[],y_1,(encrypt((Na_1,B[]),pk(y)),encrypt((Na_1,NX2_1,y_1),pk(skB[]))))).

19. By 18, event(end(B[],y_1,(encrypt((Na_1,B[]),pk(y)),encrypt((Na_1,NX2_1,y_1),pk(skB[]))))).
The goal is reached, represented in the following fact:
event(end(B[],y_1,(encrypt((Na_1,B[]),pk(y)),encrypt((Na_1,NX2_1,y_1),pk(skB[]))))).


A more detailed output of the traces is available with
  set traceDisplay = long.

new skA: skey creating skA_3 at {1}

out(c, ~M) with ~M = pk(skA_3) at {3}

insert keys(A,pk(skA_3)) at {4}

new skB: skey creating skB_3 at {5}

out(c, ~M_1) with ~M_1 = pk(skB_3) at {7}

insert keys(B,pk(skB_3)) at {8}

new skS: sskey creating skS_2 at {9}

out(c, ~M_2) with ~M_2 = spk(skS_2) at {11}

in(c, (B,a_2)) at {15} in copy a_3

out(c, (~M_3,~M_4)) with ~M_3 = B, ~M_4 = a_2 at {19} in copy a_3

in(c, (a_4,a_2)) at {53} in copy a_5

in(c, (a_2,pk(a_6))) at {57} in copy a_7

insert keys(a_2,pk(a_6)) at {59} in copy a_7

get keys(a_2,pk(a_6)) at {55} in copy a_5

out(c, ~M_5) with ~M_5 = sign((pk(a_6),a_2),skS_2) at {54} in copy a_5

in(c, ~M_5) with ~M_5 = sign((pk(a_6),a_2),skS_2) at {20} in copy a_3

new Na: nonce creating Na_2 at {22} in copy a_3

out(c, ~M_6) with ~M_6 = encrypt((Na_2,B),pk(a_6)) at {24} in copy a_3

in(c, encrypt((1-proj-2-tuple(decrypt(~M_6,a_6)),a_8,a_2),~M_1)) with encrypt((1-proj-2-tuple(decrypt(~M_6,a_6)),a_8,a_2),~M_1) = encrypt((Na_2,a_8,a_2),pk(skB_3)) at {25} in copy a_3

event end(B,a_2,(encrypt((Na_2,B),pk(a_6)),encrypt((Na_2,a_8,a_2),pk(skB_3)))) at {28} in copy a_3 (goal)

The event end(B,a_2,(encrypt((Na_2,B),pk(a_6)),encrypt((Na_2,a_8,a_2),pk(skB_3)))) is executed at {28} in copy a_3.
A trace has been found.
RESULT not event(end(x,y,m_2)) is false.

--------------------------------------------------------------
Verification summary:

Query inj-event(end(x,B[],m_2)) ==> inj-event(start(B[],x,m_2)) is true.

Query not event(end(x,y,m_2)) is false.

--------------------------------------------------------------
EXIT  : 0 (0s)
        RESULT inj-event(end(x,B[],m_2)) ==> inj-event(start(B[],x,m_2)) is true.
        RESULT not event(end(x,y,m_2)) is false.

----------------------------------------------------------------------
MODEL : Authentication/InjectiveAgreement/InjectiveAgreement.spthy
TOOL  : tamarin
CMD   : tamarin-prover --prove /Users/leo/Documents/Git Projects/An-Executable-Taxonomy-of-Security-Properties-for-ProVerif-and-Tamarin/SecurityProperties/Authentication/InjectiveAgreement/InjectiveAgreement.spthy
maude tool: 'maude'
 checking version: 3.5.1. OK.
 checking installation: OK.
[Theory NSLPK3] Theory loaded
[Theory NSLPK3] Theory translated
[Theory NSLPK3] Derivation checks started
[Theory NSLPK3] Derivation checks ended
[Theory NSLPK3] Theory closed
[Saturating Sources] Step 1 (Max 5)
[Saturating Sources] Done
[Saturating Sources] Step 1 (Max 5)
[Saturating Sources] Done
theory NSLPK3

begin

// Function signature and definition of the equational theory E

functions: adec/2, aenc/2, fst/1, pair/2, pk/1, snd/1
equations:
    adec(aenc(x.1, pk(x.2)), x.2) = x.1,
    fst(<x.1, x.2>) = x.1,
    snd(<x.1, x.2>) = x.2

rule (modulo E) Register_pk:
   [ Fr( ~ltkA ) ]
  -->
   [ !Ltk( $A, ~ltkA ), !Pk( $A, pk(~ltkA) ), Out( pk(~ltkA) ) ]

  /* has exactly the trivial AC variant */

rule (modulo E) I_1:
   [ Fr( ~ni ), !Pk( $R, pkR ) ]
  --[ OUT_I_1( aenc(<'1', ~ni, $I>, pkR) ) ]->
   [ Out( aenc(<'1', ~ni, $I>, pkR) ), St_I_1( $I, $R, ~ni ) ]

  /* has exactly the trivial AC variant */

rule (modulo E) R_1:
   [
   !Ltk( $R, ltkR ), In( aenc(<'1', ni, I>, pk(ltkR)) ), !Pk( I, pkI ),
   Fr( ~nr )
   ]
  --[
  IN_R_1_ni( ni, aenc(<'1', ni, I>, pk(ltkR)) ),
  OUT_R_1( aenc(<'2', ni, ~nr, $R>, pkI) ),
  Start( I, $R, <'init', ni, ~nr> ), Create( I )
  ]->
   [ Out( aenc(<'2', ni, ~nr, $R>, pkI) ), St_R_1( $R, I, ni, ~nr ) ]

  /* has exactly the trivial AC variant */

rule (modulo E) I_2:
   [
   St_I_1( I, R, ni ), !Ltk( I, ltkI ),
   In( aenc(<'2', ni, nr, R>, pk(ltkI)) ), !Pk( R, pkR )
   ]
  --[
  IN_I_2_nr( nr, aenc(<'2', ni, nr, R>, pk(ltkI)) ),
  Start( R, I, <'resp', ni, nr> )
  ]->
   [ Out( aenc(<'3', nr>, pkR) ), Secret( I, R, nr ), Secret( I, R, ni ) ]

  /* has exactly the trivial AC variant */

rule (modulo E) R_2:
   [
   St_R_1( R, I, ni, nr ), !Ltk( R, ltkR ), In( aenc(<'3', nr>, pk(ltkR)) )
   ]
  --[ End( R, I, <'resp', ni, nr> ) ]->
   [ Secret( R, I, nr ), Secret( R, I, ni ) ]

  /* has exactly the trivial AC variant */

rule (modulo E) Secrecy_claim:
   [ Secret( A, B, m ) ] --[ Secret( A, B, m ) ]-> [ ]

  /* has exactly the trivial AC variant */

lemma types [sources]:
  all-traces
  "(∀ ni m1 #i.
     (IN_R_1_ni( ni, m1 ) @ #i) ⇒
     ((∃ #j. (!KU( ni ) @ #j) ∧ (#j < #i)) ∨ (∃ #j. OUT_I_1( m1 ) @ #j))) ∧
   (∀ nr m2 #i.
     (IN_I_2_nr( nr, m2 ) @ #i) ⇒
     ((∃ #j. (!KU( nr ) @ #j) ∧ (#j < #i)) ∨ (∃ #j. OUT_R_1( m2 ) @ #j)))"
/*
guarded formula characterizing all counter-examples:
"((∃ ni m1 #i.
    (IN_R_1_ni( ni, m1 ) @ #i)
   ∧
    (∀ #j. (!KU( ni ) @ #j) ⇒ ¬(#j < #i)) ∧
    (∀ #j. (OUT_I_1( m1 ) @ #j) ⇒ ⊥)) ∨
  (∃ nr m2 #i.
    (IN_I_2_nr( nr, m2 ) @ #i)
   ∧
    (∀ #j. (!KU( nr ) @ #j) ⇒ ¬(#j < #i)) ∧
    (∀ #j. (OUT_R_1( m2 ) @ #j) ⇒ ⊥)))"
*/
induction
  case empty_trace
  by contradiction /* from formulas */
next
  case non_empty_trace
  solve( (∃ ni m1 #i.
           (IN_R_1_ni( ni, m1 ) @ #i)
          ∧
           (∀ #j. (!KU( ni ) @ #j) ⇒ ¬(#j < #i)) ∧
           (∀ #j. (OUT_I_1( m1 ) @ #j) ⇒ ⊥))  ∥
         (∃ nr m2 #i.
           (IN_I_2_nr( nr, m2 ) @ #i)
          ∧
           (∀ #j. (!KU( nr ) @ #j) ⇒ ¬(#j < #i)) ∧
           (∀ #j. (OUT_R_1( m2 ) @ #j) ⇒ ⊥)) )
    case case_1
    solve( (last(#i))  ∥
           (∃ #j. (!KU( ni ) @ #j) ∧ (¬(last(#j))) ∧ (#j < #i))  ∥
           (∃ #j. (OUT_I_1( aenc(<'1', ni, I>, pk(ltkR)) ) @ #j) ∧ ¬(last(#j))) )
      case case_1
      solve( !Ltk( $R, ltkR ) ▶₀ #i )
        case Register_pk
        solve( !Pk( I, pkI ) ▶₂ #i )
          case Register_pk
          solve( !KU( aenc(<'1', ni, $A>, pk(~ltkA)) ) @ #vk )
            case I_1
            by contradiction /* from formulas */
          next
            case I_2
            solve( (∃ #j. (!KU( nr.1 ) @ #j) ∧ (¬(last(#j))) ∧ (#j < #vr.2))  ∥
                   (∃ #j.
                     (OUT_R_1( aenc(<'2', ~ni.1, nr.1, $R.1>, pk(~ltkA.3)) ) @ #j)
                    ∧
                     ¬(last(#j))) )
              case case_1
              by contradiction /* cyclic */
            next
              case case_2
              by contradiction /* impossible chain */
            qed
          next
            case R_1
            solve( (∃ #j. (!KU( ni.1 ) @ #j) ∧ (¬(last(#j))) ∧ (#j < #vr.2))  ∥
                   (∃ #j.
                     (OUT_I_1( aenc(<'1', ni.1, $A.1>, pk(~ltkA.3)) ) @ #j) ∧ ¬(last(#j))) )
              case case_1
              by contradiction /* cyclic */
            next
              case case_2
              by contradiction /* impossible chain */
            qed
          next
            case c_aenc
            by contradiction /* from formulas */
          qed
        qed
      qed
    next
      case case_2
      by contradiction /* from formulas */
    next
      case case_3
      by contradiction /* from formulas */
    qed
  next
    case case_2
    solve( (last(#i))  ∥
           (∃ #j. (!KU( nr ) @ #j) ∧ (¬(last(#j))) ∧ (#j < #i))  ∥
           (∃ #j.
             (OUT_R_1( aenc(<'2', ni, nr, R>, pk(ltkI)) ) @ #j) ∧ ¬(last(#j))) )
      case case_1
      solve( St_I_1( I, R, ni ) ▶₀ #i )
        case I_1
        solve( !Ltk( $I, ltkI ) ▶₁ #i )
          case Register_pk
          solve( !Pk( $R, pkR ) ▶₃ #i )
            case Register_pk
            solve( !KU( aenc(<'2', ~ni, nr, $R>, pk(~ltkA)) ) @ #vk )
              case I_2
              solve( (∃ #j. (!KU( nr.1 ) @ #j) ∧ (¬(last(#j))) ∧ (#j < #vr.4))  ∥
                     (∃ #j.
                       (OUT_R_1( aenc(<'2', ~ni.1, nr.1, $R.1>, pk(~ltkA.4)) ) @ #j)
                      ∧
                       ¬(last(#j))) )
                case case_1
                by contradiction /* cyclic */
              next
                case case_2
                by contradiction /* impossible chain */
              qed
            next
              case R_1_case_1
              by contradiction /* from formulas */
            next
              case R_1_case_2
              solve( (∃ #j. (!KU( ni.1 ) @ #j) ∧ (¬(last(#j))) ∧ (#j < #vr.4))  ∥
                     (∃ #j.
                       (OUT_I_1( aenc(<'1', ni.1, $A>, pk(~ltkA.4)) ) @ #j) ∧ ¬(last(#j))) )
                case case_1
                by contradiction /* cyclic */
              next
                case case_2
                by contradiction /* impossible chain */
              qed
            next
              case c_aenc
              by contradiction /* from formulas */
            qed
          qed
        qed
      qed
    next
      case case_2
      by contradiction /* from formulas */
    next
      case case_3
      by contradiction /* from formulas */
    qed
  qed
qed

lemma injectiveagreement:
  all-traces
  "∀ A B t #i.
    (End( A, B, t ) @ #i) ⇒
    (∃ #j.
      ((Start( A, B, t ) @ #j) ∧ (#j < #i)) ∧
      (¬(∃ A2 B2 #i2. (End( A2, B2, t ) @ #i2) ∧ (¬(#i2 = #i)))))"
/*
guarded formula characterizing all counter-examples:
"∃ A B t #i.
  (End( A, B, t ) @ #i)
 ∧
  ∀ #j.
   (Start( A, B, t ) @ #j)
  ⇒
   ((¬(#j < #i)) ∨ (∃ A2 B2 #i2. (End( A2, B2, t ) @ #i2) ∧ ¬(#i2 = #i)))"
*/
simplify
solve( St_R_1( A, B, ni, nr ) ▶₀ #i )
  case R_1
  solve( !Ltk( $R, ltkR ) ▶₁ #i )
    case Register_pk
    solve( !KU( aenc(<'3', ~nr>, pk(~ltkA)) ) @ #vk )
      case I_2
      solve( !KU( aenc(<'1', ni, $A>, pk(~ltkA.1)) ) @ #vk.1 )
        case I_1
        solve( !KU( aenc(<'2', ~ni.1, ~nr, $R>, pk(~ltkA.3)) ) @ #vk.2 )
          case R_1
          solve( (#i2 < #i)  ∥ (#i < #i2) )
            case case_1
            solve( St_R_1( A2, B2, ~ni, ~nr ) ▶₀ #i2 )
              case R_1
              by contradiction /* cyclic */
            qed
          next
            case case_2
            solve( St_R_1( A2, B2, ~ni, ~nr ) ▶₀ #i2 )
              case R_1
              by contradiction /* cyclic */
            qed
          qed
        next
          case c_aenc
          solve( !KU( ~ni.1 ) @ #vk.7 )
            case I_1
            solve( !KU( ~nr ) @ #vk.9 )
              case I_2
              solve( (#i2 < #i)  ∥ (#i < #i2) )
                case case_1
                solve( St_R_1( A2, B2, ~ni, ~nr ) ▶₀ #i2 )
                  case R_1
                  by contradiction /* cyclic */
                qed
              next
                case case_2
                solve( St_R_1( A2, B2, ~ni, ~nr ) ▶₀ #i2 )
                  case R_1
                  by contradiction /* cyclic */
                qed
              qed
            next
              case R_1
              by solve( !KU( ~ltkA.4 ) @ #vk.11 )
            qed
          next
            case R_1
            solve( !KU( ~nr ) @ #vk.9 )
              case I_2
              solve( (#i2 < #i)  ∥ (#i < #i2) )
                case case_1
                solve( St_R_1( A2, B2, ~ni, ~nr ) ▶₀ #i2 )
                  case R_1
                  by contradiction /* cyclic */
                qed
              next
                case case_2
                solve( St_R_1( A2, B2, ~ni, ~nr ) ▶₀ #i2 )
                  case R_1
                  by contradiction /* cyclic */
                qed
              qed
            next
              case R_1
              by solve( !KU( ~ltkA.4 ) @ #vk.12 )
            qed
          qed
        qed
      next
        case c_aenc
        solve( !KU( aenc(<'2', ~ni.1, ~nr, $R>, pk(~ltkA.3)) ) @ #vk.2 )
          case R_1
          solve( (#i2 < #i)  ∥ (#i < #i2) )
            case case_1
            solve( St_R_1( A2, B2, ~ni, ~nr ) ▶₀ #i2 )
              case R_1
              by contradiction /* cyclic */
            qed
          next
            case case_2
            solve( St_R_1( A2, B2, ~ni, ~nr ) ▶₀ #i2 )
              case R_1
              by contradiction /* cyclic */
            qed
          qed
        next
          case c_aenc
          solve( !KU( ~ni.1 ) @ #vk.13 )
            case I_1
            solve( !KU( ~nr ) @ #vk.15 )
              case I_2
              solve( (#i2 < #i)  ∥ (#i < #i2) )
                case case_1
                solve( St_R_1( A2, B2, ~ni, ~nr ) ▶₀ #i2 )
                  case R_1
                  by contradiction /* cyclic */
                qed
              next
                case case_2
                solve( St_R_1( A2, B2, ~ni, ~nr ) ▶₀ #i2 )
                  case R_1
                  by contradiction /* cyclic */
                qed
              qed
            next
              case R_1
              by solve( !KU( ~ltkA.3 ) @ #vk.17 )
            qed
          next
            case R_1
            solve( !KU( ~nr ) @ #vk.15 )
              case I_2
              solve( (#i2 < #i)  ∥ (#i < #i2) )
                case case_1
                solve( St_R_1( A2, B2, ~ni, ~nr ) ▶₀ #i2 )
                  case R_1
                  by contradiction /* cyclic */
                qed
              next
                case case_2
                solve( St_R_1( A2, B2, ~ni, ~nr ) ▶₀ #i2 )
                  case R_1
                  by contradiction /* cyclic */
                qed
              qed
            next
              case R_1
              by solve( !KU( ~ltkA.3 ) @ #vk.18 )
            qed
          qed
        qed
      qed
    next
      case c_aenc
      solve( !KU( ~nr ) @ #vk.5 )
        case I_2
        solve( (#i2 < #i)  ∥ (#i < #i2) )
          case case_1
          solve( St_R_1( A2, B2, ~ni, ~nr ) ▶₀ #i2 )
            case R_1
            by contradiction /* cyclic */
          qed
        next
          case case_2
          solve( St_R_1( A2, B2, ~ni, ~nr ) ▶₀ #i2 )
            case R_1
            by contradiction /* cyclic */
          qed
        qed
      next
        case R_1
        by solve( !KU( ~ltkA.2 ) @ #vk.6 )
      qed
    qed
  qed
qed

/* All wellformedness checks were successful. */

/*
Generated from:
Tamarin version 1.12.0
Maude version 3.5.1
Git revision: UNKNOWN, branch: UNKNOWN
Compiled at: 2026-03-08 09:49:47.765662 UTC
*/

end

==============================================================================
summary of summaries:

analyzed: /Users/leo/Documents/Git Projects/An-Executable-Taxonomy-of-Security-Properties-for-ProVerif-and-Tamarin/SecurityProperties/Authentication/InjectiveAgreement/InjectiveAgreement.spthy

  processing time: 0.47s
  
  types (all-traces): verified (32 steps)
  injectiveagreement (all-traces): verified (54 steps)

==============================================================================
EXIT  : 0 (0s)
        types (all-traces): verified (32 steps)
        injectiveagreement (all-traces): verified (54 steps)

----------------------------------------------------------------------
MODEL : Authentication/MutualAuthentication/MutualAuthentication.pv
TOOL  : proverif
CMD   : proverif /Users/leo/Documents/Git Projects/An-Executable-Taxonomy-of-Security-Properties-for-ProVerif-and-Tamarin/SecurityProperties/Authentication/MutualAuthentication/MutualAuthentication.pv
Process 0 (that is, the initial process):
{1}new skA: skey;
{2}let pkA: pkey = pk(skA) in
{3}out(c, pkA);
{4}insert keys(A,pkA);
{5}new skB: skey;
{6}let pkB: pkey = pk(skB) in
{7}out(c, pkB);
{8}insert keys(B,pkB);
{9}new skS: sskey;
{10}let pkS: spkey = spk(skS) in
{11}out(c, pkS);
(
    {12}!
    {13}let skA_1: skey = skA in
    {14}let skB_1: skey = skB in
    {15}in(c, (xA: host,hostX: host));
    {16}if ((xA = A) || (xA = B)) then
    {17}let skxA: skey = (if (xA = A) then skA_1 else skB_1) in
    {18}let pkxA: pkey = pk(skxA) in
    {19}out(c, (xA,hostX));
    {20}in(c, ms: bitstring);
    {21}let (pkX: pkey,=hostX) = checksign(ms,pkS) in
    {22}new Na: nonce;
    {23}event start(xA,hostX,Na);
    {24}let m3: bitstring = encrypt((Na,xA),pkX) in
    {25}out(c, m3);
    {26}in(c, m: bitstring);
    {27}let (=Na,NX2: nonce,=hostX) = decrypt(m,skxA) in
    {28}event end(xA,hostX,NX2);
    {29}let m7: bitstring = encrypt(NX2,pkX) in
    {30}out(c, (m7,messtermI(xA,hostX)))
) | (
    {31}!
    {32}let skA_2: skey = skA in
    {33}let skB_2: skey = skB in
    {34}in(c, xB: host);
    {35}if ((xB = A) || (xB = B)) then
    {36}let skxB: skey = (if (xB = A) then skA_2 else skB_2) in
    {37}let pkxB: pkey = pk(skxB) in
    {38}in(c, m_1: bitstring);
    {39}let (NY: nonce,hostY: host) = decrypt(m_1,skxB) in
    {40}out(c, (xB,hostY));
    {41}in(c, ms_1: bitstring);
    {42}let (pkY: pkey,=hostY) = checksign(ms_1,pkS) in
    {43}new Nb: nonce;
    {44}let m6: bitstring = encrypt((NY,Nb,xB),pkY) in
    {45}event start(xB,hostY,Nb);
    {46}out(c, m6);
    {47}in(c, m3_1: bitstring);
    {48}if (Nb = decrypt(m3_1,skxB)) then
    {49}event end(xB,hostY,NY);
    {50}out(c, messtermR(hostY,xB))
) | (
    {51}!
    {52}let skS_1: sskey = skS in
    {53}in(c, (a: host,b: host));
    {55}get keys(=b,sb: pkey) in
    {54}out(c, sign((sb,b),skS_1))
) | (
    {56}!
    {57}in(c, (h: host,k: pkey));
    {58}if ((h ≠ A) && (h ≠ B)) then
    {59}insert keys(h,k)
)

--  Process 1 (that is, process 0, with let moved downwards):
{1}new skA: skey;
{2}let pkA: pkey = pk(skA) in
{3}out(c, pkA);
{4}insert keys(A,pkA);
{5}new skB: skey;
{6}let pkB: pkey = pk(skB) in
{7}out(c, pkB);
{8}insert keys(B,pkB);
{9}new skS: sskey;
{10}let pkS: spkey = spk(skS) in
{11}out(c, pkS);
(
    {12}!
    {15}in(c, (xA: host,hostX: host));
    {16}if ((xA = A) || (xA = B)) then
    {19}out(c, (xA,hostX));
    {20}in(c, ms: bitstring);
    {21}let (pkX: pkey,=hostX) = checksign(ms,pkS) in
    {22}new Na: nonce;
    {23}event start(xA,hostX,Na);
    {24}let m3: bitstring = encrypt((Na,xA),pkX) in
    {25}out(c, m3);
    {26}in(c, m: bitstring);
    {14}let skB_1: skey = skB in
    {13}let skA_1: skey = skA in
    {17}let skxA: skey = (if (xA = A) then skA_1 else skB_1) in
    {27}let (=Na,NX2: nonce,=hostX) = decrypt(m,skxA) in
    {28}event end(xA,hostX,NX2);
    {29}let m7: bitstring = encrypt(NX2,pkX) in
    {30}out(c, (m7,messtermI(xA,hostX)))
) | (
    {31}!
    {34}in(c, xB: host);
    {35}if ((xB = A) || (xB = B)) then
    {38}in(c, m_1: bitstring);
    {33}let skB_2: skey = skB in
    {32}let skA_2: skey = skA in
    {36}let skxB: skey = (if (xB = A) then skA_2 else skB_2) in
    {39}let (NY: nonce,hostY: host) = decrypt(m_1,skxB) in
    {40}out(c, (xB,hostY));
    {41}in(c, ms_1: bitstring);
    {42}let (pkY: pkey,=hostY) = checksign(ms_1,pkS) in
    {43}new Nb: nonce;
    {45}event start(xB,hostY,Nb);
    {44}let m6: bitstring = encrypt((NY,Nb,xB),pkY) in
    {46}out(c, m6);
    {47}in(c, m3_1: bitstring);
    {48}if (Nb = decrypt(m3_1,skxB)) then
    {49}event end(xB,hostY,NY);
    {50}out(c, messtermR(hostY,xB))
) | (
    {51}!
    {53}in(c, (a: host,b: host));
    {55}get keys(=b,sb: pkey) in
    {52}let skS_1: sskey = skS in
    {54}out(c, sign((sb,b),skS_1))
) | (
    {56}!
    {57}in(c, (h: host,k: pkey));
    {58}if ((h ≠ A) && (h ≠ B)) then
    {59}insert keys(h,k)
)

-- Query event(end(x,B[],m_2)) ==> event(start(B[],x,m_2)) in process 1.
Translating the process into Horn clauses...
Completing...
ok, secrecy assumption verified: fact unreachable attacker(skA[])
ok, secrecy assumption verified: fact unreachable attacker(skB[])
ok, secrecy assumption verified: fact unreachable attacker(skS[])
Starting query event(end(x,B[],m_2)) ==> event(start(B[],x,m_2))
goal reachable: b-event(start(B[],B[],Nb_1)) && b-event(start(B[],B[],Na_1)) -> event(end(B[],B[],Nb_1))
Abbreviations:
Na_1 = Na[ms = sign((pk(skB[]),B[]),skS[]),hostX = B[],xA = B[],!1 = @sid]
Nb_1 = Nb[ms_1 = sign((pk(skB[]),B[]),skS[]),m_1 = encrypt((Na_1,B[]),pk(skB[])),xB = B[],!1 = @sid_1]
goal reachable: b-event(start(B[],B[],Nb_1)) && b-event(start(B[],B[],Na_1)) -> event(end(B[],B[],Na_1))
Abbreviations:
Na_1 = Na[ms = sign((pk(skB[]),B[]),skS[]),hostX = B[],xA = B[],!1 = @sid]
Nb_1 = Nb[ms_1 = sign((pk(skB[]),B[]),skS[]),m_1 = encrypt((Na_1,B[]),pk(skB[])),xB = B[],!1 = @sid_1]
goal reachable: b-event(start(B[],A[],Nb_1)) && b-event(start(A[],B[],Na_1)) -> event(end(A[],B[],Nb_1))
Abbreviations:
Na_1 = Na[ms = sign((pk(skB[]),B[]),skS[]),hostX = B[],xA = A[],!1 = @sid]
Nb_1 = Nb[ms_1 = sign((pk(skA[]),A[]),skS[]),m_1 = encrypt((Na_1,A[]),pk(skB[])),xB = B[],!1 = @sid_1]
goal reachable: b-event(start(A[],B[],Nb_1)) && b-event(start(B[],A[],Na_1)) -> event(end(A[],B[],Na_1))
Abbreviations:
Na_1 = Na[ms = sign((pk(skA[]),A[]),skS[]),hostX = A[],xA = B[],!1 = @sid]
Nb_1 = Nb[ms_1 = sign((pk(skB[]),B[]),skS[]),m_1 = encrypt((Na_1,B[]),pk(skA[])),xB = A[],!1 = @sid_1]
RESULT event(end(x,B[],m_2)) ==> event(start(B[],x,m_2)) is true.
-- Query event(end(x,A[],m_2)) ==> event(start(A[],x,m_2)) in process 1.
Translating the process into Horn clauses...
Completing...
ok, secrecy assumption verified: fact unreachable attacker(skA[])
ok, secrecy assumption verified: fact unreachable attacker(skB[])
ok, secrecy assumption verified: fact unreachable attacker(skS[])
Starting query event(end(x,A[],m_2)) ==> event(start(A[],x,m_2))
goal reachable: b-event(start(A[],B[],Nb_1)) && b-event(start(B[],A[],Na_1)) -> event(end(B[],A[],Nb_1))
Abbreviations:
Na_1 = Na[ms = sign((pk(skA[]),A[]),skS[]),hostX = A[],xA = B[],!1 = @sid]
Nb_1 = Nb[ms_1 = sign((pk(skB[]),B[]),skS[]),m_1 = encrypt((Na_1,B[]),pk(skA[])),xB = A[],!1 = @sid_1]
goal reachable: b-event(start(B[],A[],Nb_1)) && b-event(start(A[],B[],Na_1)) -> event(end(B[],A[],Na_1))
Abbreviations:
Na_1 = Na[ms = sign((pk(skB[]),B[]),skS[]),hostX = B[],xA = A[],!1 = @sid]
Nb_1 = Nb[ms_1 = sign((pk(skA[]),A[]),skS[]),m_1 = encrypt((Na_1,A[]),pk(skB[])),xB = B[],!1 = @sid_1]
goal reachable: b-event(start(A[],A[],Nb_1)) && b-event(start(A[],A[],Na_1)) -> event(end(A[],A[],Nb_1))
Abbreviations:
Na_1 = Na[ms = sign((pk(skA[]),A[]),skS[]),hostX = A[],xA = A[],!1 = @sid]
Nb_1 = Nb[ms_1 = sign((pk(skA[]),A[]),skS[]),m_1 = encrypt((Na_1,A[]),pk(skA[])),xB = A[],!1 = @sid_1]
goal reachable: b-event(start(A[],A[],Nb_1)) && b-event(start(A[],A[],Na_1)) -> event(end(A[],A[],Na_1))
Abbreviations:
Na_1 = Na[ms = sign((pk(skA[]),A[]),skS[]),hostX = A[],xA = A[],!1 = @sid]
Nb_1 = Nb[ms_1 = sign((pk(skA[]),A[]),skS[]),m_1 = encrypt((Na_1,A[]),pk(skA[])),xB = A[],!1 = @sid_1]
RESULT event(end(x,A[],m_2)) ==> event(start(A[],x,m_2)) is true.
-- Query not event(end(x,y,m_2)) in process 1.
Translating the process into Horn clauses...
Completing...
ok, secrecy assumption verified: fact unreachable attacker(skA[])
ok, secrecy assumption verified: fact unreachable attacker(skB[])
ok, secrecy assumption verified: fact unreachable attacker(skS[])
Starting query not event(end(x,y,m_2))
goal reachable: y ≠ B[] && y ≠ A[] && attacker(m_2) && attacker(y) -> event(end(B[],y,m_2))

Derivation:
Abbreviations:
Na_1 = Na[ms = sign((pk(y),y_1),skS[]),hostX = y_1,xA = B[],!1 = @sid]

1. We assume as hypothesis that
attacker(y_1).

2. The attacker initially knows B[].
attacker(B[]).

3. By 2, the attacker may know B[].
By 1, the attacker may know y_1.
Using the function 2-tuple the attacker may obtain (B[],y_1).
attacker((B[],y_1)).

4. The attacker has some term a_1.
attacker(a_1).

5. By 4, the attacker may know a_1.
By 1, the attacker may know y_1.
Using the function 2-tuple the attacker may obtain (a_1,y_1).
attacker((a_1,y_1)).

6. The attacker has some term y.
attacker(y).

7. By 6, the attacker may know y.
Using the function pk the attacker may obtain pk(y).
attacker(pk(y)).

8. By 1, the attacker may know y_1.
By 7, the attacker may know pk(y).
Using the function 2-tuple the attacker may obtain (y_1,pk(y)).
attacker((y_1,pk(y))).

9. The message (y_1,pk(y)) that the attacker may have by 8 may be received at input {57}.
We have y_1 ≠ B[] && y_1 ≠ A[].
So the entry keys(y_1,pk(y)) may be inserted in a table at insert {59}.
table(keys(y_1,pk(y))).

10. The message (a_1,y_1) that the attacker may have by 5 may be received at input {53}.
The entry keys(y_1,pk(y)) that may be in a table by 9 may be read at get {55}.
So the message sign((pk(y),y_1),skS[]) may be sent to the attacker at output {54}.
attacker(sign((pk(y),y_1),skS[])).

11. The message pk(skB[]) may be sent to the attacker at output {7}.
attacker(pk(skB[])).

12. We assume as hypothesis that
attacker(m_2).

13. The message (B[],y_1) that the attacker may have by 3 may be received at input {15}.
The message sign((pk(y),y_1),skS[]) that the attacker may have by 10 may be received at input {20}.
So the message encrypt((Na_1,B[]),pk(y)) may be sent to the attacker at output {25}.
attacker(encrypt((Na_1,B[]),pk(y))).

14. By 13, the attacker may know encrypt((Na_1,B[]),pk(y)).
By 6, the attacker may know y.
Using the function decrypt the attacker may obtain (Na_1,B[]).
attacker((Na_1,B[])).

15. By 14, the attacker may know (Na_1,B[]).
Using the function 1-proj-2-tuple the attacker may obtain Na_1.
attacker(Na_1).

16. By 15, the attacker may know Na_1.
By 12, the attacker may know m_2.
By 1, the attacker may know y_1.
Using the function 3-tuple the attacker may obtain (Na_1,m_2,y_1).
attacker((Na_1,m_2,y_1)).

17. By 16, the attacker may know (Na_1,m_2,y_1).
By 11, the attacker may know pk(skB[]).
Using the function encrypt the attacker may obtain encrypt((Na_1,m_2,y_1),pk(skB[])).
attacker(encrypt((Na_1,m_2,y_1),pk(skB[]))).

18. The message (B[],y_1) that the attacker may have by 3 may be received at input {15}.
The message sign((pk(y),y_1),skS[]) that the attacker may have by 10 may be received at input {20}.
The message encrypt((Na_1,m_2,y_1),pk(skB[])) that the attacker may have by 17 may be received at input {26}.
So event end(B[],y_1,m_2) may be executed at {28}.
event(end(B[],y_1,m_2)).

19. By 18, event(end(B[],y_1,m_2)).
The goal is reached, represented in the following fact:
event(end(B[],y_1,m_2)).


A more detailed output of the traces is available with
  set traceDisplay = long.

new skA: skey creating skA_3 at {1}

out(c, ~M) with ~M = pk(skA_3) at {3}

insert keys(A,pk(skA_3)) at {4}

new skB: skey creating skB_3 at {5}

out(c, ~M_1) with ~M_1 = pk(skB_3) at {7}

insert keys(B,pk(skB_3)) at {8}

new skS: sskey creating skS_2 at {9}

out(c, ~M_2) with ~M_2 = spk(skS_2) at {11}

in(c, (B,a_2)) at {15} in copy a_3

out(c, (~M_3,~M_4)) with ~M_3 = B, ~M_4 = a_2 at {19} in copy a_3

in(c, (a_4,a_2)) at {53} in copy a_5

in(c, (a_2,pk(a_6))) at {57} in copy a_7

insert keys(a_2,pk(a_6)) at {59} in copy a_7

get keys(a_2,pk(a_6)) at {55} in copy a_5

out(c, ~M_5) with ~M_5 = sign((pk(a_6),a_2),skS_2) at {54} in copy a_5

in(c, ~M_5) with ~M_5 = sign((pk(a_6),a_2),skS_2) at {20} in copy a_3

new Na: nonce creating Na_2 at {22} in copy a_3

event start(B,a_2,Na_2) at {23} in copy a_3

out(c, ~M_6) with ~M_6 = encrypt((Na_2,B),pk(a_6)) at {25} in copy a_3

in(c, encrypt((1-proj-2-tuple(decrypt(~M_6,a_6)),a_8,a_2),~M_1)) with encrypt((1-proj-2-tuple(decrypt(~M_6,a_6)),a_8,a_2),~M_1) = encrypt((Na_2,a_8,a_2),pk(skB_3)) at {26} in copy a_3

event end(B,a_2,a_8) at {28} in copy a_3 (goal)

The event end(B,a_2,a_8) is executed at {28} in copy a_3.
A trace has been found.
RESULT not event(end(x,y,m_2)) is false.

--------------------------------------------------------------
Verification summary:

Query event(end(x,B[],m_2)) ==> event(start(B[],x,m_2)) is true.

Query event(end(x,A[],m_2)) ==> event(start(A[],x,m_2)) is true.

Query not event(end(x,y,m_2)) is false.

--------------------------------------------------------------
EXIT  : 0 (0s)
        RESULT event(end(x,B[],m_2)) ==> event(start(B[],x,m_2)) is true.
        RESULT event(end(x,A[],m_2)) ==> event(start(A[],x,m_2)) is true.
        RESULT not event(end(x,y,m_2)) is false.

----------------------------------------------------------------------
MODEL : Authentication/MutualAuthentication/MutualAuthentication.spthy
TOOL  : tamarin
CMD   : tamarin-prover --prove /Users/leo/Documents/Git Projects/An-Executable-Taxonomy-of-Security-Properties-for-ProVerif-and-Tamarin/SecurityProperties/Authentication/MutualAuthentication/MutualAuthentication.spthy
maude tool: 'maude'
 checking version: 3.5.1. OK.
 checking installation: OK.
[Theory Generated] Theory loaded
[Theory Generated] Theory translated
[Theory Generated] Derivation checks started
[Theory Generated] Derivation checks ended
[Theory Generated] Theory closed
[Saturating Sources] Step 1 (Max 5)
[Saturating Sources] Done
theory Generated

begin

// Function signature and definition of the equational theory E

functions: adec/2, aenc/2, fst/1, getMessage/1, messtermI/2, messtermR/2,
           nonce_to_bitstring/1, pair/2, pk/1, revealSign/2, revealVerify/3, snd/1,
           true/0
equations:
    adec(aenc(x.1, pk(x.2)), x.2) = x.1,
    fst(<x.1, x.2>) = x.1,
    getMessage(revealSign(x.1, x.2)) = x.1,
    revealVerify(revealSign(x.1, x.2), x.1, pk(x.2)) = true,
    snd(<x.1, x.2>) = x.2

rule (modulo E) Register_Server:
   [ Fr( ~sks ) ]
  --[ RegisterServer( ) ]->
   [ !LtkS( ~sks ), !PkS( pk(~sks) ), Out( pk(~sks) ) ]

  /* has exactly the trivial AC variant */

rule (modulo E) Register:
   [ Fr( ~sk ) ]
  --[ Register( $X ) ]->
   [ !Ltk( $X, ~sk ), !Pk( $X, pk(~sk) ), Out( pk(~sk) ) ]

  /* has exactly the trivial AC variant */

restriction Register_once:
  "∀ x #i #j. ((Register( x ) @ #i) ∧ (Register( x ) @ #j)) ⇒ (#i = #j)"
  // safety formula

  /*
  expanded formula:
  "∀ x #i #j. ((Register( x ) @ #i) ∧ (Register( x ) @ #j)) ⇒ (#i = #j)"
  */

restriction One_server:
  "∀ #i #j.
    ((RegisterServer( ) @ #i) ∧ (RegisterServer( ) @ #j)) ⇒ (#i = #j)"
  // safety formula

  /*
  expanded formula:
  "∀ #i #j.
    ((RegisterServer( ) @ #i) ∧ (RegisterServer( ) @ #j)) ⇒ (#i = #j)"
  */

rule (modulo E) Initiator_start:
   [ !Ltk( $A, ~ska ) ]
  --[ Start_Initiator( ) ]->
   [ Out( <$A, $B> ), State_Initiator_1( ~ska ) ]

  /* has exactly the trivial AC variant */

rule (modulo E) Initiator_responds_to_step2:
   [
   !Ltk( $A, ~ska ), State_Initiator_1( ~ska ), !PkS( pk_s ), Fr( ~na ),
   In( step2_p0 )
   ]
  --[
  Eq( revealVerify(step2_p0, getMessage(step2_p0), pk_s), true ),
  Eq( snd(getMessage(step2_p0)), $B ),
  StartI( $A, snd(getMessage(step2_p0)), ~na ),
  OUT_I2( aenc(<~na, $A>, fst(getMessage(step2_p0))) )
  ]->
   [
   Out( aenc(<~na, $A>, fst(getMessage(step2_p0))) ),
   State_Initiator_2( ~ska, fst(getMessage(step2_p0)), ~na,
                      aenc(<~na, $A>, fst(getMessage(step2_p0))), snd(getMessage(step2_p0))
   )
   ]

  /*
  rule (modulo AC) Initiator_responds_to_step2:
     [
     !Ltk( $A, ~ska ), State_Initiator_1( ~ska ), !PkS( pk_s ), Fr( ~na ),
     In( step2_p0 )
     ]
    --[
    Eq( z.2, true ), Eq( z.1, $B ), StartI( $A, z.1, ~na ),
    OUT_I2( aenc(<~na, $A>, z) )
    ]->
     [
     Out( aenc(<~na, $A>, z) ),
     State_Initiator_2( ~ska, z, ~na, aenc(<~na, $A>, z), z.1 )
     ]
    variants (modulo AC)
    1. pk_s  = pk_s.10
       step2_p0
             = step2_p0.10
       z     = fst(getMessage(step2_p0.10))
       z.1   = snd(getMessage(step2_p0.10))
       z.2   = revealVerify(step2_p0.10, getMessage(step2_p0.10), pk_s.10)
    
    2. pk_s  = pk_s.12
       step2_p0
             = revealSign(x.10, x.11)
       z     = fst(x.10)
       z.1   = snd(x.10)
       z.2   = revealVerify(revealSign(x.10, x.11), x.10, pk_s.12)
    
    3. pk_s  = pk_s.13
       step2_p0
             = revealSign(<x.10, x.11>, x.12)
       z     = x.10
       z.1   = x.11
       z.2   = revealVerify(revealSign(<x.10, x.11>, x.12), <x.10, x.11>,
                            pk_s.13)
    
    4. pk_s  = pk(x.10)
       step2_p0
             = revealSign(x.11, x.10)
       z     = fst(x.11)
       z.1   = snd(x.11)
       z.2   = true
    
    5. pk_s  = pk(x.10)
       step2_p0
             = revealSign(<x.11, x.12>, x.10)
       z     = x.11
       z.1   = x.12
       z.2   = true
  */

rule (modulo E) Initiator_responds_to_step6:
   [
   !Ltk( $A, ~ska ), State_Initiator_2( ~ska, pkx, ~na, m3, bPartner ),
   In( m6_in )
   ]
  --[
  Eq( fst(adec(m6_in, ~ska)), ~na ),
  Eq( snd(snd(adec(m6_in, ~ska))), bPartner ), End_Initiator( $A ),
  EndI( $A, bPartner, fst(snd(adec(m6_in, ~ska))) ),
  IN_I6( fst(snd(adec(m6_in, ~ska))), m6_in )
  ]->
   [ Out( aenc(fst(snd(adec(m6_in, ~ska))), pkx) ) ]

  /*
  rule (modulo AC) Initiator_responds_to_step6:
     [
     !Ltk( $A, ~ska ), State_Initiator_2( ~ska, pkx, ~na, m3, bPartner ),
     In( m6_in )
     ]
    --[
    Eq( z.1, ~na ), Eq( z.2, bPartner ), End_Initiator( $A ),
    EndI( $A, bPartner, z ), IN_I6( z, m6_in )
    ]->
     [ Out( aenc(z, pkx) ) ]
    variants (modulo AC)
    1. ~ska  = ~ska.11
       m6_in = m6_in.11
       z     = fst(snd(adec(m6_in.11, ~ska.11)))
       z.1   = fst(adec(m6_in.11, ~ska.11))
       z.2   = snd(snd(adec(m6_in.11, ~ska.11)))
    
    2. ~ska  = ~x.11
       m6_in = aenc(x.14, pk(~x.11))
       z     = fst(snd(x.14))
       z.1   = fst(x.14)
       z.2   = snd(snd(x.14))
    
    3. ~ska  = ~x.11
       m6_in = aenc(<x.14, x.15>, pk(~x.11))
       z     = fst(x.15)
       z.1   = x.14
       z.2   = snd(x.15)
    
    4. ~ska  = ~x.11
       m6_in = aenc(<x.14, x.15, x.16>, pk(~x.11))
       z     = x.15
       z.1   = x.14
       z.2   = x.16
  */

rule (modulo E) Responder_responds_to_step3:
   [ !Ltk( $B, ~skb ), In( m3_in ) ]
  --[ IN_R3( fst(adec(m3_in, ~skb)), m3_in ), Resp_start( ) ]->
   [
   Out( <$A, snd(adec(m3_in, ~skb))> ),
   State_Responder_1( ~skb, m3_in, fst(adec(m3_in, ~skb)),
                      snd(adec(m3_in, ~skb))
   )
   ]

  /*
  rule (modulo AC) Responder_responds_to_step3:
     [ !Ltk( $B, ~skb ), In( m3_in ) ]
    --[ IN_R3( z.1, m3_in ), Resp_start( ) ]->
     [ Out( <$A, z> ), State_Responder_1( ~skb, m3_in, z.1, z ) ]
    variants (modulo AC)
    1. ~skb  = ~skb.7
       m3_in = m3_in.7
       z     = snd(adec(m3_in.7, ~skb.7))
       z.1   = fst(adec(m3_in.7, ~skb.7))
    
    2. ~skb  = ~x.7
       m3_in = aenc(x.8, pk(~x.7))
       z     = snd(x.8)
       z.1   = fst(x.8)
    
    3. ~skb  = ~x.7
       m3_in = aenc(<x.8, x.9>, pk(~x.7))
       z     = x.9
       z.1   = x.8
  */

rule (modulo E) Responder_responds_to_step5:
   [
   !Ltk( $B, ~skb ), State_Responder_1( ~skb, m3_in, ny, hosty ),
   !PkS( pk_s ), Fr( ~nb ), In( step5_p0 )
   ]
  --[
  Eq( revealVerify(step5_p0, getMessage(step5_p0), pk_s), true ),
  Eq( snd(getMessage(step5_p0)), $A ), StartR( $B, hosty, ~nb ),
  OUT_R5( aenc(<ny, ~nb, $B>, fst(getMessage(step5_p0))) )
  ]->
   [
   Out( aenc(<ny, ~nb, $B>, fst(getMessage(step5_p0))) ),
   State_Responder_2( ~skb, m3_in, ny, hosty, fst(getMessage(step5_p0)),
                      ~nb, aenc(<ny, ~nb, $B>, fst(getMessage(step5_p0)))
   )
   ]

  /*
  rule (modulo AC) Responder_responds_to_step5:
     [
     !Ltk( $B, ~skb ), State_Responder_1( ~skb, m3_in, ny, hosty ),
     !PkS( pk_s ), Fr( ~nb ), In( step5_p0 )
     ]
    --[
    Eq( z.1, true ), Eq( z.2, $A ), StartR( $B, hosty, ~nb ),
    OUT_R5( aenc(<ny, ~nb, $B>, z) )
    ]->
     [
     Out( aenc(<ny, ~nb, $B>, z) ),
     State_Responder_2( ~skb, m3_in, ny, hosty, z, ~nb, aenc(<ny, ~nb, $B>, z)
     )
     ]
    variants (modulo AC)
    1. pk_s  = pk_s.13
       step5_p0
             = step5_p0.13
       z     = fst(getMessage(step5_p0.13))
       z.1   = revealVerify(step5_p0.13, getMessage(step5_p0.13), pk_s.13)
       z.2   = snd(getMessage(step5_p0.13))
    
    2. pk_s  = pk_s.15
       step5_p0
             = revealSign(x.13, x.14)
       z     = fst(x.13)
       z.1   = revealVerify(revealSign(x.13, x.14), x.13, pk_s.15)
       z.2   = snd(x.13)
    
    3. pk_s  = pk_s.16
       step5_p0
             = revealSign(<x.13, x.14>, x.15)
       z     = x.13
       z.1   = revealVerify(revealSign(<x.13, x.14>, x.15), <x.13, x.14>,
                            pk_s.16)
       z.2   = x.14
    
    4. pk_s  = pk(x.13)
       step5_p0
             = revealSign(x.14, x.13)
       z     = fst(x.14)
       z.1   = true
       z.2   = snd(x.14)
    
    5. pk_s  = pk(x.13)
       step5_p0
             = revealSign(<x.14, x.15>, x.13)
       z     = x.14
       z.1   = true
       z.2   = x.15
  */

rule (modulo E) Responder_responds_to_step7:
   [
   !Ltk( $B, ~skb ),
   State_Responder_2( ~skb, m3_in, ny, hosty, pky, ~nb, m6 ), In( m7_in )
   ]
  --[
  Eq( ~nb, adec(m7_in, ~skb) ), End_Responder( $B ), EndR( $B, hosty, ny )
  ]->
   [ ]

  /*
  rule (modulo AC) Responder_responds_to_step7:
     [
     !Ltk( $B, ~skb ),
     State_Responder_2( ~skb, m3_in, ny, hosty, pky, ~nb, m6 ), In( m7_in )
     ]
    --[ Eq( ~nb, z ), End_Responder( $B ), EndR( $B, hosty, ny ) ]->
     [ ]
    variants (modulo AC)
    1. ~skb  = ~skb.11
       m7_in = m7_in.11
       z     = adec(m7_in.11, ~skb.11)
    
    2. ~skb  = ~x.11
       m7_in = aenc(x.15, pk(~x.11))
       z     = x.15
  */

rule (modulo E) S_responds_to_step1:
   [ !LtkS( ~sks ), !Pk( B_in, pkB_in ), In( <A_in, B_in> ) ]
  -->
   [ Out( revealSign(<pkB_in, B_in>, ~sks) ), State_S_1( ~sks, A_in, B_in )
   ]

  /* has exactly the trivial AC variant */

rule (modulo E) S_responds_to_step4:
   [
   !LtkS( ~sks ), State_S_1( ~sks, A_in, B_in ), In( <A_in, hostY_in> ),
   !Pk( hostY_in, pkY_in )
   ]
  --[ End_S( $S ) ]->
   [ Out( revealSign(<pkY_in, hostY_in>, ~sks) ) ]

  /* has exactly the trivial AC variant */

restriction One_responder_session:
  "∀ #i #j. ((Resp_start( ) @ #i) ∧ (Resp_start( ) @ #j)) ⇒ (#i = #j)"
  // safety formula

  /*
  expanded formula:
  "∀ #i #j. ((Resp_start( ) @ #i) ∧ (Resp_start( ) @ #j)) ⇒ (#i = #j)"
  */

restriction Equality:
  "∀ x y #i. (Eq( x, y ) @ #i) ⇒ (x = y)"
  // safety formula

  /*
  expanded formula:
  "∀ x y #i. (Eq( x, y ) @ #i) ⇒ (x = y)"
  */

lemma mutual_authentication:
  all-traces
  "(∀ a b t #i. (EndI( a, b, t ) @ #i) ⇒ (∃ #j. StartR( b, a, t ) @ #j)) ∧
   (∀ a b t #i. (EndR( b, a, t ) @ #i) ⇒ (∃ #j. StartI( a, b, t ) @ #j))"
/*
guarded formula characterizing all counter-examples:
"((∃ a b t #i.
    (EndI( a, b, t ) @ #i) ∧ ∀ #j. (StartR( b, a, t ) @ #j) ⇒ ⊥) ∨
  (∃ a b t #i.
    (EndR( b, a, t ) @ #i) ∧ ∀ #j. (StartI( a, b, t ) @ #j) ⇒ ⊥))"
*/
induction
  case empty_trace
  by contradiction /* from formulas */
next
  case non_empty_trace
  solve( (∃ a b t #i.
           (EndI( a, b, t ) @ #i) ∧ ∀ #j. (StartR( b, a, t ) @ #j) ⇒ ⊥)  ∥
         (∃ a b t #i.
           (EndR( b, a, t ) @ #i) ∧ ∀ #j. (StartI( a, b, t ) @ #j) ⇒ ⊥) )
    case case_1
    solve( (last(#i))  ∥ (∃ #j. (StartR( b, $A, t ) @ #j) ∧ ¬(last(#j))) )
      case case_1
      solve( !Ltk( $A, ~ska ) ▶₀ #i )
        case Register
        solve( State_Initiator_2( ~ska, pkx, ~na, m3, b ) ▶₁ #i )
          case Initiator_responds_to_step2
          solve( !KU( aenc(<~na, t, $B>, pk(~ska)) ) @ #vk )
            case Initiator_responds_to_step6
            by contradiction /* impossible chain */
          next
            case Responder_responds_to_step3
            solve( !KU( revealSign(<pkx, $B>, ~sks) ) @ #vk.1 )
              case Initiator_responds_to_step6
              by contradiction /* impossible chain */
            next
              case Responder_responds_to_step3
              solve( !KU( aenc(<z.1, z>, pk(~skb)) ) @ #vk.2 )
                case Initiator_responds_to_step2
                by contradiction /* forbidden KD-fact */
              next
                case Initiator_responds_to_step6
                by contradiction /* impossible chain */
              next
                case Responder_responds_to_step3
                by contradiction /* cyclic */
              next
                case Responder_responds_to_step5_case_1
                by contradiction /* cyclic */
              next
                case Responder_responds_to_step5_case_2
                by contradiction /* cyclic */
              next
                case c_aenc
                by contradiction /* cyclic */
              qed
            next
              case Responder_responds_to_step5
              solve( !KU( aenc(<z.1, z>, pk(~skb)) ) @ #vk.2 )
                case Initiator_responds_to_step2
                by contradiction /* forbidden KD-fact */
              next
                case Initiator_responds_to_step6
                by contradiction /* impossible chain */
              next
                case Responder_responds_to_step3
                by contradiction /* cyclic */
              next
                case Responder_responds_to_step5_case_1
                by contradiction /* cyclic */
              next
                case Responder_responds_to_step5_case_2
                by contradiction /* cyclic */
              next
                case c_aenc
                by contradiction /* cyclic */
              qed
            next
              case S_responds_to_step1
              solve( !KU( aenc(<z.1, z>, pk(~skb)) ) @ #vk.2 )
                case Initiator_responds_to_step2
                by contradiction /* forbidden KD-fact */
              next
                case Initiator_responds_to_step6
                by contradiction /* impossible chain */
              next
                case Responder_responds_to_step3
                by contradiction /* cyclic */
              next
                case Responder_responds_to_step5_case_1
                by contradiction /* cyclic */
              next
                case Responder_responds_to_step5_case_2
                by contradiction /* cyclic */
              next
                case c_aenc
                by contradiction /* cyclic */
              qed
            next
              case S_responds_to_step4
              solve( !KU( aenc(<z.1, z>, pk(~skb)) ) @ #vk.2 )
                case Initiator_responds_to_step2
                by contradiction /* forbidden KD-fact */
              next
                case Initiator_responds_to_step6
                by contradiction /* impossible chain */
              next
                case Responder_responds_to_step3
                by contradiction /* cyclic */
              next
                case Responder_responds_to_step5_case_1
                by contradiction /* cyclic */
              next
                case Responder_responds_to_step5_case_2
                by contradiction /* cyclic */
              next
                case c_aenc
                by contradiction /* cyclic */
              qed
            next
              case c_revealSign
              solve( !KU( ~sks ) @ #vk.4 )
                case Initiator_responds_to_step6
                by solve( (#vr.8, 0) ~~> (#vk.2, 0) )
              next
                case Responder_responds_to_step3
                solve( !KU( aenc(<z.1, z>, pk(~skb)) ) @ #vk.3 )
                  case Initiator_responds_to_step2
                  by contradiction /* forbidden KD-fact */
                next
                  case Initiator_responds_to_step6
                  by contradiction /* impossible chain */
                next
                  case Responder_responds_to_step3
                  by contradiction /* cyclic */
                next
                  case Responder_responds_to_step5_case_1
                  by contradiction /* cyclic */
                next
                  case Responder_responds_to_step5_case_2
                  by contradiction /* cyclic */
                next
                  case c_aenc
                  by contradiction /* cyclic */
                qed
              next
                case Responder_responds_to_step5
                solve( !KU( aenc(<z.1, z>, pk(~skb)) ) @ #vk.3 )
                  case Initiator_responds_to_step2
                  by contradiction /* forbidden KD-fact */
                next
                  case Initiator_responds_to_step6
                  by contradiction /* impossible chain */
                next
                  case Responder_responds_to_step3
                  by contradiction /* cyclic */
                next
                  case Responder_responds_to_step5_case_1
                  by contradiction /* cyclic */
                next
                  case Responder_responds_to_step5_case_2
                  by contradiction /* cyclic */
                next
                  case c_aenc
                  by contradiction /* cyclic */
                qed
              qed
            qed
          next
            case Responder_responds_to_step5_case_1
            solve( !KU( revealSign(<pkx, $B>, ~sks) ) @ #vk.1 )
              case Initiator_responds_to_step6
              by contradiction /* impossible chain */
            next
              case Responder_responds_to_step3
              by contradiction /* cyclic */
            next
              case Responder_responds_to_step5
              by contradiction /* cyclic */
            next
              case S_responds_to_step1
              solve( !KU( revealSign(<pk(~ska), $A.1>, ~sks) ) @ #vk.2 )
                case Initiator_responds_to_step6
                by contradiction /* impossible chain */
              next
                case Responder_responds_to_step3
                solve( !KU( aenc(<~na, hosty>, pk(~skb)) ) @ #vk.3 )
                  case Initiator_responds_to_step2
                  by contradiction /* forbidden KD-fact */
                next
                  case Initiator_responds_to_step6
                  by contradiction /* impossible chain */
                next
                  case Responder_responds_to_step3
                  by contradiction /* cyclic */
                next
                  case Responder_responds_to_step5_case_1
                  by contradiction /* cyclic */
                next
                  case Responder_responds_to_step5_case_2
                  by contradiction /* cyclic */
                next
                  case c_aenc
                  by contradiction /* cyclic */
                qed
              next
                case Responder_responds_to_step5
                by contradiction /* cyclic */
              next
                case S_responds_to_step1
                solve( !KU( aenc(<~na, hosty>, pk(~skb)) ) @ #vk.3 )
                  case Initiator_responds_to_step2
                  by contradiction /* from formulas */
                next
                  case Initiator_responds_to_step6
                  by contradiction /* impossible chain */
                next
                  case Responder_responds_to_step3
                  by contradiction /* cyclic */
                next
                  case Responder_responds_to_step5_case_1
                  by contradiction /* cyclic */
                next
                  case Responder_responds_to_step5_case_2
                  by contradiction /* cyclic */
                next
                  case c_aenc
                  solve( !KU( ~na ) @ #vk.12 )
                    case Initiator_responds_to_step2
                    solve( !KU( ~skb ) @ #vk.14 )
                      case Initiator_responds_to_step6
                      by solve( (#vr.12, 0) ~~> (#vk.5, 0) )
                    next
                      case Responder_responds_to_step3
                      by contradiction /* cyclic */
                    qed
                  next
                    case Initiator_responds_to_step6
                    by solve( (#vr.10, 0) ~~> (#vk.4, 0) )
                  next
                    case Responder_responds_to_step3
                    by contradiction /* cyclic */
                  next
                    case Responder_responds_to_step5
                    by contradiction /* cyclic */
                  qed
                qed
              next
                case S_responds_to_step4
                solve( !KU( aenc(<~na, hosty>, pk(~skb)) ) @ #vk.3 )
                  case Initiator_responds_to_step2
                  by contradiction /* from formulas */
                next
                  case Initiator_responds_to_step6
                  by contradiction /* impossible chain */
                next
                  case Responder_responds_to_step3
                  by contradiction /* cyclic */
                next
                  case Responder_responds_to_step5
                  by contradiction /* cyclic */
                next
                  case c_aenc
                  solve( !KU( ~na ) @ #vk.14 )
                    case Initiator_responds_to_step2
                    solve( !KU( ~skb ) @ #vk.16 )
                      case Initiator_responds_to_step6
                      by solve( (#vr.14, 0) ~~> (#vk.5, 0) )
                    next
                      case Responder_responds_to_step3
                      by contradiction /* cyclic */
                    qed
                  next
                    case Initiator_responds_to_step6
                    by solve( (#vr.12, 0) ~~> (#vk.4, 0) )
                  next
                    case Responder_responds_to_step3
                    by contradiction /* cyclic */
                  next
                    case Responder_responds_to_step5
                    by contradiction /* cyclic */
                  qed
                qed
              next
                case c_revealSign
                solve( !KU( ~sks ) @ #vk.8 )
                  case Initiator_responds_to_step6
                  by solve( (#vr.9, 0) ~~> (#vk.3, 0) )
                next
                  case Responder_responds_to_step3
                  solve( !KU( aenc(<~na, hosty>, pk(~skb)) ) @ #vk.4 )
                    case Initiator_responds_to_step2
                    by contradiction /* forbidden KD-fact */
                  next
                    case Initiator_responds_to_step6
                    by contradiction /* impossible chain */
                  next
                    case Responder_responds_to_step3
                    by contradiction /* cyclic */
                  next
                    case Responder_responds_to_step5_case_1
                    by contradiction /* cyclic */
                  next
                    case Responder_responds_to_step5_case_2
                    by contradiction /* cyclic */
                  next
                    case c_aenc
                    by contradiction /* cyclic */
                  qed
                next
                  case Responder_responds_to_step5
                  by contradiction /* cyclic */
                qed
              qed
            next
              case S_responds_to_step4
              solve( !KU( revealSign(<pk(~ska), $A.1>, ~sks) ) @ #vk.2 )
                case Initiator_responds_to_step6
                by contradiction /* impossible chain */
              next
                case Responder_responds_to_step3
                solve( !KU( aenc(<~na, hosty>, pk(~skb)) ) @ #vk.3 )
                  case Initiator_responds_to_step2
                  by contradiction /* forbidden KD-fact */
                next
                  case Initiator_responds_to_step6
                  by contradiction /* impossible chain */
                next
                  case Responder_responds_to_step3
                  by contradiction /* cyclic */
                next
                  case Responder_responds_to_step5_case_1
                  by contradiction /* cyclic */
                next
                  case Responder_responds_to_step5_case_2
                  by contradiction /* cyclic */
                next
                  case c_aenc
                  by contradiction /* cyclic */
                qed
              next
                case Responder_responds_to_step5
                by contradiction /* cyclic */
              next
                case S_responds_to_step1
                solve( !KU( aenc(<~na, hosty>, pk(~skb)) ) @ #vk.3 )
                  case Initiator_responds_to_step2
                  by contradiction /* from formulas */
                next
                  case Initiator_responds_to_step6
                  by contradiction /* impossible chain */
                next
                  case Responder_responds_to_step3
                  by contradiction /* cyclic */
                next
                  case Responder_responds_to_step5
                  by contradiction /* cyclic */
                next
                  case c_aenc
                  solve( !KU( ~na ) @ #vk.14 )
                    case Initiator_responds_to_step2
                    solve( !KU( ~skb ) @ #vk.16 )
                      case Initiator_responds_to_step6
                      by solve( (#vr.14, 0) ~~> (#vk.5, 0) )
                    next
                      case Responder_responds_to_step3
                      by contradiction /* cyclic */
                    qed
                  next
                    case Initiator_responds_to_step6
                    by solve( (#vr.12, 0) ~~> (#vk.4, 0) )
                  next
                    case Responder_responds_to_step3
                    by contradiction /* cyclic */
                  next
                    case Responder_responds_to_step5
                    by contradiction /* cyclic */
                  qed
                qed
              next
                case S_responds_to_step4
                solve( !KU( aenc(<~na, hosty>, pk(~skb)) ) @ #vk.3 )
                  case Initiator_responds_to_step2
                  by contradiction /* from formulas */
                next
                  case Initiator_responds_to_step6
                  by contradiction /* impossible chain */
                next
                  case Responder_responds_to_step3
                  by contradiction /* cyclic */
                next
                  case Responder_responds_to_step5_case_1
                  by contradiction /* cyclic */
                next
                  case Responder_responds_to_step5_case_2
                  by contradiction /* cyclic */
                next
                  case c_aenc
                  solve( !KU( ~na ) @ #vk.16 )
                    case Initiator_responds_to_step2
                    solve( !KU( ~skb ) @ #vk.18 )
                      case Initiator_responds_to_step6
                      by solve( (#vr.16, 0) ~~> (#vk.5, 0) )
                    next
                      case Responder_responds_to_step3
                      by contradiction /* cyclic */
                    qed
                  next
                    case Initiator_responds_to_step6
                    by solve( (#vr.14, 0) ~~> (#vk.4, 0) )
                  next
                    case Responder_responds_to_step3
                    by contradiction /* cyclic */
                  next
                    case Responder_responds_to_step5
                    by contradiction /* cyclic */
                  qed
                qed
              next
                case c_revealSign
                solve( !KU( ~sks ) @ #vk.10 )
                  case Initiator_responds_to_step6
                  by solve( (#vr.11, 0) ~~> (#vk.3, 0) )
                next
                  case Responder_responds_to_step3
                  solve( !KU( aenc(<~na, hosty>, pk(~skb)) ) @ #vk.4 )
                    case Initiator_responds_to_step2
                    by contradiction /* forbidden KD-fact */
                  next
                    case Initiator_responds_to_step6
                    by contradiction /* impossible chain */
                  next
                    case Responder_responds_to_step3
                    by contradiction /* cyclic */
                  next
                    case Responder_responds_to_step5_case_1
                    by contradiction /* cyclic */
                  next
                    case Responder_responds_to_step5_case_2
                    by contradiction /* cyclic */
                  next
                    case c_aenc
                    by contradiction /* cyclic */
                  qed
                next
                  case Responder_responds_to_step5
                  by contradiction /* cyclic */
                qed
              qed
            next
              case c_revealSign
              solve( !KU( ~sks ) @ #vk.5 )
                case Initiator_responds_to_step6
                by solve( (#vr.8, 0) ~~> (#vk.2, 0) )
              next
                case Responder_responds_to_step3
                by contradiction /* cyclic */
              next
                case Responder_responds_to_step5
                by contradiction /* cyclic */
              qed
            qed
          next
            case Responder_responds_to_step5_case_2
            solve( !KU( revealSign(<pkx, $B>, ~sks) ) @ #vk.1 )
              case Initiator_responds_to_step6
              by contradiction /* impossible chain */
            next
              case Responder_responds_to_step3
              solve( !KU( revealSign(<pk(x), $A.1>, ~sks) ) @ #vk.2 )
                case Initiator_responds_to_step6
                by contradiction /* impossible chain */
              next
                case Responder_responds_to_step3
                solve( !KU( aenc(<ny, hosty>, pk(~skb)) ) @ #vk.4 )
                  case Initiator_responds_to_step2
                  by contradiction /* forbidden KD-fact */
                next
                  case Initiator_responds_to_step6
                  by contradiction /* impossible chain */
                next
                  case Responder_responds_to_step3
                  by contradiction /* cyclic */
                next
                  case Responder_responds_to_step5_case_1
                  by contradiction /* cyclic */
                next
                  case Responder_responds_to_step5_case_2
                  by contradiction /* cyclic */
                next
                  case c_aenc
                  by contradiction /* cyclic */
                qed
              next
                case Responder_responds_to_step5
                by contradiction /* cyclic */
              next
                case S_responds_to_step1
                solve( !KU( ~sk ) @ #vk.3 )
                  case Initiator_responds_to_step6
                  by solve( (#vr.13, 0) ~~> (#vk.3, 0) )
                next
                  case Responder_responds_to_step3
                  solve( !KU( aenc(<ny, hosty>, pk(~skb)) ) @ #vk.4 )
                    case Initiator_responds_to_step2
                    by contradiction /* forbidden KD-fact */
                  next
                    case Initiator_responds_to_step6
                    by contradiction /* impossible chain */
                  next
                    case Responder_responds_to_step3
                    by contradiction /* cyclic */
                  next
                    case Responder_responds_to_step5_case_1
                    by contradiction /* cyclic */
                  next
                    case Responder_responds_to_step5_case_2
                    by contradiction /* cyclic */
                  next
                    case c_aenc
                    by contradiction /* cyclic */
                  qed
                next
                  case Responder_responds_to_step5
                  by contradiction /* cyclic */
                qed
              next
                case S_responds_to_step4
                solve( !KU( ~sk ) @ #vk.3 )
                  case Initiator_responds_to_step6
                  by solve( (#vr.15, 0) ~~> (#vk.3, 0) )
                next
                  case Responder_responds_to_step3
                  solve( !KU( aenc(<ny, hosty>, pk(~skb)) ) @ #vk.4 )
                    case Initiator_responds_to_step2
                    by contradiction /* forbidden KD-fact */
                  next
                    case Initiator_responds_to_step6
                    by contradiction /* impossible chain */
                  next
                    case Responder_responds_to_step3
                    by contradiction /* cyclic */
                  next
                    case Responder_responds_to_step5_case_1
                    by contradiction /* cyclic */
                  next
                    case Responder_responds_to_step5_case_2
                    by contradiction /* cyclic */
                  next
                    case c_aenc
                    by contradiction /* cyclic */
                  qed
                next
                  case Responder_responds_to_step5
                  by contradiction /* cyclic */
                qed
              next
                case c_revealSign
                solve( !KU( ~sks ) @ #vk.6 )
                  case Initiator_responds_to_step6
                  by solve( (#vr.11, 0) ~~> (#vk.3, 0) )
                next
                  case Responder_responds_to_step3
                  solve( !KU( aenc(<ny, hosty>, pk(~skb)) ) @ #vk.5 )
                    case Initiator_responds_to_step2
                    by contradiction /* forbidden KD-fact */
                  next
                    case Initiator_responds_to_step6
                    by contradiction /* impossible chain */
                  next
                    case Responder_responds_to_step3
                    by contradiction /* cyclic */
                  next
                    case Responder_responds_to_step5_case_1
                    by contradiction /* cyclic */
                  next
                    case Responder_responds_to_step5_case_2
                    by contradiction /* cyclic */
                  next
                    case c_aenc
                    by contradiction /* cyclic */
                  qed
                next
                  case Responder_responds_to_step5
                  by contradiction /* cyclic */
                qed
              qed
            next
              case Responder_responds_to_step5
              solve( !KU( revealSign(<pk(x), $A.1>, ~sks) ) @ #vk.2 )
                case Initiator_responds_to_step6
                by contradiction /* impossible chain */
              next
                case Responder_responds_to_step3
                solve( !KU( aenc(<ny, hosty>, pk(~skb)) ) @ #vk.4 )
                  case Initiator_responds_to_step2
                  by contradiction /* forbidden KD-fact */
                next
                  case Initiator_responds_to_step6
                  by contradiction /* impossible chain */
                next
                  case Responder_responds_to_step3
                  by contradiction /* cyclic */
                next
                  case Responder_responds_to_step5_case_1
                  by contradiction /* cyclic */
                next
                  case Responder_responds_to_step5_case_2
                  by contradiction /* cyclic */
                next
                  case c_aenc
                  by contradiction /* cyclic */
                qed
              next
                case Responder_responds_to_step5
                by contradiction /* cyclic */
              next
                case S_responds_to_step1
                solve( !KU( ~sk ) @ #vk.3 )
                  case Initiator_responds_to_step6
                  by solve( (#vr.12, 0) ~~> (#vk.3, 0) )
                next
                  case Responder_responds_to_step3
                  solve( !KU( aenc(<ny, hosty>, pk(~skb)) ) @ #vk.4 )
                    case Initiator_responds_to_step2
                    by contradiction /* forbidden KD-fact */
                  next
                    case Initiator_responds_to_step6
                    by contradiction /* impossible chain */
                  next
                    case Responder_responds_to_step3
                    by contradiction /* cyclic */
                  next
                    case Responder_responds_to_step5_case_1
                    by contradiction /* cyclic */
                  next
                    case Responder_responds_to_step5_case_2
                    by contradiction /* cyclic */
                  next
                    case c_aenc
                    by contradiction /* cyclic */
                  qed
                next
                  case Responder_responds_to_step5
                  by contradiction /* cyclic */
                qed
              next
                case S_responds_to_step4
                solve( !KU( ~sk ) @ #vk.3 )
                  case Initiator_responds_to_step6
                  by solve( (#vr.14, 0) ~~> (#vk.3, 0) )
                next
                  case Responder_responds_to_step3
                  solve( !KU( aenc(<ny, hosty>, pk(~skb)) ) @ #vk.4 )
                    case Initiator_responds_to_step2
                    by contradiction /* forbidden KD-fact */
                  next
                    case Initiator_responds_to_step6
                    by contradiction /* impossible chain */
                  next
                    case Responder_responds_to_step3
                    by contradiction /* cyclic */
                  next
                    case Responder_responds_to_step5_case_1
                    by contradiction /* cyclic */
                  next
                    case Responder_responds_to_step5_case_2
                    by contradiction /* cyclic */
                  next
                    case c_aenc
                    by contradiction /* cyclic */
                  qed
                next
                  case Responder_responds_to_step5
                  by contradiction /* cyclic */
                qed
              next
                case c_revealSign
                solve( !KU( ~sks ) @ #vk.6 )
                  case Initiator_responds_to_step6
                  by solve( (#vr.10, 0) ~~> (#vk.3, 0) )
                next
                  case Responder_responds_to_step3
                  solve( !KU( aenc(<ny, hosty>, pk(~skb)) ) @ #vk.5 )
                    case Initiator_responds_to_step2
                    by contradiction /* forbidden KD-fact */
                  next
                    case Initiator_responds_to_step6
                    by contradiction /* impossible chain */
                  next
                    case Responder_responds_to_step3
                    by contradiction /* cyclic */
                  next
                    case Responder_responds_to_step5_case_1
                    by contradiction /* cyclic */
                  next
                    case Responder_responds_to_step5_case_2
                    by contradiction /* cyclic */
                  next
                    case c_aenc
                    by contradiction /* cyclic */
                  qed
                next
                  case Responder_responds_to_step5
                  by contradiction /* cyclic */
                qed
              qed
            next
              case S_responds_to_step1
              solve( !KU( revealSign(<pk(x), $A.1>, ~sks) ) @ #vk.2 )
                case Initiator_responds_to_step6
                by contradiction /* impossible chain */
              next
                case Responder_responds_to_step3
                solve( !KU( aenc(<ny, hosty>, pk(~skb)) ) @ #vk.4 )
                  case Initiator_responds_to_step2
                  by contradiction /* forbidden KD-fact */
                next
                  case Initiator_responds_to_step6
                  by contradiction /* impossible chain */
                next
                  case Responder_responds_to_step3
                  by contradiction /* cyclic */
                next
                  case Responder_responds_to_step5_case_1
                  by contradiction /* cyclic */
                next
                  case Responder_responds_to_step5_case_2
                  by contradiction /* cyclic */
                next
                  case c_aenc
                  by contradiction /* cyclic */
                qed
              next
                case Responder_responds_to_step5
                by contradiction /* cyclic */
              next
                case S_responds_to_step1
                solve( !KU( ~sk.1 ) @ #vk.3 )
                  case Initiator_responds_to_step6
                  by solve( (#vr.14, 0) ~~> (#vk.3, 0) )
                next
                  case Responder_responds_to_step3
                  solve( !KU( aenc(<ny, hosty>, pk(~skb)) ) @ #vk.4 )
                    case Initiator_responds_to_step2
                    by contradiction /* forbidden KD-fact */
                  next
                    case Initiator_responds_to_step6
                    by contradiction /* impossible chain */
                  next
                    case Responder_responds_to_step3
                    by contradiction /* cyclic */
                  next
                    case Responder_responds_to_step5_case_1
                    by contradiction /* cyclic */
                  next
                    case Responder_responds_to_step5_case_2
                    by contradiction /* cyclic */
                  next
                    case c_aenc
                    by contradiction /* cyclic */
                  qed
                next
                  case Responder_responds_to_step5
                  by contradiction /* cyclic */
                qed
              next
                case S_responds_to_step4
                solve( !KU( ~sk.1 ) @ #vk.3 )
                  case Initiator_responds_to_step6
                  by solve( (#vr.16, 0) ~~> (#vk.3, 0) )
                next
                  case Responder_responds_to_step3
                  solve( !KU( aenc(<ny, hosty>, pk(~skb)) ) @ #vk.4 )
                    case Initiator_responds_to_step2
                    by contradiction /* forbidden KD-fact */
                  next
                    case Initiator_responds_to_step6
                    by contradiction /* impossible chain */
                  next
                    case Responder_responds_to_step3
                    by contradiction /* cyclic */
                  next
                    case Responder_responds_to_step5_case_1
                    by contradiction /* cyclic */
                  next
                    case Responder_responds_to_step5_case_2
                    by contradiction /* cyclic */
                  next
                    case c_aenc
                    by contradiction /* cyclic */
                  qed
                next
                  case Responder_responds_to_step5
                  by contradiction /* cyclic */
                qed
              next
                case c_revealSign
                solve( !KU( ~sks ) @ #vk.9 )
                  case Initiator_responds_to_step6
                  by solve( (#vr.12, 0) ~~> (#vk.3, 0) )
                next
                  case Responder_responds_to_step3
                  solve( !KU( aenc(<ny, hosty>, pk(~skb)) ) @ #vk.5 )
                    case Initiator_responds_to_step2
                    by contradiction /* forbidden KD-fact */
                  next
                    case Initiator_responds_to_step6
                    by contradiction /* impossible chain */
                  next
                    case Responder_responds_to_step3
                    by contradiction /* cyclic */
                  next
                    case Responder_responds_to_step5_case_1
                    by contradiction /* cyclic */
                  next
                    case Responder_responds_to_step5_case_2
                    by contradiction /* cyclic */
                  next
                    case c_aenc
                    by contradiction /* cyclic */
                  qed
                next
                  case Responder_responds_to_step5
                  by contradiction /* cyclic */
                qed
              qed
            next
              case S_responds_to_step4
              solve( !KU( revealSign(<pk(x), $A.1>, ~sks) ) @ #vk.2 )
                case Initiator_responds_to_step6
                by contradiction /* impossible chain */
              next
                case Responder_responds_to_step3
                solve( !KU( aenc(<ny, hosty>, pk(~skb)) ) @ #vk.4 )
                  case Initiator_responds_to_step2
                  by contradiction /* forbidden KD-fact */
                next
                  case Initiator_responds_to_step6
                  by contradiction /* impossible chain */
                next
                  case Responder_responds_to_step3
                  by contradiction /* cyclic */
                next
                  case Responder_responds_to_step5_case_1
                  by contradiction /* cyclic */
                next
                  case Responder_responds_to_step5_case_2
                  by contradiction /* cyclic */
                next
                  case c_aenc
                  by contradiction /* cyclic */
                qed
              next
                case Responder_responds_to_step5
                by contradiction /* cyclic */
              next
                case S_responds_to_step1
                solve( !KU( ~sk.1 ) @ #vk.3 )
                  case Initiator_responds_to_step6
                  by solve( (#vr.16, 0) ~~> (#vk.3, 0) )
                next
                  case Responder_responds_to_step3
                  solve( !KU( aenc(<ny, hosty>, pk(~skb)) ) @ #vk.4 )
                    case Initiator_responds_to_step2
                    by contradiction /* forbidden KD-fact */
                  next
                    case Initiator_responds_to_step6
                    by contradiction /* impossible chain */
                  next
                    case Responder_responds_to_step3
                    by contradiction /* cyclic */
                  next
                    case Responder_responds_to_step5_case_1
                    by contradiction /* cyclic */
                  next
                    case Responder_responds_to_step5_case_2
                    by contradiction /* cyclic */
                  next
                    case c_aenc
                    by contradiction /* cyclic */
                  qed
                next
                  case Responder_responds_to_step5
                  by contradiction /* cyclic */
                qed
              next
                case S_responds_to_step4
                solve( !KU( ~sk.1 ) @ #vk.3 )
                  case Initiator_responds_to_step6
                  by solve( (#vr.18, 0) ~~> (#vk.3, 0) )
                next
                  case Responder_responds_to_step3
                  solve( !KU( aenc(<ny, hosty>, pk(~skb)) ) @ #vk.4 )
                    case Initiator_responds_to_step2
                    by contradiction /* forbidden KD-fact */
                  next
                    case Initiator_responds_to_step6
                    by contradiction /* impossible chain */
                  next
                    case Responder_responds_to_step3
                    by contradiction /* cyclic */
                  next
                    case Responder_responds_to_step5_case_1
                    by contradiction /* cyclic */
                  next
                    case Responder_responds_to_step5_case_2
                    by contradiction /* cyclic */
                  next
                    case c_aenc
                    by contradiction /* cyclic */
                  qed
                next
                  case Responder_responds_to_step5
                  by contradiction /* cyclic */
                qed
              next
                case c_revealSign
                solve( !KU( ~sks ) @ #vk.11 )
                  case Initiator_responds_to_step6
                  by solve( (#vr.14, 0) ~~> (#vk.3, 0) )
                next
                  case Responder_responds_to_step3
                  solve( !KU( aenc(<ny, hosty>, pk(~skb)) ) @ #vk.5 )
                    case Initiator_responds_to_step2
                    by contradiction /* forbidden KD-fact */
                  next
                    case Initiator_responds_to_step6
                    by contradiction /* impossible chain */
                  next
                    case Responder_responds_to_step3
                    by contradiction /* cyclic */
                  next
                    case Responder_responds_to_step5_case_1
                    by contradiction /* cyclic */
                  next
                    case Responder_responds_to_step5_case_2
                    by contradiction /* cyclic */
                  next
                    case c_aenc
                    by contradiction /* cyclic */
                  qed
                next
                  case Responder_responds_to_step5
                  by contradiction /* cyclic */
                qed
              qed
            next
              case c_revealSign
              solve( !KU( ~sks ) @ #vk.6 )
                case Initiator_responds_to_step6
                by solve( (#vr.10, 0) ~~> (#vk.2, 0) )
              next
                case Responder_responds_to_step3
                solve( !KU( revealSign(<pk(x), $A.1>, ~sks) ) @ #vk.3 )
                  case Initiator_responds_to_step6
                  by contradiction /* impossible chain */
                next
                  case Responder_responds_to_step3
                  solve( !KU( aenc(<ny, hosty>, pk(~skb)) ) @ #vk.5 )
                    case Initiator_responds_to_step2
                    by contradiction /* forbidden KD-fact */
                  next
                    case Initiator_responds_to_step6
                    by contradiction /* impossible chain */
                  next
                    case Responder_responds_to_step3
                    by contradiction /* cyclic */
                  next
                    case Responder_responds_to_step5_case_1
                    by contradiction /* cyclic */
                  next
                    case Responder_responds_to_step5_case_2
                    by contradiction /* cyclic */
                  next
                    case c_aenc
                    by contradiction /* cyclic */
                  qed
                next
                  case Responder_responds_to_step5
                  by contradiction /* cyclic */
                next
                  case S_responds_to_step1
                  solve( !KU( ~sk ) @ #vk.4 )
                    case Initiator_responds_to_step6
                    by solve( (#vr.13, 0) ~~> (#vk.4, 0) )
                  next
                    case Responder_responds_to_step3
                    solve( !KU( aenc(<ny, hosty>, pk(~skb)) ) @ #vk.5 )
                      case Initiator_responds_to_step2
                      by contradiction /* forbidden KD-fact */
                    next
                      case Initiator_responds_to_step6
                      by contradiction /* impossible chain */
                    next
                      case Responder_responds_to_step3
                      by contradiction /* cyclic */
                    next
                      case Responder_responds_to_step5_case_1
                      by contradiction /* cyclic */
                    next
                      case Responder_responds_to_step5_case_2
                      by contradiction /* cyclic */
                    next
                      case c_aenc
                      by contradiction /* cyclic */
                    qed
                  next
                    case Responder_responds_to_step5
                    by contradiction /* cyclic */
                  qed
                next
                  case S_responds_to_step4
                  solve( !KU( ~sk ) @ #vk.4 )
                    case Initiator_responds_to_step6
                    by solve( (#vr.15, 0) ~~> (#vk.4, 0) )
                  next
                    case Responder_responds_to_step3
                    solve( !KU( aenc(<ny, hosty>, pk(~skb)) ) @ #vk.5 )
                      case Initiator_responds_to_step2
                      by contradiction /* forbidden KD-fact */
                    next
                      case Initiator_responds_to_step6
                      by contradiction /* impossible chain */
                    next
                      case Responder_responds_to_step3
                      by contradiction /* cyclic */
                    next
                      case Responder_responds_to_step5_case_1
                      by contradiction /* cyclic */
                    next
                      case Responder_responds_to_step5_case_2
                      by contradiction /* cyclic */
                    next
                      case c_aenc
                      by contradiction /* cyclic */
                    qed
                  next
                    case Responder_responds_to_step5
                    by contradiction /* cyclic */
                  qed
                next
                  case c_revealSign
                  solve( !KU( aenc(<ny, hosty>, pk(~skb)) ) @ #vk.5 )
                    case Initiator_responds_to_step2
                    by contradiction /* forbidden KD-fact */
                  next
                    case Initiator_responds_to_step6
                    by contradiction /* impossible chain */
                  next
                    case Responder_responds_to_step3
                    by contradiction /* cyclic */
                  next
                    case Responder_responds_to_step5_case_1
                    by contradiction /* cyclic */
                  next
                    case Responder_responds_to_step5_case_2
                    by contradiction /* cyclic */
                  next
                    case c_aenc
                    by contradiction /* cyclic */
                  qed
                qed
              next
                case Responder_responds_to_step5
                solve( !KU( revealSign(<pk(x), $A.1>, ~sks) ) @ #vk.3 )
                  case Initiator_responds_to_step6
                  by contradiction /* impossible chain */
                next
                  case Responder_responds_to_step3
                  solve( !KU( aenc(<ny, hosty>, pk(~skb)) ) @ #vk.5 )
                    case Initiator_responds_to_step2
                    by contradiction /* forbidden KD-fact */
                  next
                    case Initiator_responds_to_step6
                    by contradiction /* impossible chain */
                  next
                    case Responder_responds_to_step3
                    by contradiction /* cyclic */
                  next
                    case Responder_responds_to_step5_case_1
                    by contradiction /* cyclic */
                  next
                    case Responder_responds_to_step5_case_2
                    by contradiction /* cyclic */
                  next
                    case c_aenc
                    by contradiction /* cyclic */
                  qed
                next
                  case Responder_responds_to_step5
                  by contradiction /* cyclic */
                next
                  case S_responds_to_step1
                  solve( !KU( ~sk ) @ #vk.4 )
                    case Initiator_responds_to_step6
                    by solve( (#vr.12, 0) ~~> (#vk.4, 0) )
                  next
                    case Responder_responds_to_step3
                    solve( !KU( aenc(<ny, hosty>, pk(~skb)) ) @ #vk.5 )
                      case Initiator_responds_to_step2
                      by contradiction /* forbidden KD-fact */
                    next
                      case Initiator_responds_to_step6
                      by contradiction /* impossible chain */
                    next
                      case Responder_responds_to_step3
                      by contradiction /* cyclic */
                    next
                      case Responder_responds_to_step5_case_1
                      by contradiction /* cyclic */
                    next
                      case Responder_responds_to_step5_case_2
                      by contradiction /* cyclic */
                    next
                      case c_aenc
                      by contradiction /* cyclic */
                    qed
                  next
                    case Responder_responds_to_step5
                    by contradiction /* cyclic */
                  qed
                next
                  case S_responds_to_step4
                  solve( !KU( ~sk ) @ #vk.4 )
                    case Initiator_responds_to_step6
                    by solve( (#vr.14, 0) ~~> (#vk.4, 0) )
                  next
                    case Responder_responds_to_step3
                    solve( !KU( aenc(<ny, hosty>, pk(~skb)) ) @ #vk.5 )
                      case Initiator_responds_to_step2
                      by contradiction /* forbidden KD-fact */
                    next
                      case Initiator_responds_to_step6
                      by contradiction /* impossible chain */
                    next
                      case Responder_responds_to_step3
                      by contradiction /* cyclic */
                    next
                      case Responder_responds_to_step5_case_1
                      by contradiction /* cyclic */
                    next
                      case Responder_responds_to_step5_case_2
                      by contradiction /* cyclic */
                    next
                      case c_aenc
                      by contradiction /* cyclic */
                    qed
                  next
                    case Responder_responds_to_step5
                    by contradiction /* cyclic */
                  qed
                next
                  case c_revealSign
                  by contradiction /* cyclic */
                qed
              qed
            qed
          next
            case c_aenc
            solve( !KU( ~na ) @ #vk.4 )
              case Initiator_responds_to_step2
              solve( !KU( revealSign(<pk(x), $B>, ~sks) ) @ #vk.2 )
                case Initiator_responds_to_step6
                by contradiction /* impossible chain */
              next
                case Responder_responds_to_step3
                solve( !KU( aenc(<z.1, z>, pk(~skb)) ) @ #vk.9 )
                  case Initiator_responds_to_step2
                  by contradiction /* forbidden KD-fact */
                next
                  case Initiator_responds_to_step6
                  by contradiction /* impossible chain */
                next
                  case Responder_responds_to_step3
                  by contradiction /* cyclic */
                next
                  case Responder_responds_to_step5_case_1
                  by contradiction /* cyclic */
                next
                  case Responder_responds_to_step5_case_2
                  by contradiction /* cyclic */
                next
                  case c_aenc
                  by contradiction /* cyclic */
                qed
              next
                case Responder_responds_to_step5
                solve( !KU( revealSign(<pk(x.1), $A.1>, ~sks) ) @ #vk.9 )
                  case Initiator_responds_to_step6
                  by contradiction /* impossible chain */
                next
                  case Responder_responds_to_step3
                  solve( !KU( aenc(<ny, hosty>, pk(~skb)) ) @ #vk.11 )
                    case Initiator_responds_to_step2
                    by contradiction /* forbidden KD-fact */
                  next
                    case Initiator_responds_to_step6
                    by contradiction /* impossible chain */
                  next
                    case Responder_responds_to_step3
                    by contradiction /* cyclic */
                  next
                    case Responder_responds_to_step5_case_1
                    by contradiction /* cyclic */
                  next
                    case Responder_responds_to_step5_case_2
                    by contradiction /* cyclic */
                  next
                    case c_aenc
                    by contradiction /* cyclic */
                  qed
                next
                  case Responder_responds_to_step5
                  by contradiction /* cyclic */
                next
                  case S_responds_to_step1
                  solve( !KU( ~sk ) @ #vk.10 )
                    case Initiator_responds_to_step6
                    by solve( (#vr.14, 0) ~~> (#vk.4, 0) )
                  next
                    case Responder_responds_to_step3
                    solve( !KU( aenc(<ny, hosty>, pk(~skb)) ) @ #vk.11 )
                      case Initiator_responds_to_step2
                      by contradiction /* forbidden KD-fact */
                    next
                      case Initiator_responds_to_step6
                      by contradiction /* impossible chain */
                    next
                      case Responder_responds_to_step3
                      by contradiction /* cyclic */
                    next
                      case Responder_responds_to_step5_case_1
                      by contradiction /* cyclic */
                    next
                      case Responder_responds_to_step5_case_2
                      by contradiction /* cyclic */
                    next
                      case c_aenc
                      by contradiction /* cyclic */
                    qed
                  next
                    case Responder_responds_to_step5
                    by contradiction /* cyclic */
                  qed
                next
                  case S_responds_to_step4
                  solve( !KU( ~sk ) @ #vk.10 )
                    case Initiator_responds_to_step6
                    by solve( (#vr.16, 0) ~~> (#vk.4, 0) )
                  next
                    case Responder_responds_to_step3
                    solve( !KU( aenc(<ny, hosty>, pk(~skb)) ) @ #vk.11 )
                      case Initiator_responds_to_step2
                      by contradiction /* forbidden KD-fact */
                    next
                      case Initiator_responds_to_step6
                      by contradiction /* impossible chain */
                    next
                      case Responder_responds_to_step3
                      by contradiction /* cyclic */
                    next
                      case Responder_responds_to_step5_case_1
                      by contradiction /* cyclic */
                    next
                      case Responder_responds_to_step5_case_2
                      by contradiction /* cyclic */
                    next
                      case c_aenc
                      by contradiction /* cyclic */
                    qed
                  next
                    case Responder_responds_to_step5
                    by contradiction /* cyclic */
                  qed
                next
                  case c_revealSign
                  solve( !KU( ~sks ) @ #vk.13 )
                    case Initiator_responds_to_step6
                    by solve( (#vr.12, 0) ~~> (#vk.4, 0) )
                  next
                    case Responder_responds_to_step3
                    solve( !KU( aenc(<ny, hosty>, pk(~skb)) ) @ #vk.12 )
                      case Initiator_responds_to_step2
                      by contradiction /* forbidden KD-fact */
                    next
                      case Initiator_responds_to_step6
                      by contradiction /* impossible chain */
                    next
                      case Responder_responds_to_step3
                      by contradiction /* cyclic */
                    next
                      case Responder_responds_to_step5_case_1
                      by contradiction /* cyclic */
                    next
                      case Responder_responds_to_step5_case_2
                      by contradiction /* cyclic */
                    next
                      case c_aenc
                      by contradiction /* cyclic */
                    qed
                  next
                    case Responder_responds_to_step5
                    by contradiction /* cyclic */
                  qed
                qed
              next
                case S_responds_to_step1
                solve( !KU( ~sk ) @ #vk.9 )
                  case Initiator_responds_to_step6
                  by solve( (#vr.9, 0) ~~> (#vk.3, 0) )
                next
                  case Responder_responds_to_step3
                  solve( !KU( aenc(<z.1, z>, pk(~skb)) ) @ #vk.11 )
                    case Initiator_responds_to_step2
                    by contradiction /* forbidden KD-fact */
                  next
                    case Initiator_responds_to_step6
                    by contradiction /* impossible chain */
                  next
                    case Responder_responds_to_step3
                    by contradiction /* cyclic */
                  next
                    case Responder_responds_to_step5_case_1
                    by contradiction /* cyclic */
                  next
                    case Responder_responds_to_step5_case_2
                    by contradiction /* cyclic */
                  next
                    case c_aenc
                    by contradiction /* cyclic */
                  qed
                next
                  case Responder_responds_to_step5
                  solve( !KU( revealSign(<pk(x), $A.1>, ~sks) ) @ #vk.11 )
                    case Initiator_responds_to_step6
                    by contradiction /* impossible chain */
                  next
                    case Responder_responds_to_step3
                    solve( !KU( aenc(<ny, hosty>, pk(~skb)) ) @ #vk.13 )
                      case Initiator_responds_to_step2
                      by contradiction /* forbidden KD-fact */
                    next
                      case Initiator_responds_to_step6
                      by contradiction /* impossible chain */
                    next
                      case Responder_responds_to_step3
                      by contradiction /* cyclic */
                    next
                      case Responder_responds_to_step5_case_1
                      by contradiction /* cyclic */
                    next
                      case Responder_responds_to_step5_case_2
                      by contradiction /* cyclic */
                    next
                      case c_aenc
                      by contradiction /* cyclic */
                    qed
                  next
                    case Responder_responds_to_step5
                    by contradiction /* cyclic */
                  next
                    case S_responds_to_step1
                    solve( !KU( ~sk.1 ) @ #vk.12 )
                      case Initiator_responds_to_step6
                      by solve( (#vr.16, 0) ~~> (#vk.5, 0) )
                    next
                      case Responder_responds_to_step3
                      solve( !KU( aenc(<ny, hosty>, pk(~skb)) ) @ #vk.13 )
                        case Initiator_responds_to_step2
                        by contradiction /* forbidden KD-fact */
                      next
                        case Initiator_responds_to_step6
                        by contradiction /* impossible chain */
                      next
                        case Responder_responds_to_step3
                        by contradiction /* cyclic */
                      next
                        case Responder_responds_to_step5_case_1
                        by contradiction /* cyclic */
                      next
                        case Responder_responds_to_step5_case_2
                        by contradiction /* cyclic */
                      next
                        case c_aenc
                        by contradiction /* cyclic */
                      qed
                    next
                      case Responder_responds_to_step5
                      by contradiction /* cyclic */
                    qed
                  next
                    case S_responds_to_step4
                    solve( !KU( ~sk.1 ) @ #vk.12 )
                      case Initiator_responds_to_step6
                      by solve( (#vr.18, 0) ~~> (#vk.5, 0) )
                    next
                      case Responder_responds_to_step3
                      solve( !KU( aenc(<ny, hosty>, pk(~skb)) ) @ #vk.13 )
                        case Initiator_responds_to_step2
                        by contradiction /* forbidden KD-fact */
                      next
                        case Initiator_responds_to_step6
                        by contradiction /* impossible chain */
                      next
                        case Responder_responds_to_step3
                        by contradiction /* cyclic */
                      next
                        case Responder_responds_to_step5_case_1
                        by contradiction /* cyclic */
                      next
                        case Responder_responds_to_step5_case_2
                        by contradiction /* cyclic */
                      next
                        case c_aenc
                        by contradiction /* cyclic */
                      qed
                    next
                      case Responder_responds_to_step5
                      by contradiction /* cyclic */
                    qed
                  next
                    case c_revealSign
                    solve( !KU( ~sks ) @ #vk.15 )
                      case Initiator_responds_to_step6
                      by solve( (#vr.14, 0) ~~> (#vk.5, 0) )
                    next
                      case Responder_responds_to_step3
                      solve( !KU( aenc(<ny, hosty>, pk(~skb)) ) @ #vk.14 )
                        case Initiator_responds_to_step2
                        by contradiction /* forbidden KD-fact */
                      next
                        case Initiator_responds_to_step6
                        by contradiction /* impossible chain */
                      next
                        case Responder_responds_to_step3
                        by contradiction /* cyclic */
                      next
                        case Responder_responds_to_step5_case_1
                        by contradiction /* cyclic */
                      next
                        case Responder_responds_to_step5_case_2
                        by contradiction /* cyclic */
                      next
                        case c_aenc
                        by contradiction /* cyclic */
                      qed
                    next
                      case Responder_responds_to_step5
                      by contradiction /* cyclic */
                    qed
                  qed
                qed
              next
                case S_responds_to_step4
                solve( !KU( ~sk ) @ #vk.9 )
                  case Initiator_responds_to_step6
                  by solve( (#vr.11, 0) ~~> (#vk.3, 0) )
                next
                  case Responder_responds_to_step3
                  solve( !KU( aenc(<z.1, z>, pk(~skb)) ) @ #vk.13 )
                    case Initiator_responds_to_step2
                    by contradiction /* forbidden KD-fact */
                  next
                    case Initiator_responds_to_step6
                    by contradiction /* impossible chain */
                  next
                    case Responder_responds_to_step3
                    by contradiction /* cyclic */
                  next
                    case Responder_responds_to_step5_case_1
                    by contradiction /* cyclic */
                  next
                    case Responder_responds_to_step5_case_2
                    by contradiction /* cyclic */
                  next
                    case c_aenc
                    by contradiction /* cyclic */
                  qed
                next
                  case Responder_responds_to_step5
                  solve( !KU( revealSign(<pk(x), $A.1>, ~sks) ) @ #vk.13 )
                    case Initiator_responds_to_step6
                    by contradiction /* impossible chain */
                  next
                    case Responder_responds_to_step3
                    solve( !KU( aenc(<ny, hosty>, pk(~skb)) ) @ #vk.15 )
                      case Initiator_responds_to_step2
                      by contradiction /* forbidden KD-fact */
                    next
                      case Initiator_responds_to_step6
                      by contradiction /* impossible chain */
                    next
                      case Responder_responds_to_step3
                      by contradiction /* cyclic */
                    next
                      case Responder_responds_to_step5_case_1
                      by contradiction /* cyclic */
                    next
                      case Responder_responds_to_step5_case_2
                      by contradiction /* cyclic */
                    next
                      case c_aenc
                      by contradiction /* cyclic */
                    qed
                  next
                    case Responder_responds_to_step5
                    by contradiction /* cyclic */
                  next
                    case S_responds_to_step1
                    solve( !KU( ~sk.1 ) @ #vk.14 )
                      case Initiator_responds_to_step6
                      by solve( (#vr.18, 0) ~~> (#vk.5, 0) )
                    next
                      case Responder_responds_to_step3
                      solve( !KU( aenc(<ny, hosty>, pk(~skb)) ) @ #vk.15 )
                        case Initiator_responds_to_step2
                        by contradiction /* forbidden KD-fact */
                      next
                        case Initiator_responds_to_step6
                        by contradiction /* impossible chain */
                      next
                        case Responder_responds_to_step3
                        by contradiction /* cyclic */
                      next
                        case Responder_responds_to_step5_case_1
                        by contradiction /* cyclic */
                      next
                        case Responder_responds_to_step5_case_2
                        by contradiction /* cyclic */
                      next
                        case c_aenc
                        by contradiction /* cyclic */
                      qed
                    next
                      case Responder_responds_to_step5
                      by contradiction /* cyclic */
                    qed
                  next
                    case S_responds_to_step4
                    solve( !KU( ~sk.1 ) @ #vk.14 )
                      case Initiator_responds_to_step6
                      by solve( (#vr.20, 0) ~~> (#vk.5, 0) )
                    next
                      case Responder_responds_to_step3
                      solve( !KU( aenc(<ny, hosty>, pk(~skb)) ) @ #vk.15 )
                        case Initiator_responds_to_step2
                        by contradiction /* forbidden KD-fact */
                      next
                        case Initiator_responds_to_step6
                        by contradiction /* impossible chain */
                      next
                        case Responder_responds_to_step3
                        by contradiction /* cyclic */
                      next
                        case Responder_responds_to_step5_case_1
                        by contradiction /* cyclic */
                      next
                        case Responder_responds_to_step5_case_2
                        by contradiction /* cyclic */
                      next
                        case c_aenc
                        by contradiction /* cyclic */
                      qed
                    next
                      case Responder_responds_to_step5
                      by contradiction /* cyclic */
                    qed
                  next
                    case c_revealSign
                    solve( !KU( ~sks ) @ #vk.17 )
                      case Initiator_responds_to_step6
                      by solve( (#vr.16, 0) ~~> (#vk.5, 0) )
                    next
                      case Responder_responds_to_step3
                      solve( !KU( aenc(<ny, hosty>, pk(~skb)) ) @ #vk.16 )
                        case Initiator_responds_to_step2
                        by contradiction /* forbidden KD-fact */
                      next
                        case Initiator_responds_to_step6
                        by contradiction /* impossible chain */
                      next
                        case Responder_responds_to_step3
                        by contradiction /* cyclic */
                      next
                        case Responder_responds_to_step5_case_1
                        by contradiction /* cyclic */
                      next
                        case Responder_responds_to_step5_case_2
                        by contradiction /* cyclic */
                      next
                        case c_aenc
                        by contradiction /* cyclic */
                      qed
                    next
                      case Responder_responds_to_step5
                      by contradiction /* cyclic */
                    qed
                  qed
                qed
              next
                case c_revealSign
                solve( !KU( ~sks ) @ #vk.10 )
                  case Initiator_responds_to_step6
                  by solve( (#vr.7, 0) ~~> (#vk.3, 0) )
                next
                  case Responder_responds_to_step3
                  solve( !KU( aenc(<z.1, z>, pk(~skb)) ) @ #vk.12 )
                    case Initiator_responds_to_step2
                    by contradiction /* forbidden KD-fact */
                  next
                    case Initiator_responds_to_step6
                    by contradiction /* impossible chain */
                  next
                    case Responder_responds_to_step3
                    by contradiction /* cyclic */
                  next
                    case Responder_responds_to_step5_case_1
                    by contradiction /* cyclic */
                  next
                    case Responder_responds_to_step5_case_2
                    by contradiction /* cyclic */
                  next
                    case c_aenc
                    by contradiction /* cyclic */
                  qed
                next
                  case Responder_responds_to_step5
                  solve( !KU( revealSign(<pk(x.1), $A.1>, ~sks) ) @ #vk.12 )
                    case Initiator_responds_to_step6
                    by contradiction /* impossible chain */
                  next
                    case Responder_responds_to_step3
                    solve( !KU( aenc(<ny, hosty>, pk(~skb)) ) @ #vk.14 )
                      case Initiator_responds_to_step2
                      by contradiction /* forbidden KD-fact */
                    next
                      case Initiator_responds_to_step6
                      by contradiction /* impossible chain */
                    next
                      case Responder_responds_to_step3
                      by contradiction /* cyclic */
                    next
                      case Responder_responds_to_step5_case_1
                      by contradiction /* cyclic */
                    next
                      case Responder_responds_to_step5_case_2
                      by contradiction /* cyclic */
                    next
                      case c_aenc
                      by contradiction /* cyclic */
                    qed
                  next
                    case Responder_responds_to_step5
                    by contradiction /* cyclic */
                  next
                    case S_responds_to_step1
                    solve( !KU( ~sk ) @ #vk.13 )
                      case Initiator_responds_to_step6
                      by solve( (#vr.14, 0) ~~> (#vk.5, 0) )
                    next
                      case Responder_responds_to_step3
                      solve( !KU( aenc(<ny, hosty>, pk(~skb)) ) @ #vk.14 )
                        case Initiator_responds_to_step2
                        by contradiction /* forbidden KD-fact */
                      next
                        case Initiator_responds_to_step6
                        by contradiction /* impossible chain */
                      next
                        case Responder_responds_to_step3
                        by contradiction /* cyclic */
                      next
                        case Responder_responds_to_step5_case_1
                        by contradiction /* cyclic */
                      next
                        case Responder_responds_to_step5_case_2
                        by contradiction /* cyclic */
                      next
                        case c_aenc
                        by contradiction /* cyclic */
                      qed
                    next
                      case Responder_responds_to_step5
                      by contradiction /* cyclic */
                    qed
                  next
                    case S_responds_to_step4
                    solve( !KU( ~sk ) @ #vk.13 )
                      case Initiator_responds_to_step6
                      by solve( (#vr.16, 0) ~~> (#vk.5, 0) )
                    next
                      case Responder_responds_to_step3
                      solve( !KU( aenc(<ny, hosty>, pk(~skb)) ) @ #vk.14 )
                        case Initiator_responds_to_step2
                        by contradiction /* forbidden KD-fact */
                      next
                        case Initiator_responds_to_step6
                        by contradiction /* impossible chain */
                      next
                        case Responder_responds_to_step3
                        by contradiction /* cyclic */
                      next
                        case Responder_responds_to_step5_case_1
                        by contradiction /* cyclic */
                      next
                        case Responder_responds_to_step5_case_2
                        by contradiction /* cyclic */
                      next
                        case c_aenc
                        by contradiction /* cyclic */
                      qed
                    next
                      case Responder_responds_to_step5
                      by contradiction /* cyclic */
                    qed
                  next
                    case c_revealSign
                    by contradiction /* cyclic */
                  qed
                qed
              qed
            next
              case Initiator_responds_to_step6
              by solve( (#vr.5, 0) ~~> (#vk.1, 0) )
            next
              case Responder_responds_to_step3
              solve( !KU( revealSign(<pkx, $B>, ~sks) ) @ #vk.2 )
                case Initiator_responds_to_step6
                by contradiction /* impossible chain */
              next
                case Responder_responds_to_step3
                solve( !KU( aenc(<z.1, z>, pk(~skb)) ) @ #vk.8 )
                  case Initiator_responds_to_step2
                  by contradiction /* forbidden KD-fact */
                next
                  case Initiator_responds_to_step6
                  by contradiction /* impossible chain */
                next
                  case Responder_responds_to_step3
                  by contradiction /* cyclic */
                next
                  case Responder_responds_to_step5_case_1
                  by contradiction /* cyclic */
                next
                  case Responder_responds_to_step5_case_2
                  by contradiction /* cyclic */
                next
                  case c_aenc
                  by contradiction /* cyclic */
                qed
              next
                case Responder_responds_to_step5
                solve( !KU( aenc(<z.1, z>, pk(~skb)) ) @ #vk.8 )
                  case Initiator_responds_to_step2
                  by contradiction /* forbidden KD-fact */
                next
                  case Initiator_responds_to_step6
                  by contradiction /* impossible chain */
                next
                  case Responder_responds_to_step3
                  by contradiction /* cyclic */
                next
                  case Responder_responds_to_step5_case_1
                  by contradiction /* cyclic */
                next
                  case Responder_responds_to_step5_case_2
                  by contradiction /* cyclic */
                next
                  case c_aenc
                  by contradiction /* cyclic */
                qed
              next
                case S_responds_to_step1
                solve( !KU( aenc(<z.1, z>, pk(~skb)) ) @ #vk.9 )
                  case Initiator_responds_to_step2
                  by contradiction /* forbidden KD-fact */
                next
                  case Initiator_responds_to_step6
                  by contradiction /* impossible chain */
                next
                  case Responder_responds_to_step3
                  by contradiction /* cyclic */
                next
                  case Responder_responds_to_step5_case_1
                  by contradiction /* cyclic */
                next
                  case Responder_responds_to_step5_case_2
                  by contradiction /* cyclic */
                next
                  case c_aenc
                  by contradiction /* cyclic */
                qed
              next
                case S_responds_to_step4
                solve( !KU( aenc(<z.1, z>, pk(~skb)) ) @ #vk.9 )
                  case Initiator_responds_to_step2
                  by contradiction /* forbidden KD-fact */
                next
                  case Initiator_responds_to_step6
                  by contradiction /* impossible chain */
                next
                  case Responder_responds_to_step3
                  by contradiction /* cyclic */
                next
                  case Responder_responds_to_step5_case_1
                  by contradiction /* cyclic */
                next
                  case Responder_responds_to_step5_case_2
                  by contradiction /* cyclic */
                next
                  case c_aenc
                  by contradiction /* cyclic */
                qed
              next
                case c_revealSign
                solve( !KU( ~sks ) @ #vk.10 )
                  case Initiator_responds_to_step6
                  by solve( (#vr.8, 0) ~~> (#vk.3, 0) )
                next
                  case Responder_responds_to_step3
                  solve( !KU( aenc(<z.1, z>, pk(~skb)) ) @ #vk.10 )
                    case Initiator_responds_to_step2
                    by contradiction /* forbidden KD-fact */
                  next
                    case Initiator_responds_to_step6
                    by contradiction /* impossible chain */
                  next
                    case Responder_responds_to_step3
                    by contradiction /* cyclic */
                  next
                    case Responder_responds_to_step5_case_1
                    by contradiction /* cyclic */
                  next
                    case Responder_responds_to_step5_case_2
                    by contradiction /* cyclic */
                  next
                    case c_aenc
                    by contradiction /* cyclic */
                  qed
                next
                  case Responder_responds_to_step5
                  solve( !KU( aenc(<z.1, z>, pk(~skb)) ) @ #vk.10 )
                    case Initiator_responds_to_step2
                    by contradiction /* forbidden KD-fact */
                  next
                    case Initiator_responds_to_step6
                    by contradiction /* impossible chain */
                  next
                    case Responder_responds_to_step3
                    by contradiction /* cyclic */
                  next
                    case Responder_responds_to_step5_case_1
                    by contradiction /* cyclic */
                  next
                    case Responder_responds_to_step5_case_2
                    by contradiction /* cyclic */
                  next
                    case c_aenc
                    by contradiction /* cyclic */
                  qed
                qed
              qed
            next
              case Responder_responds_to_step5
              solve( !KU( revealSign(<pkx, $B>, ~sks) ) @ #vk.2 )
                case Initiator_responds_to_step6
                by contradiction /* impossible chain */
              next
                case Responder_responds_to_step3
                solve( !KU( revealSign(<pk(x), $A.1>, ~sks) ) @ #vk.8 )
                  case Initiator_responds_to_step6
                  by contradiction /* impossible chain */
                next
                  case Responder_responds_to_step3
                  solve( !KU( aenc(<ny, hosty>, pk(~skb)) ) @ #vk.10 )
                    case Initiator_responds_to_step2
                    by contradiction /* forbidden KD-fact */
                  next
                    case Initiator_responds_to_step6
                    by contradiction /* impossible chain */
                  next
                    case Responder_responds_to_step3
                    by contradiction /* cyclic */
                  next
                    case Responder_responds_to_step5_case_1
                    by contradiction /* cyclic */
                  next
                    case Responder_responds_to_step5_case_2
                    by contradiction /* cyclic */
                  next
                    case c_aenc
                    by contradiction /* cyclic */
                  qed
                next
                  case Responder_responds_to_step5
                  by contradiction /* cyclic */
                next
                  case S_responds_to_step1
                  solve( !KU( ~sk ) @ #vk.9 )
                    case Initiator_responds_to_step6
                    by solve( (#vr.13, 0) ~~> (#vk.4, 0) )
                  next
                    case Responder_responds_to_step3
                    solve( !KU( aenc(<ny, hosty>, pk(~skb)) ) @ #vk.10 )
                      case Initiator_responds_to_step2
                      by contradiction /* forbidden KD-fact */
                    next
                      case Initiator_responds_to_step6
                      by contradiction /* impossible chain */
                    next
                      case Responder_responds_to_step3
                      by contradiction /* cyclic */
                    next
                      case Responder_responds_to_step5_case_1
                      by contradiction /* cyclic */
                    next
                      case Responder_responds_to_step5_case_2
                      by contradiction /* cyclic */
                    next
                      case c_aenc
                      by contradiction /* cyclic */
                    qed
                  next
                    case Responder_responds_to_step5
                    by contradiction /* cyclic */
                  qed
                next
                  case S_responds_to_step4
                  solve( !KU( ~sk ) @ #vk.9 )
                    case Initiator_responds_to_step6
                    by solve( (#vr.15, 0) ~~> (#vk.4, 0) )
                  next
                    case Responder_responds_to_step3
                    solve( !KU( aenc(<ny, hosty>, pk(~skb)) ) @ #vk.10 )
                      case Initiator_responds_to_step2
                      by contradiction /* forbidden KD-fact */
                    next
                      case Initiator_responds_to_step6
                      by contradiction /* impossible chain */
                    next
                      case Responder_responds_to_step3
                      by contradiction /* cyclic */
                    next
                      case Responder_responds_to_step5_case_1
                      by contradiction /* cyclic */
                    next
                      case Responder_responds_to_step5_case_2
                      by contradiction /* cyclic */
                    next
                      case c_aenc
                      by contradiction /* cyclic */
                    qed
                  next
                    case Responder_responds_to_step5
                    by contradiction /* cyclic */
                  qed
                next
                  case c_revealSign
                  solve( !KU( ~sks ) @ #vk.12 )
                    case Initiator_responds_to_step6
                    by solve( (#vr.11, 0) ~~> (#vk.4, 0) )
                  next
                    case Responder_responds_to_step3
                    solve( !KU( aenc(<ny, hosty>, pk(~skb)) ) @ #vk.11 )
                      case Initiator_responds_to_step2
                      by contradiction /* forbidden KD-fact */
                    next
                      case Initiator_responds_to_step6
                      by contradiction /* impossible chain */
                    next
                      case Responder_responds_to_step3
                      by contradiction /* cyclic */
                    next
                      case Responder_responds_to_step5_case_1
                      by contradiction /* cyclic */
                    next
                      case Responder_responds_to_step5_case_2
                      by contradiction /* cyclic */
                    next
                      case c_aenc
                      by contradiction /* cyclic */
                    qed
                  next
                    case Responder_responds_to_step5
                    by contradiction /* cyclic */
                  qed
                qed
              next
                case Responder_responds_to_step5
                solve( !KU( revealSign(<pk(x), $A.1>, ~sks) ) @ #vk.8 )
                  case Initiator_responds_to_step6
                  by contradiction /* impossible chain */
                next
                  case Responder_responds_to_step3
                  solve( !KU( aenc(<ny, hosty>, pk(~skb)) ) @ #vk.10 )
                    case Initiator_responds_to_step2
                    by contradiction /* forbidden KD-fact */
                  next
                    case Initiator_responds_to_step6
                    by contradiction /* impossible chain */
                  next
                    case Responder_responds_to_step3
                    by contradiction /* cyclic */
                  next
                    case Responder_responds_to_step5_case_1
                    by contradiction /* cyclic */
                  next
                    case Responder_responds_to_step5_case_2
                    by contradiction /* cyclic */
                  next
                    case c_aenc
                    by contradiction /* cyclic */
                  qed
                next
                  case Responder_responds_to_step5
                  by contradiction /* cyclic */
                next
                  case S_responds_to_step1
                  solve( !KU( ~sk ) @ #vk.9 )
                    case Initiator_responds_to_step6
                    by solve( (#vr.12, 0) ~~> (#vk.4, 0) )
                  next
                    case Responder_responds_to_step3
                    solve( !KU( aenc(<ny, hosty>, pk(~skb)) ) @ #vk.10 )
                      case Initiator_responds_to_step2
                      by contradiction /* forbidden KD-fact */
                    next
                      case Initiator_responds_to_step6
                      by contradiction /* impossible chain */
                    next
                      case Responder_responds_to_step3
                      by contradiction /* cyclic */
                    next
                      case Responder_responds_to_step5_case_1
                      by contradiction /* cyclic */
                    next
                      case Responder_responds_to_step5_case_2
                      by contradiction /* cyclic */
                    next
                      case c_aenc
                      by contradiction /* cyclic */
                    qed
                  next
                    case Responder_responds_to_step5
                    by contradiction /* cyclic */
                  qed
                next
                  case S_responds_to_step4
                  solve( !KU( ~sk ) @ #vk.9 )
                    case Initiator_responds_to_step6
                    by solve( (#vr.14, 0) ~~> (#vk.4, 0) )
                  next
                    case Responder_responds_to_step3
                    solve( !KU( aenc(<ny, hosty>, pk(~skb)) ) @ #vk.10 )
                      case Initiator_responds_to_step2
                      by contradiction /* forbidden KD-fact */
                    next
                      case Initiator_responds_to_step6
                      by contradiction /* impossible chain */
                    next
                      case Responder_responds_to_step3
                      by contradiction /* cyclic */
                    next
                      case Responder_responds_to_step5_case_1
                      by contradiction /* cyclic */
                    next
                      case Responder_responds_to_step5_case_2
                      by contradiction /* cyclic */
                    next
                      case c_aenc
                      by contradiction /* cyclic */
                    qed
                  next
                    case Responder_responds_to_step5
                    by contradiction /* cyclic */
                  qed
                next
                  case c_revealSign
                  solve( !KU( ~sks ) @ #vk.12 )
                    case Initiator_responds_to_step6
                    by solve( (#vr.10, 0) ~~> (#vk.4, 0) )
                  next
                    case Responder_responds_to_step3
                    solve( !KU( aenc(<ny, hosty>, pk(~skb)) ) @ #vk.11 )
                      case Initiator_responds_to_step2
                      by contradiction /* forbidden KD-fact */
                    next
                      case Initiator_responds_to_step6
                      by contradiction /* impossible chain */
                    next
                      case Responder_responds_to_step3
                      by contradiction /* cyclic */
                    next
                      case Responder_responds_to_step5_case_1
                      by contradiction /* cyclic */
                    next
                      case Responder_responds_to_step5_case_2
                      by contradiction /* cyclic */
                    next
                      case c_aenc
                      by contradiction /* cyclic */
                    qed
                  next
                    case Responder_responds_to_step5
                    by contradiction /* cyclic */
                  qed
                qed
              next
                case S_responds_to_step1
                solve( !KU( revealSign(<pk(x), $A.1>, ~sks) ) @ #vk.9 )
                  case Initiator_responds_to_step6
                  by contradiction /* impossible chain */
                next
                  case Responder_responds_to_step3
                  solve( !KU( aenc(<ny, hosty>, pk(~skb)) ) @ #vk.11 )
                    case Initiator_responds_to_step2
                    by contradiction /* forbidden KD-fact */
                  next
                    case Initiator_responds_to_step6
                    by contradiction /* impossible chain */
                  next
                    case Responder_responds_to_step3
                    by contradiction /* cyclic */
                  next
                    case Responder_responds_to_step5_case_1
                    by contradiction /* cyclic */
                  next
                    case Responder_responds_to_step5_case_2
                    by contradiction /* cyclic */
                  next
                    case c_aenc
                    by contradiction /* cyclic */
                  qed
                next
                  case Responder_responds_to_step5
                  by contradiction /* cyclic */
                next
                  case S_responds_to_step1
                  solve( !KU( ~sk.1 ) @ #vk.10 )
                    case Initiator_responds_to_step6
                    by solve( (#vr.14, 0) ~~> (#vk.4, 0) )
                  next
                    case Responder_responds_to_step3
                    solve( !KU( aenc(<ny, hosty>, pk(~skb)) ) @ #vk.11 )
                      case Initiator_responds_to_step2
                      by contradiction /* forbidden KD-fact */
                    next
                      case Initiator_responds_to_step6
                      by contradiction /* impossible chain */
                    next
                      case Responder_responds_to_step3
                      by contradiction /* cyclic */
                    next
                      case Responder_responds_to_step5_case_1
                      by contradiction /* cyclic */
                    next
                      case Responder_responds_to_step5_case_2
                      by contradiction /* cyclic */
                    next
                      case c_aenc
                      by contradiction /* cyclic */
                    qed
                  next
                    case Responder_responds_to_step5
                    by contradiction /* cyclic */
                  qed
                next
                  case S_responds_to_step4
                  solve( !KU( ~sk.1 ) @ #vk.10 )
                    case Initiator_responds_to_step6
                    by solve( (#vr.16, 0) ~~> (#vk.4, 0) )
                  next
                    case Responder_responds_to_step3
                    solve( !KU( aenc(<ny, hosty>, pk(~skb)) ) @ #vk.11 )
                      case Initiator_responds_to_step2
                      by contradiction /* forbidden KD-fact */
                    next
                      case Initiator_responds_to_step6
                      by contradiction /* impossible chain */
                    next
                      case Responder_responds_to_step3
                      by contradiction /* cyclic */
                    next
                      case Responder_responds_to_step5_case_1
                      by contradiction /* cyclic */
                    next
                      case Responder_responds_to_step5_case_2
                      by contradiction /* cyclic */
                    next
                      case c_aenc
                      by contradiction /* cyclic */
                    qed
                  next
                    case Responder_responds_to_step5
                    by contradiction /* cyclic */
                  qed
                next
                  case c_revealSign
                  solve( !KU( ~sks ) @ #vk.14 )
                    case Initiator_responds_to_step6
                    by solve( (#vr.12, 0) ~~> (#vk.4, 0) )
                  next
                    case Responder_responds_to_step3
                    solve( !KU( aenc(<ny, hosty>, pk(~skb)) ) @ #vk.12 )
                      case Initiator_responds_to_step2
                      by contradiction /* forbidden KD-fact */
                    next
                      case Initiator_responds_to_step6
                      by contradiction /* impossible chain */
                    next
                      case Responder_responds_to_step3
                      by contradiction /* cyclic */
                    next
                      case Responder_responds_to_step5_case_1
                      by contradiction /* cyclic */
                    next
                      case Responder_responds_to_step5_case_2
                      by contradiction /* cyclic */
                    next
                      case c_aenc
                      by contradiction /* cyclic */
                    qed
                  next
                    case Responder_responds_to_step5
                    by contradiction /* cyclic */
                  qed
                qed
              next
                case S_responds_to_step4
                solve( !KU( revealSign(<pk(x), $A.1>, ~sks) ) @ #vk.9 )
                  case Initiator_responds_to_step6
                  by contradiction /* impossible chain */
                next
                  case Responder_responds_to_step3
                  solve( !KU( aenc(<ny, hosty>, pk(~skb)) ) @ #vk.11 )
                    case Initiator_responds_to_step2
                    by contradiction /* forbidden KD-fact */
                  next
                    case Initiator_responds_to_step6
                    by contradiction /* impossible chain */
                  next
                    case Responder_responds_to_step3
                    by contradiction /* cyclic */
                  next
                    case Responder_responds_to_step5_case_1
                    by contradiction /* cyclic */
                  next
                    case Responder_responds_to_step5_case_2
                    by contradiction /* cyclic */
                  next
                    case c_aenc
                    by contradiction /* cyclic */
                  qed
                next
                  case Responder_responds_to_step5
                  by contradiction /* cyclic */
                next
                  case S_responds_to_step1
                  solve( !KU( ~sk.1 ) @ #vk.10 )
                    case Initiator_responds_to_step6
                    by solve( (#vr.16, 0) ~~> (#vk.4, 0) )
                  next
                    case Responder_responds_to_step3
                    solve( !KU( aenc(<ny, hosty>, pk(~skb)) ) @ #vk.11 )
                      case Initiator_responds_to_step2
                      by contradiction /* forbidden KD-fact */
                    next
                      case Initiator_responds_to_step6
                      by contradiction /* impossible chain */
                    next
                      case Responder_responds_to_step3
                      by contradiction /* cyclic */
                    next
                      case Responder_responds_to_step5_case_1
                      by contradiction /* cyclic */
                    next
                      case Responder_responds_to_step5_case_2
                      by contradiction /* cyclic */
                    next
                      case c_aenc
                      by contradiction /* cyclic */
                    qed
                  next
                    case Responder_responds_to_step5
                    by contradiction /* cyclic */
                  qed
                next
                  case S_responds_to_step4
                  solve( !KU( ~sk.1 ) @ #vk.10 )
                    case Initiator_responds_to_step6
                    by solve( (#vr.18, 0) ~~> (#vk.4, 0) )
                  next
                    case Responder_responds_to_step3
                    solve( !KU( aenc(<ny, hosty>, pk(~skb)) ) @ #vk.11 )
                      case Initiator_responds_to_step2
                      by contradiction /* forbidden KD-fact */
                    next
                      case Initiator_responds_to_step6
                      by contradiction /* impossible chain */
                    next
                      case Responder_responds_to_step3
                      by contradiction /* cyclic */
                    next
                      case Responder_responds_to_step5_case_1
                      by contradiction /* cyclic */
                    next
                      case Responder_responds_to_step5_case_2
                      by contradiction /* cyclic */
                    next
                      case c_aenc
                      by contradiction /* cyclic */
                    qed
                  next
                    case Responder_responds_to_step5
                    by contradiction /* cyclic */
                  qed
                next
                  case c_revealSign
                  solve( !KU( ~sks ) @ #vk.16 )
                    case Initiator_responds_to_step6
                    by solve( (#vr.14, 0) ~~> (#vk.4, 0) )
                  next
                    case Responder_responds_to_step3
                    solve( !KU( aenc(<ny, hosty>, pk(~skb)) ) @ #vk.12 )
                      case Initiator_responds_to_step2
                      by contradiction /* forbidden KD-fact */
                    next
                      case Initiator_responds_to_step6
                      by contradiction /* impossible chain */
                    next
                      case Responder_responds_to_step3
                      by contradiction /* cyclic */
                    next
                      case Responder_responds_to_step5_case_1
                      by contradiction /* cyclic */
                    next
                      case Responder_responds_to_step5_case_2
                      by contradiction /* cyclic */
                    next
                      case c_aenc
                      by contradiction /* cyclic */
                    qed
                  next
                    case Responder_responds_to_step5
                    by contradiction /* cyclic */
                  qed
                qed
              next
                case c_revealSign
                solve( !KU( ~sks ) @ #vk.12 )
                  case Initiator_responds_to_step6
                  by solve( (#vr.10, 0) ~~> (#vk.3, 0) )
                next
                  case Responder_responds_to_step3
                  solve( !KU( revealSign(<pk(x), $A.1>, ~sks) ) @ #vk.10 )
                    case Initiator_responds_to_step6
                    by contradiction /* impossible chain */
                  next
                    case Responder_responds_to_step3
                    solve( !KU( aenc(<ny, hosty>, pk(~skb)) ) @ #vk.12 )
                      case Initiator_responds_to_step2
                      by contradiction /* forbidden KD-fact */
                    next
                      case Initiator_responds_to_step6
                      by contradiction /* impossible chain */
                    next
                      case Responder_responds_to_step3
                      by contradiction /* cyclic */
                    next
                      case Responder_responds_to_step5_case_1
                      by contradiction /* cyclic */
                    next
                      case Responder_responds_to_step5_case_2
                      by contradiction /* cyclic */
                    next
                      case c_aenc
                      by contradiction /* cyclic */
                    qed
                  next
                    case Responder_responds_to_step5
                    by contradiction /* cyclic */
                  next
                    case S_responds_to_step1
                    solve( !KU( ~sk ) @ #vk.11 )
                      case Initiator_responds_to_step6
                      by solve( (#vr.13, 0) ~~> (#vk.5, 0) )
                    next
                      case Responder_responds_to_step3
                      solve( !KU( aenc(<ny, hosty>, pk(~skb)) ) @ #vk.12 )
                        case Initiator_responds_to_step2
                        by contradiction /* forbidden KD-fact */
                      next
                        case Initiator_responds_to_step6
                        by contradiction /* impossible chain */
                      next
                        case Responder_responds_to_step3
                        by contradiction /* cyclic */
                      next
                        case Responder_responds_to_step5_case_1
                        by contradiction /* cyclic */
                      next
                        case Responder_responds_to_step5_case_2
                        by contradiction /* cyclic */
                      next
                        case c_aenc
                        by contradiction /* cyclic */
                      qed
                    next
                      case Responder_responds_to_step5
                      by contradiction /* cyclic */
                    qed
                  next
                    case S_responds_to_step4
                    solve( !KU( ~sk ) @ #vk.11 )
                      case Initiator_responds_to_step6
                      by solve( (#vr.15, 0) ~~> (#vk.5, 0) )
                    next
                      case Responder_responds_to_step3
                      solve( !KU( aenc(<ny, hosty>, pk(~skb)) ) @ #vk.12 )
                        case Initiator_responds_to_step2
                        by contradiction /* forbidden KD-fact */
                      next
                        case Initiator_responds_to_step6
                        by contradiction /* impossible chain */
                      next
                        case Responder_responds_to_step3
                        by contradiction /* cyclic */
                      next
                        case Responder_responds_to_step5_case_1
                        by contradiction /* cyclic */
                      next
                        case Responder_responds_to_step5_case_2
                        by contradiction /* cyclic */
                      next
                        case c_aenc
                        by contradiction /* cyclic */
                      qed
                    next
                      case Responder_responds_to_step5
                      by contradiction /* cyclic */
                    qed
                  next
                    case c_revealSign
                    solve( !KU( aenc(<ny, hosty>, pk(~skb)) ) @ #vk.12 )
                      case Initiator_responds_to_step2
                      by contradiction /* forbidden KD-fact */
                    next
                      case Initiator_responds_to_step6
                      by contradiction /* impossible chain */
                    next
                      case Responder_responds_to_step3
                      by contradiction /* cyclic */
                    next
                      case Responder_responds_to_step5_case_1
                      by contradiction /* cyclic */
                    next
                      case Responder_responds_to_step5_case_2
                      by contradiction /* cyclic */
                    next
                      case c_aenc
                      by contradiction /* cyclic */
                    qed
                  qed
                next
                  case Responder_responds_to_step5
                  solve( !KU( revealSign(<pk(x), $A.1>, ~sks) ) @ #vk.10 )
                    case Initiator_responds_to_step6
                    by contradiction /* impossible chain */
                  next
                    case Responder_responds_to_step3
                    solve( !KU( aenc(<ny, hosty>, pk(~skb)) ) @ #vk.12 )
                      case Initiator_responds_to_step2
                      by contradiction /* forbidden KD-fact */
                    next
                      case Initiator_responds_to_step6
                      by contradiction /* impossible chain */
                    next
                      case Responder_responds_to_step3
                      by contradiction /* cyclic */
                    next
                      case Responder_responds_to_step5_case_1
                      by contradiction /* cyclic */
                    next
                      case Responder_responds_to_step5_case_2
                      by contradiction /* cyclic */
                    next
                      case c_aenc
                      by contradiction /* cyclic */
                    qed
                  next
                    case Responder_responds_to_step5
                    by contradiction /* cyclic */
                  next
                    case S_responds_to_step1
                    solve( !KU( ~sk ) @ #vk.11 )
                      case Initiator_responds_to_step6
                      by solve( (#vr.12, 0) ~~> (#vk.5, 0) )
                    next
                      case Responder_responds_to_step3
                      solve( !KU( aenc(<ny, hosty>, pk(~skb)) ) @ #vk.12 )
                        case Initiator_responds_to_step2
                        by contradiction /* forbidden KD-fact */
                      next
                        case Initiator_responds_to_step6
                        by contradiction /* impossible chain */
                      next
                        case Responder_responds_to_step3
                        by contradiction /* cyclic */
                      next
                        case Responder_responds_to_step5_case_1
                        by contradiction /* cyclic */
                      next
                        case Responder_responds_to_step5_case_2
                        by contradiction /* cyclic */
                      next
                        case c_aenc
                        by contradiction /* cyclic */
                      qed
                    next
                      case Responder_responds_to_step5
                      by contradiction /* cyclic */
                    qed
                  next
                    case S_responds_to_step4
                    solve( !KU( ~sk ) @ #vk.11 )
                      case Initiator_responds_to_step6
                      by solve( (#vr.14, 0) ~~> (#vk.5, 0) )
                    next
                      case Responder_responds_to_step3
                      solve( !KU( aenc(<ny, hosty>, pk(~skb)) ) @ #vk.12 )
                        case Initiator_responds_to_step2
                        by contradiction /* forbidden KD-fact */
                      next
                        case Initiator_responds_to_step6
                        by contradiction /* impossible chain */
                      next
                        case Responder_responds_to_step3
                        by contradiction /* cyclic */
                      next
                        case Responder_responds_to_step5_case_1
                        by contradiction /* cyclic */
                      next
                        case Responder_responds_to_step5_case_2
                        by contradiction /* cyclic */
                      next
                        case c_aenc
                        by contradiction /* cyclic */
                      qed
                    next
                      case Responder_responds_to_step5
                      by contradiction /* cyclic */
                    qed
                  next
                    case c_revealSign
                    by contradiction /* cyclic */
                  qed
                qed
              qed
            qed
          qed
        qed
      qed
    next
      case case_2
      by contradiction /* from formulas */
    qed
  next
    case case_2
    solve( (last(#i))  ∥ (∃ #j. (StartI( a, $B, t ) @ #j) ∧ ¬(last(#j))) )
      case case_1
      solve( !Ltk( $B, ~skb ) ▶₀ #i )
        case Register
        solve( State_Responder_2( ~skb, m3_in, t, a, pky, ~nb, m6 ) ▶₁ #i )
          case Responder_responds_to_step5
          solve( splitEqs(1) )
            case split_case_1
            solve( !KU( aenc(~nb, pk(~skb)) ) @ #vk )
              case Initiator_responds_to_step6_case_1
              solve( !KU( revealSign(<pky, $A.1>, ~sks) ) @ #vk.1 )
                case Initiator_responds_to_step6
                by contradiction /* impossible chain */
              next
                case Responder_responds_to_step3
                by contradiction /* forbidden KD-fact */
              next
                case Responder_responds_to_step5
                by contradiction /* cyclic */
              next
                case S_responds_to_step1
                solve( !KU( aenc(<t, $A>, pk(~skb)) ) @ #vk.2 )
                  case Initiator_responds_to_step2
                  solve( !KU( aenc(<~na.1, ~nb, $B>, pk(~ska)) ) @ #vk.3 )
                    case Initiator_responds_to_step6
                    by contradiction /* impossible chain */
                  next
                    case Responder_responds_to_step3
                    by contradiction /* forbidden KD-fact */
                  next
                    case Responder_responds_to_step5_case_1
                    by contradiction /* from formulas */
                  next
                    case Responder_responds_to_step5_case_2
                    by contradiction /* impossible chain */
                  next
                    case c_aenc
                    solve( !KU( ~na.1 ) @ #vk.11 )
                      case Initiator_responds_to_step2
                      solve( !KU( ~nb ) @ #vk.13 )
                        case Initiator_responds_to_step6
                        solve( (#vr.15, 0) ~~> (#vk.5, 0) )
                          case Var_fresh_1_nb
                          solve( !KU( ~skb ) @ #vk.15 )
                            case Initiator_responds_to_step6
                            by solve( (#vr.18, 0) ~~> (#vk.6, 0) )
                          next
                            case Responder_responds_to_step3
                            by contradiction /* forbidden KD-fact */
                          next
                            case Responder_responds_to_step5
                            by solve( (#vr.18, 0) ~~> (#vk.6, 0) )
                          qed
                        qed
                      next
                        case Responder_responds_to_step3
                        by contradiction /* forbidden KD-fact */
                      next
                        case Responder_responds_to_step5_case_1
                        by solve( (#vr.15, 0) ~~> (#vk.5, 0) )
                      next
                        case Responder_responds_to_step5_case_2
                        solve( !KU( ~skb ) @ #vk.15 )
                          case Initiator_responds_to_step6
                          by solve( (#vr.18, 0) ~~> (#vk.6, 0) )
                        next
                          case Responder_responds_to_step3
                          by contradiction /* forbidden KD-fact */
                        next
                          case Responder_responds_to_step5
                          by solve( (#vr.17, 0) ~~> (#vk.6, 0) )
                        qed
                      qed
                    next
                      case Initiator_responds_to_step6
                      by solve( (#vr.13, 0) ~~> (#vk.4, 0) )
                    next
                      case Responder_responds_to_step3
                      by contradiction /* forbidden KD-fact */
                    next
                      case Responder_responds_to_step5
                      solve( (#vr.13, 0) ~~> (#vk.4, 0) )
                        case Var_fresh_na
                        by contradiction /* from formulas */
                      qed
                    qed
                  qed
                next
                  case Initiator_responds_to_step6
                  by contradiction /* impossible chain */
                next
                  case Responder_responds_to_step3
                  by contradiction /* cyclic */
                next
                  case Responder_responds_to_step5
                  by contradiction /* cyclic */
                next
                  case c_aenc
                  solve( !KU( aenc(<~na, ~nb, $B>, pk(~ska)) ) @ #vk.3 )
                    case Initiator_responds_to_step6
                    by contradiction /* impossible chain */
                  next
                    case Responder_responds_to_step3
                    by contradiction /* cyclic */
                  next
                    case Responder_responds_to_step5_case_1
                    by contradiction /* from formulas */
                  next
                    case Responder_responds_to_step5_case_2
                    by contradiction /* cyclic */
                  next
                    case c_aenc
                    solve( !KU( ~na ) @ #vk.14 )
                      case Initiator_responds_to_step2
                      solve( !KU( ~nb ) @ #vk.16 )
                        case Initiator_responds_to_step6
                        solve( (#vr.13, 0) ~~> (#vk.5, 0) )
                          case Var_fresh_1_nb
                          solve( !KU( ~skb ) @ #vk.18 )
                            case Initiator_responds_to_step6
                            by solve( (#vr.16, 0) ~~> (#vk.6, 0) )
                          next
                            case Responder_responds_to_step3
                            by contradiction /* cyclic */
                          next
                            case Responder_responds_to_step5
                            by contradiction /* cyclic */
                          qed
                        qed
                      next
                        case Responder_responds_to_step3
                        by contradiction /* cyclic */
                      next
                        case Responder_responds_to_step5_case_1
                        by contradiction /* cyclic */
                      next
                        case Responder_responds_to_step5_case_2
                        solve( !KU( ~skb ) @ #vk.18 )
                          case Initiator_responds_to_step6
                          by solve( (#vr.16, 0) ~~> (#vk.6, 0) )
                        next
                          case Responder_responds_to_step3
                          by contradiction /* cyclic */
                        next
                          case Responder_responds_to_step5
                          by contradiction /* cyclic */
                        qed
                      qed
                    next
                      case Initiator_responds_to_step6
                      by solve( (#vr.11, 0) ~~> (#vk.4, 0) )
                    next
                      case Responder_responds_to_step3
                      by contradiction /* cyclic */
                    next
                      case Responder_responds_to_step5
                      by contradiction /* cyclic */
                    qed
                  qed
                qed
              next
                case S_responds_to_step4
                solve( !KU( aenc(<t, $A>, pk(~skb)) ) @ #vk.2 )
                  case Initiator_responds_to_step2
                  solve( !KU( aenc(<~na.1, ~nb, $B>, pk(~ska)) ) @ #vk.3 )
                    case Initiator_responds_to_step6
                    by contradiction /* impossible chain */
                  next
                    case Responder_responds_to_step3
                    by contradiction /* forbidden KD-fact */
                  next
                    case Responder_responds_to_step5_case_1
                    by contradiction /* from formulas */
                  next
                    case Responder_responds_to_step5_case_2
                    by contradiction /* impossible chain */
                  next
                    case c_aenc
                    solve( !KU( ~na.1 ) @ #vk.13 )
                      case Initiator_responds_to_step2
                      solve( !KU( ~nb ) @ #vk.15 )
                        case Initiator_responds_to_step6
                        solve( (#vr.17, 0) ~~> (#vk.5, 0) )
                          case Var_fresh_1_nb
                          solve( !KU( ~skb ) @ #vk.17 )
                            case Initiator_responds_to_step6
                            by solve( (#vr.20, 0) ~~> (#vk.6, 0) )
                          next
                            case Responder_responds_to_step3
                            by contradiction /* forbidden KD-fact */
                          next
                            case Responder_responds_to_step5
                            by solve( (#vr.20, 0) ~~> (#vk.6, 0) )
                          qed
                        qed
                      next
                        case Responder_responds_to_step3
                        by contradiction /* forbidden KD-fact */
                      next
                        case Responder_responds_to_step5_case_1
                        by solve( (#vr.17, 0) ~~> (#vk.5, 0) )
                      next
                        case Responder_responds_to_step5_case_2
                        solve( !KU( ~skb ) @ #vk.17 )
                          case Initiator_responds_to_step6
                          by solve( (#vr.20, 0) ~~> (#vk.6, 0) )
                        next
                          case Responder_responds_to_step3
                          by contradiction /* forbidden KD-fact */
                        next
                          case Responder_responds_to_step5
                          by solve( (#vr.19, 0) ~~> (#vk.6, 0) )
                        qed
                      qed
                    next
                      case Initiator_responds_to_step6
                      by solve( (#vr.15, 0) ~~> (#vk.4, 0) )
                    next
                      case Responder_responds_to_step3
                      by contradiction /* forbidden KD-fact */
                    next
                      case Responder_responds_to_step5
                      solve( (#vr.15, 0) ~~> (#vk.4, 0) )
                        case Var_fresh_na
                        by contradiction /* from formulas */
                      qed
                    qed
                  qed
                next
                  case Initiator_responds_to_step6
                  by contradiction /* impossible chain */
                next
                  case Responder_responds_to_step3
                  by contradiction /* cyclic */
                next
                  case Responder_responds_to_step5
                  by contradiction /* cyclic */
                next
                  case c_aenc
                  solve( !KU( aenc(<~na, ~nb, $B>, pk(~ska)) ) @ #vk.3 )
                    case Initiator_responds_to_step6
                    by contradiction /* impossible chain */
                  next
                    case Responder_responds_to_step3
                    by contradiction /* cyclic */
                  next
                    case Responder_responds_to_step5_case_1
                    by contradiction /* from formulas */
                  next
                    case Responder_responds_to_step5_case_2
                    by contradiction /* cyclic */
                  next
                    case c_aenc
                    solve( !KU( ~na ) @ #vk.16 )
                      case Initiator_responds_to_step2
                      solve( !KU( ~nb ) @ #vk.18 )
                        case Initiator_responds_to_step6
                        solve( (#vr.15, 0) ~~> (#vk.5, 0) )
                          case Var_fresh_1_nb
                          solve( !KU( ~skb ) @ #vk.20 )
                            case Initiator_responds_to_step6
                            by solve( (#vr.18, 0) ~~> (#vk.6, 0) )
                          next
                            case Responder_responds_to_step3
                            by contradiction /* cyclic */
                          next
                            case Responder_responds_to_step5
                            by contradiction /* cyclic */
                          qed
                        qed
                      next
                        case Responder_responds_to_step3
                        by contradiction /* cyclic */
                      next
                        case Responder_responds_to_step5_case_1
                        by contradiction /* cyclic */
                      next
                        case Responder_responds_to_step5_case_2
                        solve( !KU( ~skb ) @ #vk.20 )
                          case Initiator_responds_to_step6
                          by solve( (#vr.18, 0) ~~> (#vk.6, 0) )
                        next
                          case Responder_responds_to_step3
                          by contradiction /* cyclic */
                        next
                          case Responder_responds_to_step5
                          by contradiction /* cyclic */
                        qed
                      qed
                    next
                      case Initiator_responds_to_step6
                      by solve( (#vr.13, 0) ~~> (#vk.4, 0) )
                    next
                      case Responder_responds_to_step3
                      by contradiction /* cyclic */
                    next
                      case Responder_responds_to_step5
                      by contradiction /* cyclic */
                    qed
                  qed
                qed
              next
                case c_revealSign
                solve( !KU( ~sks ) @ #vk.6 )
                  case Initiator_responds_to_step6
                  by solve( (#vr.9, 0) ~~> (#vk.2, 0) )
                next
                  case Responder_responds_to_step3
                  by contradiction /* forbidden KD-fact */
                next
                  case Responder_responds_to_step5
                  by contradiction /* cyclic */
                qed
              qed
            next
              case Initiator_responds_to_step6_case_2
              by contradiction /* impossible chain */
            next
              case Responder_responds_to_step3
              solve( !KU( revealSign(<pky, $A>, ~sks) ) @ #vk.1 )
                case Initiator_responds_to_step6
                by contradiction /* impossible chain */
              next
                case Responder_responds_to_step3
                solve( !KU( aenc(<t, a>, pk(~skb)) ) @ #vk.2 )
                  case Initiator_responds_to_step2
                  by contradiction /* forbidden KD-fact */
                next
                  case Initiator_responds_to_step6
                  by contradiction /* impossible chain */
                next
                  case Responder_responds_to_step3
                  by contradiction /* cyclic */
                next
                  case Responder_responds_to_step5_case_1
                  by contradiction /* cyclic */
                next
                  case Responder_responds_to_step5_case_2
                  by contradiction /* cyclic */
                next
                  case c_aenc
                  by contradiction /* cyclic */
                qed
              next
                case Responder_responds_to_step5
                by contradiction /* cyclic */
              next
                case S_responds_to_step1
                solve( !KU( aenc(<t, a>, pk(~skb)) ) @ #vk.2 )
                  case Initiator_responds_to_step2
                  by contradiction /* forbidden KD-fact */
                next
                  case Initiator_responds_to_step6
                  by contradiction /* impossible chain */
                next
                  case Responder_responds_to_step3
                  by contradiction /* cyclic */
                next
                  case Responder_responds_to_step5_case_1
                  by contradiction /* cyclic */
                next
                  case Responder_responds_to_step5_case_2
                  by contradiction /* cyclic */
                next
                  case c_aenc
                  by contradiction /* cyclic */
                qed
              next
                case S_responds_to_step4
                solve( !KU( aenc(<t, a>, pk(~skb)) ) @ #vk.2 )
                  case Initiator_responds_to_step2
                  by contradiction /* forbidden KD-fact */
                next
                  case Initiator_responds_to_step6
                  by contradiction /* impossible chain */
                next
                  case Responder_responds_to_step3
                  by contradiction /* cyclic */
                next
                  case Responder_responds_to_step5_case_1
                  by contradiction /* cyclic */
                next
                  case Responder_responds_to_step5_case_2
                  by contradiction /* cyclic */
                next
                  case c_aenc
                  by contradiction /* cyclic */
                qed
              next
                case c_revealSign
                solve( !KU( ~sks ) @ #vk.4 )
                  case Initiator_responds_to_step6
                  by solve( (#vr.6, 0) ~~> (#vk.2, 0) )
                next
                  case Responder_responds_to_step3
                  solve( !KU( aenc(<t, a>, pk(~skb)) ) @ #vk.3 )
                    case Initiator_responds_to_step2
                    by contradiction /* forbidden KD-fact */
                  next
                    case Initiator_responds_to_step6
                    by contradiction /* impossible chain */
                  next
                    case Responder_responds_to_step3
                    by contradiction /* cyclic */
                  next
                    case Responder_responds_to_step5_case_1
                    by contradiction /* cyclic */
                  next
                    case Responder_responds_to_step5_case_2
                    by contradiction /* cyclic */
                  next
                    case c_aenc
                    by contradiction /* cyclic */
                  qed
                next
                  case Responder_responds_to_step5
                  by contradiction /* cyclic */
                qed
              qed
            next
              case Responder_responds_to_step5
              solve( !KU( revealSign(<pk(x), $A>, ~sks) ) @ #vk.1 )
                case Initiator_responds_to_step6
                by contradiction /* impossible chain */
              next
                case Responder_responds_to_step3
                solve( !KU( aenc(<t, a>, pk(~skb)) ) @ #vk.2 )
                  case Initiator_responds_to_step2
                  by contradiction /* forbidden KD-fact */
                next
                  case Initiator_responds_to_step6
                  by contradiction /* impossible chain */
                next
                  case Responder_responds_to_step3
                  by contradiction /* cyclic */
                next
                  case Responder_responds_to_step5_case_1
                  by contradiction /* cyclic */
                next
                  case Responder_responds_to_step5_case_2
                  by contradiction /* cyclic */
                next
                  case c_aenc
                  by contradiction /* cyclic */
                qed
              next
                case Responder_responds_to_step5
                by contradiction /* cyclic */
              next
                case S_responds_to_step1
                solve( !KU( ~sk ) @ #vk.3 )
                  case Initiator_responds_to_step6
                  by solve( (#vr.9, 0) ~~> (#vk.2, 0) )
                next
                  case Responder_responds_to_step3
                  solve( !KU( aenc(<t, a>, pk(~skb)) ) @ #vk.3 )
                    case Initiator_responds_to_step2
                    by contradiction /* forbidden KD-fact */
                  next
                    case Initiator_responds_to_step6
                    by contradiction /* impossible chain */
                  next
                    case Responder_responds_to_step3
                    by contradiction /* cyclic */
                  next
                    case Responder_responds_to_step5_case_1
                    by contradiction /* cyclic */
                  next
                    case Responder_responds_to_step5_case_2
                    by contradiction /* cyclic */
                  next
                    case c_aenc
                    by contradiction /* cyclic */
                  qed
                next
                  case Responder_responds_to_step5
                  by contradiction /* cyclic */
                qed
              next
                case S_responds_to_step4
                solve( !KU( ~sk ) @ #vk.3 )
                  case Initiator_responds_to_step6
                  by solve( (#vr.11, 0) ~~> (#vk.2, 0) )
                next
                  case Responder_responds_to_step3
                  solve( !KU( aenc(<t, a>, pk(~skb)) ) @ #vk.3 )
                    case Initiator_responds_to_step2
                    by contradiction /* forbidden KD-fact */
                  next
                    case Initiator_responds_to_step6
                    by contradiction /* impossible chain */
                  next
                    case Responder_responds_to_step3
                    by contradiction /* cyclic */
                  next
                    case Responder_responds_to_step5_case_1
                    by contradiction /* cyclic */
                  next
                    case Responder_responds_to_step5_case_2
                    by contradiction /* cyclic */
                  next
                    case c_aenc
                    by contradiction /* cyclic */
                  qed
                next
                  case Responder_responds_to_step5
                  by contradiction /* cyclic */
                qed
              next
                case c_revealSign
                solve( !KU( ~sks ) @ #vk.5 )
                  case Initiator_responds_to_step6
                  by solve( (#vr.7, 0) ~~> (#vk.2, 0) )
                next
                  case Responder_responds_to_step3
                  solve( !KU( aenc(<t, a>, pk(~skb)) ) @ #vk.3 )
                    case Initiator_responds_to_step2
                    by contradiction /* forbidden KD-fact */
                  next
                    case Initiator_responds_to_step6
                    by contradiction /* impossible chain */
                  next
                    case Responder_responds_to_step3
                    by contradiction /* cyclic */
                  next
                    case Responder_responds_to_step5_case_1
                    by contradiction /* cyclic */
                  next
                    case Responder_responds_to_step5_case_2
                    by contradiction /* cyclic */
                  next
                    case c_aenc
                    by contradiction /* cyclic */
                  qed
                next
                  case Responder_responds_to_step5
                  by contradiction /* cyclic */
                qed
              qed
            next
              case c_aenc
              solve( !KU( ~nb ) @ #vk.3 )
                case Initiator_responds_to_step6
                solve( (#vr.5, 0) ~~> (#vk.1, 0) )
                  case Var_fresh_1_nb
                  solve( !KU( revealSign(<pky, $A.1>, ~sks) ) @ #vk.2 )
                    case Initiator_responds_to_step6
                    by contradiction /* impossible chain */
                  next
                    case Responder_responds_to_step3
                    by contradiction /* forbidden KD-fact */
                  next
                    case Responder_responds_to_step5
                    by contradiction /* cyclic */
                  next
                    case S_responds_to_step1
                    solve( !KU( aenc(<ny, $A>, pk(~skb)) ) @ #vk.3 )
                      case Initiator_responds_to_step2
                      solve( !KU( aenc(<~na.1, ~nb, $B>, pk(~ska)) ) @ #vk.5 )
                        case Initiator_responds_to_step6
                        by contradiction /* impossible chain */
                      next
                        case Responder_responds_to_step3
                        by contradiction /* forbidden KD-fact */
                      next
                        case Responder_responds_to_step5_case_1
                        by contradiction /* from formulas */
                      next
                        case Responder_responds_to_step5_case_2
                        by contradiction /* impossible chain */
                      next
                        case c_aenc
                        by contradiction /* cyclic */
                      qed
                    next
                      case Initiator_responds_to_step6
                      by contradiction /* impossible chain */
                    next
                      case Responder_responds_to_step3
                      by contradiction /* cyclic */
                    next
                      case Responder_responds_to_step5
                      by contradiction /* cyclic */
                    next
                      case c_aenc
                      solve( !KU( aenc(<~na, ~nb, $B>, pk(~ska)) ) @ #vk.5 )
                        case Initiator_responds_to_step6
                        by contradiction /* impossible chain */
                      next
                        case Responder_responds_to_step3
                        by contradiction /* cyclic */
                      next
                        case Responder_responds_to_step5_case_1
                        by contradiction /* from formulas */
                      next
                        case Responder_responds_to_step5_case_2
                        by contradiction /* cyclic */
                      next
                        case c_aenc
                        by contradiction /* cyclic */
                      qed
                    qed
                  next
                    case S_responds_to_step4
                    solve( !KU( aenc(<ny, $A>, pk(~skb)) ) @ #vk.3 )
                      case Initiator_responds_to_step2
                      solve( !KU( aenc(<~na.1, ~nb, $B>, pk(~ska)) ) @ #vk.5 )
                        case Initiator_responds_to_step6
                        by contradiction /* impossible chain */
                      next
                        case Responder_responds_to_step3
                        by contradiction /* forbidden KD-fact */
                      next
                        case Responder_responds_to_step5_case_1
                        by contradiction /* from formulas */
                      next
                        case Responder_responds_to_step5_case_2
                        by contradiction /* impossible chain */
                      next
                        case c_aenc
                        by contradiction /* cyclic */
                      qed
                    next
                      case Initiator_responds_to_step6
                      by contradiction /* impossible chain */
                    next
                      case Responder_responds_to_step3
                      by contradiction /* cyclic */
                    next
                      case Responder_responds_to_step5
                      by contradiction /* cyclic */
                    next
                      case c_aenc
                      solve( !KU( aenc(<~na, ~nb, $B>, pk(~ska)) ) @ #vk.5 )
                        case Initiator_responds_to_step6
                        by contradiction /* impossible chain */
                      next
                        case Responder_responds_to_step3
                        by contradiction /* cyclic */
                      next
                        case Responder_responds_to_step5_case_1
                        by contradiction /* from formulas */
                      next
                        case Responder_responds_to_step5_case_2
                        by contradiction /* cyclic */
                      next
                        case c_aenc
                        by contradiction /* cyclic */
                      qed
                    qed
                  next
                    case c_revealSign
                    solve( !KU( ~sks ) @ #vk.9 )
                      case Initiator_responds_to_step6
                      by solve( (#vr.9, 0) ~~> (#vk.3, 0) )
                    next
                      case Responder_responds_to_step3
                      by contradiction /* forbidden KD-fact */
                    next
                      case Responder_responds_to_step5
                      by contradiction /* cyclic */
                    qed
                  qed
                qed
              next
                case Responder_responds_to_step3
                solve( !KU( revealSign(<pky, $A>, ~sks) ) @ #vk.2 )
                  case Initiator_responds_to_step6
                  by contradiction /* impossible chain */
                next
                  case Responder_responds_to_step3
                  solve( !KU( aenc(<t, a>, pk(~skb)) ) @ #vk.3 )
                    case Initiator_responds_to_step2
                    by contradiction /* forbidden KD-fact */
                  next
                    case Initiator_responds_to_step6
                    by contradiction /* impossible chain */
                  next
                    case Responder_responds_to_step3
                    by contradiction /* cyclic */
                  next
                    case Responder_responds_to_step5_case_1
                    by contradiction /* cyclic */
                  next
                    case Responder_responds_to_step5_case_2
                    by contradiction /* cyclic */
                  next
                    case c_aenc
                    by contradiction /* cyclic */
                  qed
                next
                  case Responder_responds_to_step5
                  by contradiction /* cyclic */
                next
                  case S_responds_to_step1
                  solve( !KU( aenc(<t, a>, pk(~skb)) ) @ #vk.3 )
                    case Initiator_responds_to_step2
                    by contradiction /* forbidden KD-fact */
                  next
                    case Initiator_responds_to_step6
                    by contradiction /* impossible chain */
                  next
                    case Responder_responds_to_step3
                    by contradiction /* cyclic */
                  next
                    case Responder_responds_to_step5_case_1
                    by contradiction /* cyclic */
                  next
                    case Responder_responds_to_step5_case_2
                    by contradiction /* cyclic */
                  next
                    case c_aenc
                    by contradiction /* cyclic */
                  qed
                next
                  case S_responds_to_step4
                  solve( !KU( aenc(<t, a>, pk(~skb)) ) @ #vk.3 )
                    case Initiator_responds_to_step2
                    by contradiction /* forbidden KD-fact */
                  next
                    case Initiator_responds_to_step6
                    by contradiction /* impossible chain */
                  next
                    case Responder_responds_to_step3
                    by contradiction /* cyclic */
                  next
                    case Responder_responds_to_step5_case_1
                    by contradiction /* cyclic */
                  next
                    case Responder_responds_to_step5_case_2
                    by contradiction /* cyclic */
                  next
                    case c_aenc
                    by contradiction /* cyclic */
                  qed
                next
                  case c_revealSign
                  solve( !KU( ~sks ) @ #vk.6 )
                    case Initiator_responds_to_step6
                    by solve( (#vr.6, 0) ~~> (#vk.3, 0) )
                  next
                    case Responder_responds_to_step3
                    solve( !KU( aenc(<t, a>, pk(~skb)) ) @ #vk.4 )
                      case Initiator_responds_to_step2
                      by contradiction /* forbidden KD-fact */
                    next
                      case Initiator_responds_to_step6
                      by contradiction /* impossible chain */
                    next
                      case Responder_responds_to_step3
                      by contradiction /* cyclic */
                    next
                      case Responder_responds_to_step5_case_1
                      by contradiction /* cyclic */
                    next
                      case Responder_responds_to_step5_case_2
                      by contradiction /* cyclic */
                    next
                      case c_aenc
                      by contradiction /* cyclic */
                    qed
                  next
                    case Responder_responds_to_step5
                    by contradiction /* cyclic */
                  qed
                qed
              next
                case Responder_responds_to_step5_case_1
                solve( !KU( revealSign(<pk(x), $A>, ~sks) ) @ #vk.2 )
                  case Initiator_responds_to_step6
                  by contradiction /* impossible chain */
                next
                  case Responder_responds_to_step3
                  solve( !KU( aenc(<t, a>, pk(~skb)) ) @ #vk.3 )
                    case Initiator_responds_to_step2
                    by contradiction /* forbidden KD-fact */
                  next
                    case Initiator_responds_to_step6
                    by contradiction /* impossible chain */
                  next
                    case Responder_responds_to_step3
                    by contradiction /* cyclic */
                  next
                    case Responder_responds_to_step5_case_1
                    by contradiction /* cyclic */
                  next
                    case Responder_responds_to_step5_case_2
                    by contradiction /* cyclic */
                  next
                    case c_aenc
                    by contradiction /* cyclic */
                  qed
                next
                  case Responder_responds_to_step5
                  by contradiction /* cyclic */
                next
                  case S_responds_to_step1
                  solve( !KU( ~sk ) @ #vk.5 )
                    case Initiator_responds_to_step6
                    by solve( (#vr.9, 0) ~~> (#vk.3, 0) )
                  next
                    case Responder_responds_to_step3
                    solve( !KU( aenc(<t, a>, pk(~skb)) ) @ #vk.4 )
                      case Initiator_responds_to_step2
                      by contradiction /* forbidden KD-fact */
                    next
                      case Initiator_responds_to_step6
                      by contradiction /* impossible chain */
                    next
                      case Responder_responds_to_step3
                      by contradiction /* cyclic */
                    next
                      case Responder_responds_to_step5_case_1
                      by contradiction /* cyclic */
                    next
                      case Responder_responds_to_step5_case_2
                      by contradiction /* cyclic */
                    next
                      case c_aenc
                      by contradiction /* cyclic */
                    qed
                  next
                    case Responder_responds_to_step5
                    by contradiction /* cyclic */
                  qed
                next
                  case S_responds_to_step4
                  solve( !KU( ~sk ) @ #vk.5 )
                    case Initiator_responds_to_step6
                    by solve( (#vr.11, 0) ~~> (#vk.3, 0) )
                  next
                    case Responder_responds_to_step3
                    solve( !KU( aenc(<t, a>, pk(~skb)) ) @ #vk.4 )
                      case Initiator_responds_to_step2
                      by contradiction /* forbidden KD-fact */
                    next
                      case Initiator_responds_to_step6
                      by contradiction /* impossible chain */
                    next
                      case Responder_responds_to_step3
                      by contradiction /* cyclic */
                    next
                      case Responder_responds_to_step5_case_1
                      by contradiction /* cyclic */
                    next
                      case Responder_responds_to_step5_case_2
                      by contradiction /* cyclic */
                    next
                      case c_aenc
                      by contradiction /* cyclic */
                    qed
                  next
                    case Responder_responds_to_step5
                    by contradiction /* cyclic */
                  qed
                next
                  case c_revealSign
                  solve( !KU( ~sks ) @ #vk.7 )
                    case Initiator_responds_to_step6
                    by solve( (#vr.7, 0) ~~> (#vk.3, 0) )
                  next
                    case Responder_responds_to_step3
                    solve( !KU( aenc(<t, a>, pk(~skb)) ) @ #vk.4 )
                      case Initiator_responds_to_step2
                      by contradiction /* forbidden KD-fact */
                    next
                      case Initiator_responds_to_step6
                      by contradiction /* impossible chain */
                    next
                      case Responder_responds_to_step3
                      by contradiction /* cyclic */
                    next
                      case Responder_responds_to_step5_case_1
                      by contradiction /* cyclic */
                    next
                      case Responder_responds_to_step5_case_2
                      by contradiction /* cyclic */
                    next
                      case c_aenc
                      by contradiction /* cyclic */
                    qed
                  next
                    case Responder_responds_to_step5
                    by contradiction /* cyclic */
                  qed
                qed
              next
                case Responder_responds_to_step5_case_2
                solve( !KU( revealSign(<pk(x), $A>, ~sks) ) @ #vk.2 )
                  case Initiator_responds_to_step6
                  by contradiction /* impossible chain */
                next
                  case Responder_responds_to_step3
                  solve( !KU( aenc(<t, a>, pk(~skb)) ) @ #vk.3 )
                    case Initiator_responds_to_step2
                    by contradiction /* forbidden KD-fact */
                  next
                    case Initiator_responds_to_step6
                    by contradiction /* impossible chain */
                  next
                    case Responder_responds_to_step3
                    by contradiction /* cyclic */
                  next
                    case Responder_responds_to_step5
                    by contradiction /* cyclic */
                  next
                    case c_aenc
                    by contradiction /* cyclic */
                  qed
                next
                  case Responder_responds_to_step5
                  by contradiction /* cyclic */
                next
                  case S_responds_to_step1
                  solve( !KU( ~sk ) @ #vk.5 )
                    case Initiator_responds_to_step6
                    by solve( (#vr.10, 0) ~~> (#vk.3, 0) )
                  next
                    case Responder_responds_to_step3
                    solve( !KU( aenc(<t, a>, pk(~skb)) ) @ #vk.4 )
                      case Initiator_responds_to_step2
                      by contradiction /* forbidden KD-fact */
                    next
                      case Initiator_responds_to_step6
                      by contradiction /* impossible chain */
                    next
                      case Responder_responds_to_step3
                      by contradiction /* cyclic */
                    next
                      case Responder_responds_to_step5
                      by contradiction /* cyclic */
                    next
                      case c_aenc
                      by contradiction /* cyclic */
                    qed
                  next
                    case Responder_responds_to_step5
                    by contradiction /* cyclic */
                  qed
                next
                  case S_responds_to_step4
                  solve( !KU( ~sk ) @ #vk.5 )
                    case Initiator_responds_to_step6
                    by solve( (#vr.12, 0) ~~> (#vk.3, 0) )
                  next
                    case Responder_responds_to_step3
                    solve( !KU( aenc(<t, a>, pk(~skb)) ) @ #vk.4 )
                      case Initiator_responds_to_step2
                      by contradiction /* forbidden KD-fact */
                    next
                      case Initiator_responds_to_step6
                      by contradiction /* impossible chain */
                    next
                      case Responder_responds_to_step3
                      by contradiction /* cyclic */
                    next
                      case Responder_responds_to_step5
                      by contradiction /* cyclic */
                    next
                      case c_aenc
                      by contradiction /* cyclic */
                    qed
                  next
                    case Responder_responds_to_step5
                    by contradiction /* cyclic */
                  qed
                next
                  case c_revealSign
                  solve( !KU( ~sks ) @ #vk.7 )
                    case Initiator_responds_to_step6
                    by solve( (#vr.8, 0) ~~> (#vk.3, 0) )
                  next
                    case Responder_responds_to_step3
                    solve( !KU( aenc(<t, a>, pk(~skb)) ) @ #vk.4 )
                      case Initiator_responds_to_step2
                      by contradiction /* forbidden KD-fact */
                    next
                      case Initiator_responds_to_step6
                      by contradiction /* impossible chain */
                    next
                      case Responder_responds_to_step3
                      by contradiction /* cyclic */
                    next
                      case Responder_responds_to_step5
                      by contradiction /* cyclic */
                    next
                      case c_aenc
                      by contradiction /* cyclic */
                    qed
                  next
                    case Responder_responds_to_step5
                    by contradiction /* cyclic */
                  qed
                qed
              qed
            qed
          next
            case split_case_2
            solve( !KU( aenc(~nb, pk(~skb)) ) @ #vk )
              case Initiator_responds_to_step6
              by contradiction /* impossible chain */
            next
              case c_aenc
              solve( !KU( ~nb ) @ #vk.3 )
                case Initiator_responds_to_step6
                by solve( (#vr.5, 0) ~~> (#vk.1, 0) )
              next
                case Responder_responds_to_step5
                solve( !KU( revealSign(<pk(x), $A>, ~sks) ) @ #vk.2 )
                  case Initiator_responds_to_step6
                  by contradiction /* impossible chain */
                next
                  case S_responds_to_step1
                  solve( !KU( ~sk ) @ #vk.5 )
                    case Initiator_responds_to_step6
                    by solve( (#vr.10, 0) ~~> (#vk.3, 0) )
                  qed
                next
                  case S_responds_to_step4
                  solve( !KU( ~sk ) @ #vk.5 )
                    case Initiator_responds_to_step6
                    by solve( (#vr.12, 0) ~~> (#vk.3, 0) )
                  qed
                next
                  case c_revealSign
                  solve( !KU( ~sks ) @ #vk.7 )
                    case Initiator_responds_to_step6
                    by solve( (#vr.8, 0) ~~> (#vk.3, 0) )
                  qed
                qed
              qed
            qed
          next
            case split_case_3
            solve( !KU( aenc(~nb, pk(~skb)) ) @ #vk )
              case Initiator_responds_to_step6
              by contradiction /* impossible chain */
            next
              case c_aenc
              solve( !KU( ~nb ) @ #vk.3 )
                case Initiator_responds_to_step6
                by solve( (#vr.5, 0) ~~> (#vk.1, 0) )
              next
                case Responder_responds_to_step5
                solve( !KU( revealSign(<pk(x.1), $A>, ~sks) ) @ #vk.2 )
                  case Initiator_responds_to_step6
                  by contradiction /* impossible chain */
                next
                  case S_responds_to_step1
                  solve( !KU( ~sk ) @ #vk.5 )
                    case Initiator_responds_to_step6
                    by solve( (#vr.10, 0) ~~> (#vk.3, 0) )
                  qed
                next
                  case S_responds_to_step4
                  solve( !KU( ~sk ) @ #vk.5 )
                    case Initiator_responds_to_step6
                    by solve( (#vr.12, 0) ~~> (#vk.3, 0) )
                  qed
                next
                  case c_revealSign
                  solve( !KU( ~sks ) @ #vk.7 )
                    case Initiator_responds_to_step6
                    by solve( (#vr.8, 0) ~~> (#vk.3, 0) )
                  qed
                qed
              qed
            qed
          qed
        qed
      qed
    next
      case case_2
      by contradiction /* from formulas */
    qed
  qed
qed

/* All wellformedness checks were successful. */

/*
Generated from:
Tamarin version 1.12.0
Maude version 3.5.1
Git revision: UNKNOWN, branch: UNKNOWN
Compiled at: 2026-03-08 09:49:47.765662 UTC
*/

end

==============================================================================
summary of summaries:

analyzed: /Users/leo/Documents/Git Projects/An-Executable-Taxonomy-of-Security-Properties-for-ProVerif-and-Tamarin/SecurityProperties/Authentication/MutualAuthentication/MutualAuthentication.spthy

  processing time: 5.41s
  
  mutual_authentication (all-traces): verified (1211 steps)

==============================================================================
EXIT  : 0 (6s)
        mutual_authentication (all-traces): verified (1211 steps)

----------------------------------------------------------------------
MODEL : Authentication/Non-injectiveAgreement/Non-injectiveAgreement.spthy
TOOL  : tamarin
CMD   : tamarin-prover --prove /Users/leo/Documents/Git Projects/An-Executable-Taxonomy-of-Security-Properties-for-ProVerif-and-Tamarin/SecurityProperties/Authentication/Non-injectiveAgreement/Non-injectiveAgreement.spthy
maude tool: 'maude'
 checking version: 3.5.1. OK.
 checking installation: OK.
[Theory NSLPK3] Theory loaded
[Theory NSLPK3] Theory translated
[Theory NSLPK3] Derivation checks started
[Theory NSLPK3] Derivation checks ended
[Theory NSLPK3] Theory closed
[Saturating Sources] Step 1 (Max 5)
[Saturating Sources] Done
[Saturating Sources] Step 1 (Max 5)
[Saturating Sources] Done
theory NSLPK3

begin

// Function signature and definition of the equational theory E

functions: adec/2, aenc/2, fst/1, pair/2, pk/1, snd/1
equations:
    adec(aenc(x.1, pk(x.2)), x.2) = x.1,
    fst(<x.1, x.2>) = x.1,
    snd(<x.1, x.2>) = x.2

rule (modulo E) Register_pk:
   [ Fr( ~ltkA ) ]
  -->
   [ !Ltk( $A, ~ltkA ), !Pk( $A, pk(~ltkA) ), Out( pk(~ltkA) ) ]

  /* has exactly the trivial AC variant */

rule (modulo E) I_1:
   [ Fr( ~ni ), !Pk( $R, pkR ) ]
  --[ OUT_I_1( aenc(<'1', ~ni, $I>, pkR) ) ]->
   [ Out( aenc(<'1', ~ni, $I>, pkR) ), St_I_1( $I, $R, ~ni ) ]

  /* has exactly the trivial AC variant */

rule (modulo E) R_1:
   [
   !Ltk( $R, ltkR ), In( aenc(<'1', ni, I>, pk(ltkR)) ), !Pk( I, pkI ),
   Fr( ~nr )
   ]
  --[
  IN_R_1_ni( ni, aenc(<'1', ni, I>, pk(ltkR)) ),
  OUT_R_1( aenc(<'2', ni, ~nr, $R>, pkI) ),
  Start( I, $R, <'init', ni, ~nr> ), Create( I )
  ]->
   [ Out( aenc(<'2', ni, ~nr, $R>, pkI) ), St_R_1( $R, I, ni, ~nr ) ]

  /* has exactly the trivial AC variant */

rule (modulo E) I_2:
   [
   St_I_1( I, R, ni ), !Ltk( I, ltkI ),
   In( aenc(<'2', ni, nr, R>, pk(ltkI)) ), !Pk( R, pkR )
   ]
  --[
  IN_I_2_nr( nr, aenc(<'2', ni, nr, R>, pk(ltkI)) ),
  Start( R, I, <'resp', ni, nr> )
  ]->
   [ Out( aenc(<'3', nr>, pkR) ), Secret( I, R, nr ), Secret( I, R, ni ) ]

  /* has exactly the trivial AC variant */

rule (modulo E) R_2:
   [
   St_R_1( R, I, ni, nr ), !Ltk( R, ltkR ), In( aenc(<'3', nr>, pk(ltkR)) )
   ]
  --[ End( I, R, <'resp', ni, nr> ) ]->
   [ Secret( R, I, nr ), Secret( R, I, ni ) ]

  /* has exactly the trivial AC variant */

rule (modulo E) Secrecy_claim:
   [ Secret( A, B, m ) ] --[ Secret( A, B, m ) ]-> [ ]

  /* has exactly the trivial AC variant */

lemma types [sources]:
  all-traces
  "(∀ ni m1 #i.
     (IN_R_1_ni( ni, m1 ) @ #i) ⇒
     ((∃ #j. (!KU( ni ) @ #j) ∧ (#j < #i)) ∨ (∃ #j. OUT_I_1( m1 ) @ #j))) ∧
   (∀ nr m2 #i.
     (IN_I_2_nr( nr, m2 ) @ #i) ⇒
     ((∃ #j. (!KU( nr ) @ #j) ∧ (#j < #i)) ∨ (∃ #j. OUT_R_1( m2 ) @ #j)))"
/*
guarded formula characterizing all counter-examples:
"((∃ ni m1 #i.
    (IN_R_1_ni( ni, m1 ) @ #i)
   ∧
    (∀ #j. (!KU( ni ) @ #j) ⇒ ¬(#j < #i)) ∧
    (∀ #j. (OUT_I_1( m1 ) @ #j) ⇒ ⊥)) ∨
  (∃ nr m2 #i.
    (IN_I_2_nr( nr, m2 ) @ #i)
   ∧
    (∀ #j. (!KU( nr ) @ #j) ⇒ ¬(#j < #i)) ∧
    (∀ #j. (OUT_R_1( m2 ) @ #j) ⇒ ⊥)))"
*/
induction
  case empty_trace
  by contradiction /* from formulas */
next
  case non_empty_trace
  solve( (∃ ni m1 #i.
           (IN_R_1_ni( ni, m1 ) @ #i)
          ∧
           (∀ #j. (!KU( ni ) @ #j) ⇒ ¬(#j < #i)) ∧
           (∀ #j. (OUT_I_1( m1 ) @ #j) ⇒ ⊥))  ∥
         (∃ nr m2 #i.
           (IN_I_2_nr( nr, m2 ) @ #i)
          ∧
           (∀ #j. (!KU( nr ) @ #j) ⇒ ¬(#j < #i)) ∧
           (∀ #j. (OUT_R_1( m2 ) @ #j) ⇒ ⊥)) )
    case case_1
    solve( (last(#i))  ∥
           (∃ #j. (!KU( ni ) @ #j) ∧ (¬(last(#j))) ∧ (#j < #i))  ∥
           (∃ #j. (OUT_I_1( aenc(<'1', ni, I>, pk(ltkR)) ) @ #j) ∧ ¬(last(#j))) )
      case case_1
      solve( !Ltk( $R, ltkR ) ▶₀ #i )
        case Register_pk
        solve( !Pk( I, pkI ) ▶₂ #i )
          case Register_pk
          solve( !KU( aenc(<'1', ni, $A>, pk(~ltkA)) ) @ #vk )
            case I_1
            by contradiction /* from formulas */
          next
            case I_2
            solve( (∃ #j. (!KU( nr.1 ) @ #j) ∧ (¬(last(#j))) ∧ (#j < #vr.2))  ∥
                   (∃ #j.
                     (OUT_R_1( aenc(<'2', ~ni.1, nr.1, $R.1>, pk(~ltkA.3)) ) @ #j)
                    ∧
                     ¬(last(#j))) )
              case case_1
              by contradiction /* cyclic */
            next
              case case_2
              by contradiction /* impossible chain */
            qed
          next
            case R_1
            solve( (∃ #j. (!KU( ni.1 ) @ #j) ∧ (¬(last(#j))) ∧ (#j < #vr.2))  ∥
                   (∃ #j.
                     (OUT_I_1( aenc(<'1', ni.1, $A.1>, pk(~ltkA.3)) ) @ #j) ∧ ¬(last(#j))) )
              case case_1
              by contradiction /* cyclic */
            next
              case case_2
              by contradiction /* impossible chain */
            qed
          next
            case c_aenc
            by contradiction /* from formulas */
          qed
        qed
      qed
    next
      case case_2
      by contradiction /* from formulas */
    next
      case case_3
      by contradiction /* from formulas */
    qed
  next
    case case_2
    solve( (last(#i))  ∥
           (∃ #j. (!KU( nr ) @ #j) ∧ (¬(last(#j))) ∧ (#j < #i))  ∥
           (∃ #j.
             (OUT_R_1( aenc(<'2', ni, nr, R>, pk(ltkI)) ) @ #j) ∧ ¬(last(#j))) )
      case case_1
      solve( St_I_1( I, R, ni ) ▶₀ #i )
        case I_1
        solve( !Ltk( $I, ltkI ) ▶₁ #i )
          case Register_pk
          solve( !Pk( $R, pkR ) ▶₃ #i )
            case Register_pk
            solve( !KU( aenc(<'2', ~ni, nr, $R>, pk(~ltkA)) ) @ #vk )
              case I_2
              solve( (∃ #j. (!KU( nr.1 ) @ #j) ∧ (¬(last(#j))) ∧ (#j < #vr.4))  ∥
                     (∃ #j.
                       (OUT_R_1( aenc(<'2', ~ni.1, nr.1, $R.1>, pk(~ltkA.4)) ) @ #j)
                      ∧
                       ¬(last(#j))) )
                case case_1
                by contradiction /* cyclic */
              next
                case case_2
                by contradiction /* impossible chain */
              qed
            next
              case R_1_case_1
              by contradiction /* from formulas */
            next
              case R_1_case_2
              solve( (∃ #j. (!KU( ni.1 ) @ #j) ∧ (¬(last(#j))) ∧ (#j < #vr.4))  ∥
                     (∃ #j.
                       (OUT_I_1( aenc(<'1', ni.1, $A>, pk(~ltkA.4)) ) @ #j) ∧ ¬(last(#j))) )
                case case_1
                by contradiction /* cyclic */
              next
                case case_2
                by contradiction /* impossible chain */
              qed
            next
              case c_aenc
              by contradiction /* from formulas */
            qed
          qed
        qed
      qed
    next
      case case_2
      by contradiction /* from formulas */
    next
      case case_3
      by contradiction /* from formulas */
    qed
  qed
qed

lemma noninjective_agreement:
  all-traces
  "∀ A B t #i. (End( B, A, t ) @ #i) ⇒ (∃ #j. Start( A, B, t ) @ #j)"
/*
guarded formula characterizing all counter-examples:
"∃ A B t #i. (End( B, A, t ) @ #i) ∧ ∀ #j. (Start( A, B, t ) @ #j) ⇒ ⊥"
*/
simplify
solve( St_R_1( A, B, ni, nr ) ▶₀ #i )
  case R_1
  solve( !Ltk( $R, ltkR ) ▶₁ #i )
    case Register_pk
    solve( !KU( aenc(<'3', ~nr>, pk(~ltkA)) ) @ #vk )
      case I_2
      solve( !KU( aenc(<'1', ni, $A>, pk(~ltkA.1)) ) @ #vk.1 )
        case I_1
        solve( !KU( aenc(<'2', ~ni.1, ~nr, $R>, pk(~ltkA.3)) ) @ #vk.2 )
          case R_1
          by contradiction /* from formulas */
        next
          case c_aenc
          solve( !KU( ~ni.1 ) @ #vk.7 )
            case I_1
            solve( !KU( ~nr ) @ #vk.9 )
              case I_2
              by contradiction /* from formulas */
            next
              case R_1
              by solve( !KU( ~ltkA.4 ) @ #vk.11 )
            qed
          next
            case R_1
            solve( !KU( ~nr ) @ #vk.9 )
              case I_2
              by contradiction /* from formulas */
            next
              case R_1
              by solve( !KU( ~ltkA.4 ) @ #vk.12 )
            qed
          qed
        qed
      next
        case c_aenc
        solve( !KU( aenc(<'2', ~ni.1, ~nr, $R>, pk(~ltkA.3)) ) @ #vk.2 )
          case R_1
          by contradiction /* from formulas */
        next
          case c_aenc
          solve( !KU( ~ni.1 ) @ #vk.13 )
            case I_1
            solve( !KU( ~nr ) @ #vk.15 )
              case I_2
              by contradiction /* from formulas */
            next
              case R_1
              by solve( !KU( ~ltkA.3 ) @ #vk.17 )
            qed
          next
            case R_1
            solve( !KU( ~nr ) @ #vk.15 )
              case I_2
              by contradiction /* from formulas */
            next
              case R_1
              by solve( !KU( ~ltkA.3 ) @ #vk.18 )
            qed
          qed
        qed
      qed
    next
      case c_aenc
      solve( !KU( ~nr ) @ #vk.5 )
        case I_2
        by contradiction /* from formulas */
      next
        case R_1
        by solve( !KU( ~ltkA.2 ) @ #vk.6 )
      qed
    qed
  qed
qed

/* All wellformedness checks were successful. */

/*
Generated from:
Tamarin version 1.12.0
Maude version 3.5.1
Git revision: UNKNOWN, branch: UNKNOWN
Compiled at: 2026-03-08 09:49:47.765662 UTC
*/

end

==============================================================================
summary of summaries:

analyzed: /Users/leo/Documents/Git Projects/An-Executable-Taxonomy-of-Security-Properties-for-ProVerif-and-Tamarin/SecurityProperties/Authentication/Non-injectiveAgreement/Non-injectiveAgreement.spthy

  processing time: 0.41s
  
  types (all-traces): verified (32 steps)
  noninjective_agreement (all-traces): verified (26 steps)

==============================================================================
EXIT  : 0 (0s)
        types (all-traces): verified (32 steps)
        noninjective_agreement (all-traces): verified (26 steps)

----------------------------------------------------------------------
MODEL : Authentication/Non-injectiveAgreement/NonInjectiveAgreement.pv
TOOL  : proverif
CMD   : proverif /Users/leo/Documents/Git Projects/An-Executable-Taxonomy-of-Security-Properties-for-ProVerif-and-Tamarin/SecurityProperties/Authentication/Non-injectiveAgreement/NonInjectiveAgreement.pv
Process 0 (that is, the initial process):
{1}new skA: skey;
{2}let pkA: pkey = pk(skA) in
{3}out(c, pkA);
{4}insert keys(A,pkA);
{5}new skB: skey;
{6}let pkB: pkey = pk(skB) in
{7}out(c, pkB);
{8}insert keys(B,pkB);
{9}new skS: sskey;
{10}let pkS: spkey = spk(skS) in
{11}out(c, pkS);
(
    {12}!
    {13}let skA_1: skey = skA in
    {14}let skB_1: skey = skB in
    {15}in(c, (xA: host,hostX: host));
    {16}if ((xA = A) || (xA = B)) then
    {17}let skxA: skey = (if (xA = A) then skA_1 else skB_1) in
    {18}let pkxA: pkey = pk(skxA) in
    {19}out(c, (xA,hostX));
    {20}in(c, ms: bitstring);
    {21}let (pkX: pkey,=hostX) = checksign(ms,pkS) in
    {22}new Na: nonce;
    {23}let m3: bitstring = encrypt((Na,xA),pkX) in
    {24}out(c, m3);
    {25}in(c, m: bitstring);
    {26}let (=Na,NX2: nonce,=hostX) = decrypt(m,skA_1) in
    {27}let m7: bitstring = encrypt(NX2,pkX) in
    {28}event start(hostX,xA,(m3,m,m7));
    {29}out(c, (m7,messtermI(xA,hostX)))
) | (
    {30}!
    {31}let skA_2: skey = skA in
    {32}let skB_2: skey = skB in
    {33}in(c, xB: host);
    {34}if ((xB = A) || (xB = B)) then
    {35}let skxB: skey = (if (xB = A) then skA_2 else skB_2) in
    {36}let pkxB: pkey = pk(skxB) in
    {37}in(c, m_1: bitstring);
    {38}let (NY: nonce,hostY: host) = decrypt(m_1,skxB) in
    {39}out(c, (xB,hostY));
    {40}in(c, ms_1: bitstring);
    {41}let (pkY: pkey,=hostY) = checksign(ms_1,pkS) in
    {42}new Nb: nonce;
    {43}let m6: bitstring = encrypt((NY,Nb,xB),pkY) in
    {44}out(c, m6);
    {45}in(c, m3_1: bitstring);
    {46}if (Nb = decrypt(m3_1,skB_2)) then
    {47}event end(hostY,xB,(m_1,m6,m3_1))
) | (
    {48}!
    {49}let skS_1: sskey = skS in
    {50}in(c, (a: host,b: host));
    {52}get keys(=b,sb: pkey) in
    {51}out(c, sign((sb,b),skS_1))
) | (
    {53}!
    {54}in(c, (h: host,k: pkey));
    {55}if ((h ≠ A) && (h ≠ B)) then
    {56}insert keys(h,k)
)

--  Process 1 (that is, process 0, with let moved downwards):
{1}new skA: skey;
{2}let pkA: pkey = pk(skA) in
{3}out(c, pkA);
{4}insert keys(A,pkA);
{5}new skB: skey;
{6}let pkB: pkey = pk(skB) in
{7}out(c, pkB);
{8}insert keys(B,pkB);
{9}new skS: sskey;
{10}let pkS: spkey = spk(skS) in
{11}out(c, pkS);
(
    {12}!
    {15}in(c, (xA: host,hostX: host));
    {16}if ((xA = A) || (xA = B)) then
    {19}out(c, (xA,hostX));
    {20}in(c, ms: bitstring);
    {21}let (pkX: pkey,=hostX) = checksign(ms,pkS) in
    {22}new Na: nonce;
    {23}let m3: bitstring = encrypt((Na,xA),pkX) in
    {24}out(c, m3);
    {25}in(c, m: bitstring);
    {13}let skA_1: skey = skA in
    {26}let (=Na,NX2: nonce,=hostX) = decrypt(m,skA_1) in
    {27}let m7: bitstring = encrypt(NX2,pkX) in
    {28}event start(hostX,xA,(m3,m,m7));
    {29}out(c, (m7,messtermI(xA,hostX)))
) | (
    {30}!
    {33}in(c, xB: host);
    {34}if ((xB = A) || (xB = B)) then
    {37}in(c, m_1: bitstring);
    {32}let skB_2: skey = skB in
    {31}let skA_2: skey = skA in
    {35}let skxB: skey = (if (xB = A) then skA_2 else skB_2) in
    {38}let (NY: nonce,hostY: host) = decrypt(m_1,skxB) in
    {39}out(c, (xB,hostY));
    {40}in(c, ms_1: bitstring);
    {41}let (pkY: pkey,=hostY) = checksign(ms_1,pkS) in
    {42}new Nb: nonce;
    {43}let m6: bitstring = encrypt((NY,Nb,xB),pkY) in
    {44}out(c, m6);
    {45}in(c, m3_1: bitstring);
    {46}if (Nb = decrypt(m3_1,skB_2)) then
    {47}event end(hostY,xB,(m_1,m6,m3_1))
) | (
    {48}!
    {50}in(c, (a: host,b: host));
    {52}get keys(=b,sb: pkey) in
    {49}let skS_1: sskey = skS in
    {51}out(c, sign((sb,b),skS_1))
) | (
    {53}!
    {54}in(c, (h: host,k: pkey));
    {55}if ((h ≠ A) && (h ≠ B)) then
    {56}insert keys(h,k)
)

-- Query event(end(A[],x,m_2)) ==> event(start(x,A[],m_2)) in process 1.
Translating the process into Horn clauses...
Completing...
ok, secrecy assumption verified: fact unreachable attacker(skA[])
ok, secrecy assumption verified: fact unreachable attacker(skB[])
ok, secrecy assumption verified: fact unreachable attacker(skS[])
Starting query event(end(A[],x,m_2)) ==> event(start(x,A[],m_2))
goal reachable: b-event(start(B[],A[],(encrypt((Na_1,A[]),pk(skB[])),encrypt((Na_1,Nb_1,B[]),pk(skA[])),encrypt(Nb_1,pk(skB[]))))) -> event(end(A[],B[],(encrypt((Na_1,A[]),pk(skB[])),encrypt((Na_1,Nb_1,B[]),pk(skA[])),encrypt(Nb_1,pk(skB[])))))
Abbreviations:
Na_1 = Na[ms = sign((pk(skB[]),B[]),skS[]),hostX = B[],xA = A[],!1 = @sid]
Nb_1 = Nb[ms_1 = sign((pk(skA[]),A[]),skS[]),m_1 = encrypt((Na_1,A[]),pk(skB[])),xB = B[],!1 = @sid_1]
RESULT event(end(A[],x,m_2)) ==> event(start(x,A[],m_2)) is true.
-- Query not event(end(x,y,m_2)) in process 1.
Translating the process into Horn clauses...
Completing...
ok, secrecy assumption verified: fact unreachable attacker(skA[])
ok, secrecy assumption verified: fact unreachable attacker(skB[])
ok, secrecy assumption verified: fact unreachable attacker(skS[])
Starting query not event(end(x,y,m_2))
goal reachable: x ≠ B[] && x ≠ A[] && attacker(y) && attacker(NY_1) && attacker(x) -> event(end(x,B[],(encrypt((NY_1,x),pk(skB[])),encrypt((NY_1,Nb_1,B[]),pk(y)),encrypt(Nb_1,pk(skB[])))))
Abbreviations:
Nb_1 = Nb[ms_1 = sign((pk(y),x),skS[]),m_1 = encrypt((NY_1,x),pk(skB[])),xB = B[],!1 = @sid]

Derivation:
Abbreviations:
Nb_1 = Nb[ms_1 = sign((pk(y),x),skS[]),m_1 = encrypt((NY_1,x),pk(skB[])),xB = B[],!1 = @sid]

1. The attacker initially knows B[].
attacker(B[]).

2. The message pk(skB[]) may be sent to the attacker at output {7}.
attacker(pk(skB[])).

3. We assume as hypothesis that
attacker(x).

4. We assume as hypothesis that
attacker(NY_1).

5. By 4, the attacker may know NY_1.
By 3, the attacker may know x.
Using the function 2-tuple the attacker may obtain (NY_1,x).
attacker((NY_1,x)).

6. By 5, the attacker may know (NY_1,x).
By 2, the attacker may know pk(skB[]).
Using the function encrypt the attacker may obtain encrypt((NY_1,x),pk(skB[])).
attacker(encrypt((NY_1,x),pk(skB[]))).

7. The attacker has some term a_1.
attacker(a_1).

8. By 7, the attacker may know a_1.
By 3, the attacker may know x.
Using the function 2-tuple the attacker may obtain (a_1,x).
attacker((a_1,x)).

9. We assume as hypothesis that
attacker(y).

10. By 9, the attacker may know y.
Using the function pk the attacker may obtain pk(y).
attacker(pk(y)).

11. By 3, the attacker may know x.
By 10, the attacker may know pk(y).
Using the function 2-tuple the attacker may obtain (x,pk(y)).
attacker((x,pk(y))).

12. The message (x,pk(y)) that the attacker may have by 11 may be received at input {54}.
We have x ≠ B[] && x ≠ A[].
So the entry keys(x,pk(y)) may be inserted in a table at insert {56}.
table(keys(x,pk(y))).

13. The message (a_1,x) that the attacker may have by 8 may be received at input {50}.
The entry keys(x,pk(y)) that may be in a table by 12 may be read at get {52}.
So the message sign((pk(y),x),skS[]) may be sent to the attacker at output {51}.
attacker(sign((pk(y),x),skS[])).

14. The message B[] that the attacker may have by 1 may be received at input {33}.
The message encrypt((NY_1,x),pk(skB[])) that the attacker may have by 6 may be received at input {37}.
The message sign((pk(y),x),skS[]) that the attacker may have by 13 may be received at input {40}.
So the message encrypt((NY_1,Nb_1,B[]),pk(y)) may be sent to the attacker at output {44}.
attacker(encrypt((NY_1,Nb_1,B[]),pk(y))).

15. By 14, the attacker may know encrypt((NY_1,Nb_1,B[]),pk(y)).
By 9, the attacker may know y.
Using the function decrypt the attacker may obtain (NY_1,Nb_1,B[]).
attacker((NY_1,Nb_1,B[])).

16. By 15, the attacker may know (NY_1,Nb_1,B[]).
Using the function 2-proj-3-tuple the attacker may obtain Nb_1.
attacker(Nb_1).

17. By 16, the attacker may know Nb_1.
By 2, the attacker may know pk(skB[]).
Using the function encrypt the attacker may obtain encrypt(Nb_1,pk(skB[])).
attacker(encrypt(Nb_1,pk(skB[]))).

18. The message B[] that the attacker may have by 1 may be received at input {33}.
The message encrypt((NY_1,x),pk(skB[])) that the attacker may have by 6 may be received at input {37}.
The message sign((pk(y),x),skS[]) that the attacker may have by 13 may be received at input {40}.
The message encrypt(Nb_1,pk(skB[])) that the attacker may have by 17 may be received at input {45}.
So event end(x,B[],(encrypt((NY_1,x),pk(skB[])),encrypt((NY_1,Nb_1,B[]),pk(y)),encrypt(Nb_1,pk(skB[])))) may be executed at {47}.
event(end(x,B[],(encrypt((NY_1,x),pk(skB[])),encrypt((NY_1,Nb_1,B[]),pk(y)),encrypt(Nb_1,pk(skB[]))))).

19. By 18, event(end(x,B[],(encrypt((NY_1,x),pk(skB[])),encrypt((NY_1,Nb_1,B[]),pk(y)),encrypt(Nb_1,pk(skB[]))))).
The goal is reached, represented in the following fact:
event(end(x,B[],(encrypt((NY_1,x),pk(skB[])),encrypt((NY_1,Nb_1,B[]),pk(y)),encrypt(Nb_1,pk(skB[]))))).


A more detailed output of the traces is available with
  set traceDisplay = long.

new skA: skey creating skA_3 at {1}

out(c, ~M) with ~M = pk(skA_3) at {3}

insert keys(A,pk(skA_3)) at {4}

new skB: skey creating skB_3 at {5}

out(c, ~M_1) with ~M_1 = pk(skB_3) at {7}

insert keys(B,pk(skB_3)) at {8}

new skS: sskey creating skS_2 at {9}

out(c, ~M_2) with ~M_2 = spk(skS_2) at {11}

in(c, B) at {33} in copy a_2

in(c, encrypt((a_3,a_4),~M_1)) with encrypt((a_3,a_4),~M_1) = encrypt((a_3,a_4),pk(skB_3)) at {37} in copy a_2

out(c, (~M_3,~M_4)) with ~M_3 = B, ~M_4 = a_4 at {39} in copy a_2

in(c, (a_5,a_4)) at {50} in copy a_6

in(c, (a_4,pk(a_7))) at {54} in copy a_8

insert keys(a_4,pk(a_7)) at {56} in copy a_8

get keys(a_4,pk(a_7)) at {52} in copy a_6

out(c, ~M_5) with ~M_5 = sign((pk(a_7),a_4),skS_2) at {51} in copy a_6

in(c, ~M_5) with ~M_5 = sign((pk(a_7),a_4),skS_2) at {40} in copy a_2

new Nb: nonce creating Nb_2 at {42} in copy a_2

out(c, ~M_6) with ~M_6 = encrypt((a_3,Nb_2,B),pk(a_7)) at {44} in copy a_2

in(c, encrypt(2-proj-3-tuple(decrypt(~M_6,a_7)),~M_1)) with encrypt(2-proj-3-tuple(decrypt(~M_6,a_7)),~M_1) = encrypt(Nb_2,pk(skB_3)) at {45} in copy a_2

event end(a_4,B,(encrypt((a_3,a_4),pk(skB_3)),encrypt((a_3,Nb_2,B),pk(a_7)),encrypt(Nb_2,pk(skB_3)))) at {47} in copy a_2 (goal)

The event end(a_4,B,(encrypt((a_3,a_4),pk(skB_3)),encrypt((a_3,Nb_2,B),pk(a_7)),encrypt(Nb_2,pk(skB_3)))) is executed at {47} in copy a_2.
A trace has been found.
RESULT not event(end(x,y,m_2)) is false.

--------------------------------------------------------------
Verification summary:

Query event(end(A[],x,m_2)) ==> event(start(x,A[],m_2)) is true.

Query not event(end(x,y,m_2)) is false.

--------------------------------------------------------------
EXIT  : 0 (0s)
        RESULT event(end(A[],x,m_2)) ==> event(start(x,A[],m_2)) is true.
        RESULT not event(end(x,y,m_2)) is false.

----------------------------------------------------------------------
MODEL : Authentication/WeakAgreement/WeakAgreement.pv
TOOL  : proverif
CMD   : proverif /Users/leo/Documents/Git Projects/An-Executable-Taxonomy-of-Security-Properties-for-ProVerif-and-Tamarin/SecurityProperties/Authentication/WeakAgreement/WeakAgreement.pv
File "/Users/leo/Documents/Git Projects/An-Executable-Taxonomy-of-Security-Properties-for-ProVerif-and-Tamarin/SecurityProperties/Authentication/WeakAgreement/WeakAgreement.pv", line 41, character 9:
Warning: identifier x rebound.
Process 0 (that is, the initial process):
{1}let pkA: pkey = pk(skA) in
{2}let pkB: pkey = pk(skB) in
(
    {3}!
    {4}let skA_1: skey = skA in
    {5}in(c, x: bitstring);
    {6}let encrypted_msg: bitstring = checksign(x,pkB) in
    {7}let na: bitstring = decrypt(encrypted_msg,skA_1) in
    {8}new nb: bitstring;
    {9}let msg: bitstring = encrypt((na,nb),pkB) in
    {10}let signed_msg: bitstring = sign(msg,skA_1) in
    {11}out(c, signed_msg);
    {12}event end(pk(skA_1),pkB)
) | (
    {13}!
    {14}let skB_1: skey = skB in
    {15}new na_1: bitstring;
    {16}event start(pk(skB_1),pkA);
    {17}let msg_1: bitstring = encrypt(na_1,pkA) in
    {18}let signed_msg_1: bitstring = sign(msg_1,skB_1) in
    {19}out(c, signed_msg_1);
    {20}in(c, x_1: bitstring);
    {21}let x_2: bitstring = checksign(x_1,pkA) in
    {22}let (=na_1,nb_1: bitstring) = decrypt(x_2,skB_1) in
    {23}event reached
) | (
    {24}out(c, (pkA,pkB))
)

--  Process 1 (that is, process 0, encoded for secret na_1,na, with let moved downwards):
{2}let pkB: pkey = pk(skB) in
(
    {3}!
    {5}in(c, x: bitstring);
    {6}let encrypted_msg: bitstring = checksign(x,pkB) in
    {4}let skA_1: skey = skA in
    {7}let na: bitstring = decrypt(encrypted_msg,skA_1) in
    {8}event na_contains(na);
    {9}new nb: bitstring;
    {10}let msg: bitstring = encrypt((na,nb),pkB) in
    {11}let signed_msg: bitstring = sign(msg,skA_1) in
    {12}out(c, signed_msg);
    {13}event end(pk(skA_1),pkB)
) | (
    {1}let pkA: pkey = pk(skA) in
    (
        {14}!
        {16}new na_1: bitstring;
        {17}event na_contains(na_1);
        {15}let skB_1: skey = skB in
        {18}event start(pk(skB_1),pkA);
        {19}let msg_1: bitstring = encrypt(na_1,pkA) in
        {20}let signed_msg_1: bitstring = sign(msg_1,skB_1) in
        {21}out(c, signed_msg_1);
        {22}in(c, x_1: bitstring);
        {23}let x_2: bitstring = checksign(x_1,pkA) in
        {24}let (=na_1,nb_1: bitstring) = decrypt(x_2,skB_1) in
        {25}event reached
    ) | (
        {26}out(c, (pkA,pkB))
    )
)

-- Query secret na_1,na encoded as not (event(na_contains(v)) && attacker(v)) in process 1.
Translating the process into Horn clauses...
Completing...
Starting query secret na_1,na
RESULT secret na_1,na is true.
-- Query event(end(pkB_1,pkA_1)) ==> event(start(pkA_1,pkB_1)) in process 1.
Translating the process into Horn clauses...
Completing...
Starting query event(end(pkB_1,pkA_1)) ==> event(start(pkA_1,pkB_1))
goal reachable: b-event(start(pk(skB[]),pk(skA[]))) -> event(end(pk(skA[]),pk(skB[])))
RESULT event(end(pkB_1,pkA_1)) ==> event(start(pkA_1,pkB_1)) is true.
-- Query not event(reached) in process 1.
Translating the process into Horn clauses...
Completing...
Starting query not event(reached)
goal reachable: event(reached)

Derivation:
Abbreviations:
na_2 = na_1[!1 = @sid]
nb_2 = nb[x = sign(encrypt(na_2,pk(skA[])),skB[]),!1 = @sid_1]

1. The message sign(encrypt(na_2,pk(skA[])),skB[]) may be sent to the attacker at output {21}.
attacker(sign(encrypt(na_2,pk(skA[])),skB[])).

2. The message sign(encrypt(na_2,pk(skA[])),skB[]) that the attacker may have by 1 may be received at input {5}.
So the message sign(encrypt((na_2,nb_2),pk(skB[])),skA[]) may be sent to the attacker at output {12}.
attacker(sign(encrypt((na_2,nb_2),pk(skB[])),skA[])).

3. The message sign(encrypt((na_2,nb_2),pk(skB[])),skA[]) that the attacker may have by 2 may be received at input {22}.
So event reached may be executed at {25}.
event(reached).

4. By 3, event(reached).
The goal is reached, represented in the following fact:
event(reached).


A more detailed output of the traces is available with
  set traceDisplay = long.

out(c, (~M,~M_1)) with ~M = pk(skA), ~M_1 = pk(skB) at {26}

new na_1: bitstring creating na_3 at {16} in copy a

event na_contains(na_3) at {17} in copy a

event start(pk(skB),pk(skA)) at {18} in copy a

out(c, ~M_2) with ~M_2 = sign(encrypt(na_3,pk(skA)),skB) at {21} in copy a

in(c, ~M_2) with ~M_2 = sign(encrypt(na_3,pk(skA)),skB) at {5} in copy a_1

event na_contains(na_3) at {8} in copy a_1

new nb: bitstring creating nb_3 at {9} in copy a_1

out(c, ~M_3) with ~M_3 = sign(encrypt((na_3,nb_3),pk(skB)),skA) at {12} in copy a_1

event end(pk(skA),pk(skB)) at {13} in copy a_1

in(c, ~M_3) with ~M_3 = sign(encrypt((na_3,nb_3),pk(skB)),skA) at {22} in copy a

event reached at {25} in copy a (goal)

The event reached is executed at {25} in copy a.
A trace has been found.
RESULT not event(reached) is false.

--------------------------------------------------------------
Verification summary:

Query secret na_1,na is true.

Query event(end(pkB_1,pkA_1)) ==> event(start(pkA_1,pkB_1)) is true.

Query not event(reached) is false.

--------------------------------------------------------------
EXIT  : 0 (0s)
        RESULT secret na_1,na is true.
        RESULT event(end(pkB_1,pkA_1)) ==> event(start(pkA_1,pkB_1)) is true.
        RESULT not event(reached) is false.

----------------------------------------------------------------------
MODEL : Authentication/WeakAgreement/WeakAgreement.spthy
TOOL  : tamarin
CMD   : tamarin-prover --prove /Users/leo/Documents/Git Projects/An-Executable-Taxonomy-of-Security-Properties-for-ProVerif-and-Tamarin/SecurityProperties/Authentication/WeakAgreement/WeakAgreement.spthy
maude tool: 'maude'
 checking version: 3.5.1. OK.
 checking installation: OK.
[Theory NSLPK3] Theory loaded
[Theory NSLPK3] Theory translated
[Theory NSLPK3] Derivation checks started
[Theory NSLPK3] Derivation checks ended
[Theory NSLPK3] Theory closed
[Saturating Sources] Step 1 (Max 5)
[Saturating Sources] Done
[Saturating Sources] Step 1 (Max 5)
[Saturating Sources] Done
theory NSLPK3

begin

// Function signature and definition of the equational theory E

functions: adec/2, aenc/2, fst/1, pair/2, pk/1, snd/1
equations:
    adec(aenc(x.1, pk(x.2)), x.2) = x.1,
    fst(<x.1, x.2>) = x.1,
    snd(<x.1, x.2>) = x.2

rule (modulo E) Register_pk:
   [ Fr( ~ltkA ) ]
  -->
   [ !Ltk( $A, ~ltkA ), !Pk( $A, pk(~ltkA) ), Out( pk(~ltkA) ) ]

  /* has exactly the trivial AC variant */

rule (modulo E) I_1:
   [ Fr( ~ni ), !Pk( $R, pkR ) ]
  --[ OUT_I_1( aenc(<'1', ~ni, $I>, pkR) ) ]->
   [ Out( aenc(<'1', ~ni, $I>, pkR) ), St_I_1( $I, $R, ~ni ) ]

  /* has exactly the trivial AC variant */

rule (modulo E) R_1:
   [
   !Ltk( $R, ltkR ), In( aenc(<'1', ni, I>, pk(ltkR)) ), !Pk( I, pkI ),
   Fr( ~nr )
   ]
  --[
  IN_R_1_ni( ni, aenc(<'1', ni, I>, pk(ltkR)) ),
  OUT_R_1( aenc(<'2', ni, ~nr, $R>, pkI) ),
  Start( I, $R, <'init', ni, ~nr> ), Create( I )
  ]->
   [ Out( aenc(<'2', ni, ~nr, $R>, pkI) ), St_R_1( $R, I, ni, ~nr ) ]

  /* has exactly the trivial AC variant */

rule (modulo E) I_2:
   [
   St_I_1( I, R, ni ), !Ltk( I, ltkI ),
   In( aenc(<'2', ni, nr, R>, pk(ltkI)) ), !Pk( R, pkR )
   ]
  --[
  IN_I_2_nr( nr, aenc(<'2', ni, nr, R>, pk(ltkI)) ),
  Start( R, I, <'resp', ni, nr> )
  ]->
   [ Out( aenc(<'3', nr>, pkR) ), Secret( I, R, nr ), Secret( I, R, ni ) ]

  /* has exactly the trivial AC variant */

rule (modulo E) R_2:
   [
   St_R_1( R, I, ni, nr ), !Ltk( R, ltkR ), In( aenc(<'3', nr>, pk(ltkR)) )
   ]
  --[ End( R, I, <'resp', ni, nr> ) ]->
   [ Secret( R, I, nr ), Secret( R, I, ni ) ]

  /* has exactly the trivial AC variant */

rule (modulo E) Secrecy_claim:
   [ Secret( A, B, m ) ] --[ Secret( A, B, m ) ]-> [ ]

  /* has exactly the trivial AC variant */

lemma types [sources]:
  all-traces
  "(∀ ni m1 #i.
     (IN_R_1_ni( ni, m1 ) @ #i) ⇒
     ((∃ #j. (!KU( ni ) @ #j) ∧ (#j < #i)) ∨ (∃ #j. OUT_I_1( m1 ) @ #j))) ∧
   (∀ nr m2 #i.
     (IN_I_2_nr( nr, m2 ) @ #i) ⇒
     ((∃ #j. (!KU( nr ) @ #j) ∧ (#j < #i)) ∨ (∃ #j. OUT_R_1( m2 ) @ #j)))"
/*
guarded formula characterizing all counter-examples:
"((∃ ni m1 #i.
    (IN_R_1_ni( ni, m1 ) @ #i)
   ∧
    (∀ #j. (!KU( ni ) @ #j) ⇒ ¬(#j < #i)) ∧
    (∀ #j. (OUT_I_1( m1 ) @ #j) ⇒ ⊥)) ∨
  (∃ nr m2 #i.
    (IN_I_2_nr( nr, m2 ) @ #i)
   ∧
    (∀ #j. (!KU( nr ) @ #j) ⇒ ¬(#j < #i)) ∧
    (∀ #j. (OUT_R_1( m2 ) @ #j) ⇒ ⊥)))"
*/
induction
  case empty_trace
  by contradiction /* from formulas */
next
  case non_empty_trace
  solve( (∃ ni m1 #i.
           (IN_R_1_ni( ni, m1 ) @ #i)
          ∧
           (∀ #j. (!KU( ni ) @ #j) ⇒ ¬(#j < #i)) ∧
           (∀ #j. (OUT_I_1( m1 ) @ #j) ⇒ ⊥))  ∥
         (∃ nr m2 #i.
           (IN_I_2_nr( nr, m2 ) @ #i)
          ∧
           (∀ #j. (!KU( nr ) @ #j) ⇒ ¬(#j < #i)) ∧
           (∀ #j. (OUT_R_1( m2 ) @ #j) ⇒ ⊥)) )
    case case_1
    solve( (last(#i))  ∥
           (∃ #j. (!KU( ni ) @ #j) ∧ (¬(last(#j))) ∧ (#j < #i))  ∥
           (∃ #j. (OUT_I_1( aenc(<'1', ni, I>, pk(ltkR)) ) @ #j) ∧ ¬(last(#j))) )
      case case_1
      solve( !Ltk( $R, ltkR ) ▶₀ #i )
        case Register_pk
        solve( !Pk( I, pkI ) ▶₂ #i )
          case Register_pk
          solve( !KU( aenc(<'1', ni, $A>, pk(~ltkA)) ) @ #vk )
            case I_1
            by contradiction /* from formulas */
          next
            case I_2
            solve( (∃ #j. (!KU( nr.1 ) @ #j) ∧ (¬(last(#j))) ∧ (#j < #vr.2))  ∥
                   (∃ #j.
                     (OUT_R_1( aenc(<'2', ~ni.1, nr.1, $R.1>, pk(~ltkA.3)) ) @ #j)
                    ∧
                     ¬(last(#j))) )
              case case_1
              by contradiction /* cyclic */
            next
              case case_2
              by contradiction /* impossible chain */
            qed
          next
            case R_1
            solve( (∃ #j. (!KU( ni.1 ) @ #j) ∧ (¬(last(#j))) ∧ (#j < #vr.2))  ∥
                   (∃ #j.
                     (OUT_I_1( aenc(<'1', ni.1, $A.1>, pk(~ltkA.3)) ) @ #j) ∧ ¬(last(#j))) )
              case case_1
              by contradiction /* cyclic */
            next
              case case_2
              by contradiction /* impossible chain */
            qed
          next
            case c_aenc
            by contradiction /* from formulas */
          qed
        qed
      qed
    next
      case case_2
      by contradiction /* from formulas */
    next
      case case_3
      by contradiction /* from formulas */
    qed
  next
    case case_2
    solve( (last(#i))  ∥
           (∃ #j. (!KU( nr ) @ #j) ∧ (¬(last(#j))) ∧ (#j < #i))  ∥
           (∃ #j.
             (OUT_R_1( aenc(<'2', ni, nr, R>, pk(ltkI)) ) @ #j) ∧ ¬(last(#j))) )
      case case_1
      solve( St_I_1( I, R, ni ) ▶₀ #i )
        case I_1
        solve( !Ltk( $I, ltkI ) ▶₁ #i )
          case Register_pk
          solve( !Pk( $R, pkR ) ▶₃ #i )
            case Register_pk
            solve( !KU( aenc(<'2', ~ni, nr, $R>, pk(~ltkA)) ) @ #vk )
              case I_2
              solve( (∃ #j. (!KU( nr.1 ) @ #j) ∧ (¬(last(#j))) ∧ (#j < #vr.4))  ∥
                     (∃ #j.
                       (OUT_R_1( aenc(<'2', ~ni.1, nr.1, $R.1>, pk(~ltkA.4)) ) @ #j)
                      ∧
                       ¬(last(#j))) )
                case case_1
                by contradiction /* cyclic */
              next
                case case_2
                by contradiction /* impossible chain */
              qed
            next
              case R_1_case_1
              by contradiction /* from formulas */
            next
              case R_1_case_2
              solve( (∃ #j. (!KU( ni.1 ) @ #j) ∧ (¬(last(#j))) ∧ (#j < #vr.4))  ∥
                     (∃ #j.
                       (OUT_I_1( aenc(<'1', ni.1, $A>, pk(~ltkA.4)) ) @ #j) ∧ ¬(last(#j))) )
                case case_1
                by contradiction /* cyclic */
              next
                case case_2
                by contradiction /* impossible chain */
              qed
            next
              case c_aenc
              by contradiction /* from formulas */
            qed
          qed
        qed
      qed
    next
      case case_2
      by contradiction /* from formulas */
    next
      case case_3
      by contradiction /* from formulas */
    qed
  qed
qed

lemma weak_agreement:
  all-traces
  "∀ a b t1 #i. (End( a, b, t1 ) @ #i) ⇒ (∃ t2 #j. Start( a, b, t2 ) @ #j)"
/*
guarded formula characterizing all counter-examples:
"∃ a b t1 #i.
  (End( a, b, t1 ) @ #i) ∧ ∀ t2 #j. (Start( a, b, t2 ) @ #j) ⇒ ⊥"
*/
simplify
solve( St_R_1( a, b, ni, nr ) ▶₀ #i )
  case R_1
  solve( !Ltk( $R, ltkR ) ▶₁ #i )
    case Register_pk
    solve( !KU( aenc(<'3', ~nr>, pk(~ltkA)) ) @ #vk )
      case I_2
      solve( !KU( aenc(<'1', ni, $A>, pk(~ltkA.1)) ) @ #vk.1 )
        case I_1
        solve( !KU( aenc(<'2', ~ni.1, ~nr, $R>, pk(~ltkA.3)) ) @ #vk.2 )
          case R_1
          by contradiction /* from formulas */
        next
          case c_aenc
          solve( !KU( ~ni.1 ) @ #vk.7 )
            case I_1
            solve( !KU( ~nr ) @ #vk.9 )
              case I_2
              by contradiction /* from formulas */
            next
              case R_1
              by solve( !KU( ~ltkA.4 ) @ #vk.11 )
            qed
          next
            case R_1
            solve( !KU( ~nr ) @ #vk.9 )
              case I_2
              by contradiction /* from formulas */
            next
              case R_1
              by solve( !KU( ~ltkA.4 ) @ #vk.12 )
            qed
          qed
        qed
      next
        case c_aenc
        solve( !KU( aenc(<'2', ~ni.1, ~nr, $R>, pk(~ltkA.3)) ) @ #vk.2 )
          case R_1
          by contradiction /* from formulas */
        next
          case c_aenc
          solve( !KU( ~ni.1 ) @ #vk.13 )
            case I_1
            solve( !KU( ~nr ) @ #vk.15 )
              case I_2
              by contradiction /* from formulas */
            next
              case R_1
              by solve( !KU( ~ltkA.3 ) @ #vk.17 )
            qed
          next
            case R_1
            solve( !KU( ~nr ) @ #vk.15 )
              case I_2
              by contradiction /* from formulas */
            next
              case R_1
              by solve( !KU( ~ltkA.3 ) @ #vk.18 )
            qed
          qed
        qed
      qed
    next
      case c_aenc
      solve( !KU( ~nr ) @ #vk.5 )
        case I_2
        by contradiction /* from formulas */
      next
        case R_1
        by solve( !KU( ~ltkA.2 ) @ #vk.6 )
      qed
    qed
  qed
qed

/* All wellformedness checks were successful. */

/*
Generated from:
Tamarin version 1.12.0
Maude version 3.5.1
Git revision: UNKNOWN, branch: UNKNOWN
Compiled at: 2026-03-08 09:49:47.765662 UTC
*/

end

==============================================================================
summary of summaries:

analyzed: /Users/leo/Documents/Git Projects/An-Executable-Taxonomy-of-Security-Properties-for-ProVerif-and-Tamarin/SecurityProperties/Authentication/WeakAgreement/WeakAgreement.spthy

  processing time: 0.40s
  
  types (all-traces): verified (32 steps)
  weak_agreement (all-traces): verified (26 steps)

==============================================================================
EXIT  : 0 (1s)
        types (all-traces): verified (32 steps)
        weak_agreement (all-traces): verified (26 steps)

----------------------------------------------------------------------
MODEL : Authentication/authentication.pv
TOOL  : proverif
CMD   : proverif /Users/leo/Documents/Git Projects/An-Executable-Taxonomy-of-Security-Properties-for-ProVerif-and-Tamarin/SecurityProperties/Authentication/authentication.pv
Process 0 (that is, the initial process):
{1}out(c, pk(skA));
{2}out(c, pk(skB));
(
    {3}!
    {4}let bA: host = A in
    {5}let bB: host = B in
    {6}let ska: skey = skA in
    {7}let pkB: pkey = pk(skB) in
    {8}new nA: bitstring;
    {9}out(c, (bA,nA));
    {10}in(c, sigB: bitstring);
    {11}let (=nA,nB: bitstring,=bB) = checksign(sigB,pkB) in
    {12}event end(bA,bB,(nA,nB));
    {13}out(c, sign(nB,ska))
) | (
    {14}!
    {15}let bB_1: host = B in
    {16}let bA_1: host = A in
    {17}let skb: skey = skB in
    {18}let pkA: pkey = pk(skA) in
    {19}in(c, (=bA_1,nA_1: bitstring));
    {20}new nB_1: bitstring;
    {21}event start(bB_1,bA_1,(nA_1,nB_1));
    {22}out(c, sign((nA_1,nB_1,bB_1),skb));
    {23}in(c, sigA: bitstring);
    {24}let nB2: bitstring = checksign(sigA,pkA) in
    {25}if (nB2 = nB_1) then
    0
) | (
    {26}!
    {27}event compromise(A);
    {28}out(c, skA)
) | (
    {29}!
    {30}event compromise(B);
    {31}out(c, skB)
)

File "/Users/leo/Documents/Git Projects/An-Executable-Taxonomy-of-Security-Properties-for-ProVerif-and-Tamarin/SecurityProperties/Authentication/authentication.pv", line 57, character 7:
Warning: identifier A rebound.
File "/Users/leo/Documents/Git Projects/An-Executable-Taxonomy-of-Security-Properties-for-ProVerif-and-Tamarin/SecurityProperties/Authentication/authentication.pv", line 57, character 16:
Warning: identifier B rebound.
File "/Users/leo/Documents/Git Projects/An-Executable-Taxonomy-of-Security-Properties-for-ProVerif-and-Tamarin/SecurityProperties/Authentication/authentication.pv", line 61, character 7:
Warning: identifier A rebound.
File "/Users/leo/Documents/Git Projects/An-Executable-Taxonomy-of-Security-Properties-for-ProVerif-and-Tamarin/SecurityProperties/Authentication/authentication.pv", line 61, character 16:
Warning: identifier B rebound.
--  Process 1 (that is, process 0, with let moved downwards):
{1}out(c, pk(skA));
{2}out(c, pk(skB));
(
    {3}!
    {8}new nA: bitstring;
    {4}let bA: host = A in
    {9}out(c, (bA,nA));
    {10}in(c, sigB: bitstring);
    {7}let pkB: pkey = pk(skB) in
    {5}let bB: host = B in
    {11}let (=nA,nB: bitstring,=bB) = checksign(sigB,pkB) in
    {12}event end(bA,bB,(nA,nB));
    {6}let ska: skey = skA in
    {13}out(c, sign(nB,ska))
) | (
    {14}!
    {16}let bA_1: host = A in
    {19}in(c, (=bA_1,nA_1: bitstring));
    {20}new nB_1: bitstring;
    {15}let bB_1: host = B in
    {21}event start(bB_1,bA_1,(nA_1,nB_1));
    {17}let skb: skey = skB in
    {22}out(c, sign((nA_1,nB_1,bB_1),skb));
    {23}in(c, sigA: bitstring);
    {18}let pkA: pkey = pk(skA) in
    {24}let nB2: bitstring = checksign(sigA,pkA) in
    {25}if (nB2 = nB_1) then
    0
) | (
    {26}!
    {27}event compromise(A);
    {28}out(c, skA)
) | (
    {29}!
    {30}event compromise(B);
    {31}out(c, skB)
)

-- Query event(end(A_1,B_1,t)) ==> event(start(B_1,A_1,t)) || event(compromise(B_1)) in process 1.
Translating the process into Horn clauses...
Completing...
Starting query event(end(A_1,B_1,t)) ==> event(start(B_1,A_1,t)) || event(compromise(B_1))
goal reachable: attacker(nB_2) && b-event(compromise(B[])) -> event(end(A[],B[],(nA_2,nB_2)))
Abbreviations:
nA_2 = nA[!1 = @sid]
goal reachable: b-event(start(B[],A[],(nA_2,nB_2))) -> event(end(A[],B[],(nA_2,nB_2)))
Abbreviations:
nA_2 = nA[!1 = @sid]
nB_2 = nB_1[nA_1 = nA_2,!1 = @sid_1]
RESULT event(end(A_1,B_1,t)) ==> event(start(B_1,A_1,t)) || event(compromise(B_1)) is true.
-- Query not event(end(A_1,B_1,t)) in process 1.
Translating the process into Horn clauses...
Completing...
Starting query not event(end(A_1,B_1,t))
goal reachable: attacker(nB_2) -> event(end(A[],B[],(nA_2,nB_2)))
Abbreviations:
nA_2 = nA[!1 = @sid]

Derivation:
Abbreviations:
nA_2 = nA[!1 = @sid]

1. The message skB[] may be sent to the attacker at output {31}.
attacker(skB[]).

2. The attacker initially knows B[].
attacker(B[]).

3. We assume as hypothesis that
attacker(nB_2).

4. The message (A[],nA_2) may be sent to the attacker at output {9}.
attacker((A[],nA_2)).

5. By 4, the attacker may know (A[],nA_2).
Using the function 2-proj-2-tuple the attacker may obtain nA_2.
attacker(nA_2).

6. By 5, the attacker may know nA_2.
By 3, the attacker may know nB_2.
By 2, the attacker may know B[].
Using the function 3-tuple the attacker may obtain (nA_2,nB_2,B[]).
attacker((nA_2,nB_2,B[])).

7. By 6, the attacker may know (nA_2,nB_2,B[]).
By 1, the attacker may know skB[].
Using the function sign the attacker may obtain sign((nA_2,nB_2,B[]),skB[]).
attacker(sign((nA_2,nB_2,B[]),skB[])).

8. The message sign((nA_2,nB_2,B[]),skB[]) that the attacker may have by 7 may be received at input {10}.
So event end(A[],B[],(nA_2,nB_2)) may be executed at {12}.
event(end(A[],B[],(nA_2,nB_2))).

9. By 8, event(end(A[],B[],(nA_2,nB_2))).
The goal is reached, represented in the following fact:
event(end(A[],B[],(nA_2,nB_2))).


A more detailed output of the traces is available with
  set traceDisplay = long.

out(c, ~M) with ~M = pk(skA) at {1}

out(c, ~M_1) with ~M_1 = pk(skB) at {2}

event compromise(B) at {30} in copy a

out(c, ~M_2) with ~M_2 = skB at {31} in copy a

new nA: bitstring creating nA_3 at {8} in copy a_1

out(c, (~M_3,~M_4)) with ~M_3 = A, ~M_4 = nA_3 at {9} in copy a_1

in(c, sign((~M_4,a_2,B),~M_2)) with sign((~M_4,a_2,B),~M_2) = sign((nA_3,a_2,B),skB) at {10} in copy a_1

event end(A,B,(nA_3,a_2)) at {12} in copy a_1 (goal)

The event end(A,B,(nA_3,a_2)) is executed at {12} in copy a_1.
A trace has been found.
RESULT not event(end(A_1,B_1,t)) is false.

--------------------------------------------------------------
Verification summary:

Query event(end(A_1,B_1,t)) ==> event(start(B_1,A_1,t)) || event(compromise(B_1)) is true.

Query not event(end(A_1,B_1,t)) is false.

--------------------------------------------------------------
EXIT  : 0 (0s)
        RESULT event(end(A_1,B_1,t)) ==> event(start(B_1,A_1,t)) || event(compromise(B_1)) is true.
        RESULT not event(end(A_1,B_1,t)) is false.

----------------------------------------------------------------------
MODEL : Authentication/authentication.spthy
TOOL  : tamarin
CMD   : tamarin-prover --prove /Users/leo/Documents/Git Projects/An-Executable-Taxonomy-of-Security-Properties-for-ProVerif-and-Tamarin/SecurityProperties/Authentication/authentication.spthy
maude tool: 'maude'
 checking version: 3.5.1. OK.
 checking installation: OK.
[Theory AuthenticationLoweHierarchy] Theory loaded
[Theory AuthenticationLoweHierarchy] Theory translated
[Theory AuthenticationLoweHierarchy] Derivation checks started
[Theory AuthenticationLoweHierarchy] Derivation checks ended
[Theory AuthenticationLoweHierarchy] Theory closed
[Saturating Sources] Step 1 (Max 5)
[Saturating Sources] Done
theory AuthenticationLoweHierarchy

begin

// Function signature and definition of the equational theory E

functions: fst/1, pair/2, pk/1, sign/2, snd/1, true/0, verify/3
equations:
    fst(<x.1, x.2>) = x.1,
    snd(<x.1, x.2>) = x.2,
    verify(sign(x.1, x.2), x.1, pk(x.2)) = true

rule (modulo E) Setup:
   [ Fr( ~skA ), Fr( ~skB ) ]
  --[ OnlyOnce( ) ]->
   [
   !LtkA( ~skA ), !LtkB( ~skB ), !PkA( pk(~skA) ), !PkB( pk(~skB) ),
   Out( pk(~skA) ), Out( pk(~skB) )
   ]

  /* has exactly the trivial AC variant */

rule (modulo E) Initiator_1:
   [ Fr( ~nA ) ] --> [ Out( <'A', ~nA> ), St_Init( ~nA ) ]

  /* has exactly the trivial AC variant */

rule (modulo E) Responder:
   [ In( <'A', nA> ), Fr( ~nB ), !LtkB( ~skB ) ]
  --[ Start( 'B', 'A', <nA, ~nB> ) ]->
   [ Out( <nA, ~nB, sign(<nA, ~nB, 'B'>, ~skB)> ), St_Resp( nA, ~nB ) ]

  /* has exactly the trivial AC variant */

rule (modulo E) Initiator_2:
   [ St_Init( ~nA ), In( <~nA, nB, sigB> ), !PkB( pkB ), !LtkA( ~skA ) ]
  --[
  Eq( verify(sigB, <~nA, nB, 'B'>, pkB), true ), End( 'A', 'B', <~nA, nB> )
  ]->
   [ Out( <nB, sign(nB, ~skA)> ) ]

  /*
  rule (modulo AC) Initiator_2:
     [ St_Init( ~nA ), In( <~nA, nB, sigB> ), !PkB( pkB ), !LtkA( ~skA ) ]
    --[ Eq( z, true ), End( 'A', 'B', <~nA, nB> ) ]->
     [ Out( <nB, sign(nB, ~skA)> ) ]
    variants (modulo AC)
    1. ~nA   = ~nA.12
       nB    = nB.14
       pkB   = pkB.15
       sigB  = sigB.16
       z     = verify(sigB.16, <~nA.12, nB.14, 'B'>, pkB.15)
    
    2. ~nA   = ~nA.19
       nB    = nB.21
       pkB   = pk(x.36)
       sigB  = sign(<~nA.19, nB.21, 'B'>, x.36)
       z     = true
  */

rule (modulo E) Responder_2:
   [ St_Resp( nA, ~nB ), In( <~nB, sigA> ), !PkA( pkA ) ]
  --[ Eq( verify(sigA, ~nB, pkA), true ), Accept( 'B', 'A', <nA, ~nB> ) ]->
   [ ]

  /*
  rule (modulo AC) Responder_2:
     [ St_Resp( nA, ~nB ), In( <~nB, sigA> ), !PkA( pkA ) ]
    --[ Eq( z, true ), Accept( 'B', 'A', <nA, ~nB> ) ]->
     [ ]
    variants (modulo AC)
    1. ~nB   = ~nB.10
       pkA   = pkA.12
       sigA  = sigA.13
       z     = verify(sigA.13, ~nB.10, pkA.12)
    
    2. ~nB   = ~nB.16
       pkA   = pk(x.30)
       sigA  = sign(~nB.16, x.30)
       z     = true
  */

rule (modulo E) LeakA:
   [ !LtkA( ~skA ) ] --[ Compromise( 'A' ) ]-> [ Out( ~skA ) ]

  /* has exactly the trivial AC variant */

rule (modulo E) LeakB:
   [ !LtkB( ~skB ) ] --[ Compromise( 'B' ) ]-> [ Out( ~skB ) ]

  /* has exactly the trivial AC variant */

restriction Equality:
  "∀ x y #i. (Eq( x, y ) @ #i) ⇒ (x = y)"
  // safety formula

  /*
  expanded formula:
  "∀ x y #i. (Eq( x, y ) @ #i) ⇒ (x = y)"
  */

restriction OnlyOnce:
  "∀ #i #j. ((OnlyOnce( ) @ #i) ∧ (OnlyOnce( ) @ #j)) ⇒ (#i = #j)"
  // safety formula

  /*
  expanded formula:
  "∀ #i #j. ((OnlyOnce( ) @ #i) ∧ (OnlyOnce( ) @ #j)) ⇒ (#i = #j)"
  */

lemma Auth:
  all-traces
  "∀ A B t #i.
    (End( A, B, t ) @ #i) ⇒
    ((∃ #j. (Start( B, A, t ) @ #j) ∧ (#j < #i)) ∨
     (∃ #k. (Compromise( B ) @ #k) ∧ (#k < #i)))"
/*
guarded formula characterizing all counter-examples:
"∃ A B t #i.
  (End( A, B, t ) @ #i)
 ∧
  (∀ #j. (Start( B, A, t ) @ #j) ⇒ ¬(#j < #i)) ∧
  (∀ #k. (Compromise( B ) @ #k) ⇒ ¬(#k < #i))"
*/
simplify
solve( St_Init( ~nA ) ▶₀ #i )
  case Initiator_1
  solve( !PkB( pk(x) ) ▶₂ #i )
    case Setup
    solve( !LtkA( ~skA ) ▶₃ #i )
      case Setup
      solve( !KU( sign(<~nA, nB, 'B'>, ~skB) ) @ #vk.4 )
        case Responder
        by contradiction /* from formulas */
      next
        case c_sign
        solve( !KU( ~skB ) @ #vk.7 )
          case LeakB
          by contradiction /* from formulas */
        qed
      qed
    qed
  qed
qed

lemma Executability:
  exists-trace "∃ A B t #i. End( A, B, t ) @ #i"
/*
guarded formula characterizing all satisfying traces:
"∃ A B t #i. (End( A, B, t ) @ #i)"
*/
simplify
solve( St_Init( ~nA ) ▶₀ #i )
  case Initiator_1
  solve( !PkB( pk(x) ) ▶₂ #i )
    case Setup
    solve( !LtkA( ~skA ) ▶₃ #i )
      case Setup
      solve( !KU( sign(<~nA, nB, 'B'>, ~skB) ) @ #vk.4 )
        case Responder
        solve( !KU( ~nA ) @ #vk.2 )
          case Initiator_1
          solve( !KU( ~nB ) @ #vk.5 )
            case Responder
            SOLVED // trace found
          qed
        qed
      qed
    qed
  qed
qed

/* All wellformedness checks were successful. */

/*
Generated from:
Tamarin version 1.12.0
Maude version 3.5.1
Git revision: UNKNOWN, branch: UNKNOWN
Compiled at: 2026-03-08 09:49:47.765662 UTC
*/

end

==============================================================================
summary of summaries:

analyzed: /Users/leo/Documents/Git Projects/An-Executable-Taxonomy-of-Security-Properties-for-ProVerif-and-Tamarin/SecurityProperties/Authentication/authentication.spthy

  processing time: 0.16s
  
  Auth (all-traces): verified (8 steps)
  Executability (exists-trace): verified (8 steps)

==============================================================================
EXIT  : 0 (0s)
        Auth (all-traces): verified (8 steps)
        Executability (exists-trace): verified (8 steps)

----------------------------------------------------------------------
MODEL : Confidentiality/ForwardSecrecy/ForwardSecrecy.pv
TOOL  : proverif
CMD   : proverif /Users/leo/Documents/Git Projects/An-Executable-Taxonomy-of-Security-Properties-for-ProVerif-and-Tamarin/SecurityProperties/Confidentiality/ForwardSecrecy/ForwardSecrecy.pv
Linear part:
exp(exp(g,x),y) = exp(exp(g,y),x)
Completing equations...
Completed equations:
exp(exp(g,x),y) = exp(exp(g,y),x)
Convergent part: No equation.
Process 0 (that is, the initial process):
{1}new sk_p: skey;
{2}new sk_q: skey;
(
    {3}let sk_p_1: skey = sk_p in
    {4}let pk_q: pkey = pk(sk_q) in
    {5}new a: exponent;
    {6}let g_a: G = exp(g,a) in
    {7}let g_a_signed: G = sign(g_a,sk_p_1) in
    {8}out(c, g_a_signed);
    {9}in(c, g_b_signed: G);
    {10}let g_b: G = checksign(g_b_signed,pk_q) in
    {11}if (g_b = g) then
        0
    else
        {12}let k: key = exp(g_b,a) in
        {13}event PSendsMessage(k);
        {14}out(c, enc(m,k))
) | (
    {15}let sk_q_1: skey = sk_q in
    {16}let pk_p: pkey = pk(sk_p) in
    {17}in(c, g_a_signed_1: G);
    {18}let g_a_1: G = checksign(g_a_signed_1,pk_p) in
    {19}new b: exponent;
    {20}let g_b_1: G = exp(g,b) in
    {21}let g_b_signed_1: G = sign(g_b_1,sk_q_1) in
    {22}out(c, g_b_signed_1);
    {23}let k_1: key = exp(g_a_1,b) in
    {24}in(c, m_enc: bitstring);
    {25}if (dec(m_enc,k_1) = m) then
    {26}event QReceivesMessage(k_1)
) | (
    {27}phase 1;
    {28}out(c, (sk_p,sk_q,g))
)

--  Process 1 (that is, process 0, with let moved downwards):
{1}new sk_p: skey;
{2}new sk_q: skey;
(
    {5}new a: exponent;
    {6}let g_a: G = exp(g,a) in
    {3}let sk_p_1: skey = sk_p in
    {7}let g_a_signed: G = sign(g_a,sk_p_1) in
    {8}out(c, g_a_signed);
    {9}in(c, g_b_signed: G);
    {4}let pk_q: pkey = pk(sk_q) in
    {10}let g_b: G = checksign(g_b_signed,pk_q) in
    {11}if (g_b = g) then
        0
    else
        {12}let k: key = exp(g_b,a) in
        {13}event PSendsMessage(k);
        {14}out(c, enc(m,k))
) | (
    {17}in(c, g_a_signed_1: G);
    {16}let pk_p: pkey = pk(sk_p) in
    {18}let g_a_1: G = checksign(g_a_signed_1,pk_p) in
    {19}new b: exponent;
    {20}let g_b_1: G = exp(g,b) in
    {15}let sk_q_1: skey = sk_q in
    {21}let g_b_signed_1: G = sign(g_b_1,sk_q_1) in
    {22}out(c, g_b_signed_1);
    {24}in(c, m_enc: bitstring);
    {23}let k_1: key = exp(g_a_1,b) in
    {25}if (dec(m_enc,k_1) = m) then
    {26}event QReceivesMessage(k_1)
) | (
    {27}phase 1;
    {28}out(c, (sk_p,sk_q,g))
)

-- Query not attacker_p1(m[]) in process 1.
Translating the process into Horn clauses...
Completing...
Starting query not attacker_p1(m[])
RESULT not attacker_p1(m[]) is true.
-- Query not event(QReceivesMessage(k_2)) in process 1.
Translating the process into Horn clauses...
Completing...
Starting query not event(QReceivesMessage(k_2))
goal reachable: event(QReceivesMessage(exp(exp(g,a[]),b_1)))
Abbreviations:
b_1 = b[g_a_signed_1 = sign(exp(g,a[]),sk_p[])]

Derivation:
Abbreviations:
b_1 = b[g_a_signed_1 = sign(exp(g,a[]),sk_p[])]

1. The message sign(exp(g,a[]),sk_p[]) may be sent to the attacker at output {8}.
attacker(sign(exp(g,a[]),sk_p[])).

2. The message sign(exp(g,a[]),sk_p[]) that the attacker may have by 1 may be received at input {17}.
So the message sign(exp(g,b_1),sk_q[]) may be sent to the attacker at output {22}.
attacker(sign(exp(g,b_1),sk_q[])).

3. The message sign(exp(g,b_1),sk_q[]) that the attacker may have by 2 may be received at input {9}.
So the message enc(m[],exp(exp(g,a[]),b_1)) may be sent to the attacker at output {14}.
attacker(enc(m[],exp(exp(g,a[]),b_1))).

4. The message sign(exp(g,a[]),sk_p[]) that the attacker may have by 1 may be received at input {17}.
The message enc(m[],exp(exp(g,a[]),b_1)) that the attacker may have by 3 may be received at input {24}.
So event QReceivesMessage(exp(exp(g,a[]),b_1)) may be executed at {26}.
event(QReceivesMessage(exp(exp(g,a[]),b_1))).

5. By 4, event(QReceivesMessage(exp(exp(g,a[]),b_1))).
The goal is reached, represented in the following fact:
event(QReceivesMessage(exp(exp(g,a[]),b_1))).


Initial state

Additional knowledge of the attacker:
c
--------------------------------------------------------------
New processes:
    new sk_p: skey;
    new sk_q: skey;
    (
        new a: exponent;
        let g_a: G = exp(g,a) in
        let sk_p_1: skey = sk_p in
        let g_a_signed: G = sign(g_a,sk_p_1) in
        out(c, g_a_signed);
        in(c, g_b_signed: G);
        let pk_q: pkey = pk(sk_q) in
        let g_b: G = checksign(g_b_signed,pk_q) in
        if (g_b = g) then
            0
        else
            let k: key = exp(g_b,a) in
            event PSendsMessage(k);
            out(c, enc(m,k))
    ) | (
        in(c, g_a_signed_1: G);
        let pk_p: pkey = pk(sk_p) in
        let g_a_1: G = checksign(g_a_signed_1,pk_p) in
        new b: exponent;
        let g_b_1: G = exp(g,b) in
        let sk_q_1: skey = sk_q in
        let g_b_signed_1: G = sign(g_b_1,sk_q_1) in
        out(c, g_b_signed_1);
        in(c, m_enc: bitstring);
        let k_1: key = exp(g_a_1,b) in
        if (dec(m_enc,k_1) = m) then
        event QReceivesMessage(k_1)
    ) | (
        phase 1;
        out(c, (sk_p,sk_q,g))
    )

--------------------------------------------------------------
1st process: new sk_p: skey creating sk_p_2

1st process: new sk_q: skey creating sk_q_2

1st process: Reduction |

2nd process: Reduction |

2nd process: Beginning of process Q

1st process: Beginning of process P

1st process: new a: exponent creating a_1

1st process: let g_a: G = exp(g,a_1) succeeds

1st process: let sk_p_1: skey = sk_p_2 succeeds

1st process: let g_a_signed: G = sign(exp(g,a_1),sk_p_2) succeeds

1st process: out(c, ~M) with ~M = sign(exp(g,a_1),sk_p_2) done

Additional knowledge of the attacker:
~M = sign(exp(g,a_1),sk_p_2)
--------------------------------------------------------------
New processes:
(
    in(c, g_b_signed: G);
    let pk_q: pkey = pk(sk_q_2) in
    let g_b: G = checksign(g_b_signed,pk_q) in
    if (g_b = g) then
        0
    else
        let k: key = exp(g_b,a_1) in
        event PSendsMessage(k);
        out(c, enc(m,k))
) | (
    in(c, g_a_signed_1: G);
    let pk_p: pkey = pk(sk_p_2) in
    let g_a_1: G = checksign(g_a_signed_1,pk_p) in
    new b: exponent;
    let g_b_1: G = exp(g,b) in
    let sk_q_1: skey = sk_q_2 in
    let g_b_signed_1: G = sign(g_b_1,sk_q_1) in
    out(c, g_b_signed_1);
    in(c, m_enc: bitstring);
    let k_1: key = exp(g_a_1,b) in
    if (dec(m_enc,k_1) = m) then
    event QReceivesMessage(k_1)
) | (
    phase 1;
    out(c, (sk_p_2,sk_q_2,g))
)

--------------------------------------------------------------
2nd process: in(c, g_a_signed_1: G) done with message ~M = sign(exp(g,a_1),sk_p_2)

2nd process: let pk_p: pkey = pk(sk_p_2) succeeds

2nd process: let g_a_1: G = exp(g,a_1) succeeds

2nd process: new b: exponent creating b_2

2nd process: let g_b_1: G = exp(g,b_2) succeeds

2nd process: let sk_q_1: skey = sk_q_2 succeeds

2nd process: let g_b_signed_1: G = sign(exp(g,b_2),sk_q_2) succeeds

2nd process: out(c, ~M_1) with ~M_1 = sign(exp(g,b_2),sk_q_2) done

Additional knowledge of the attacker:
~M_1 = sign(exp(g,b_2),sk_q_2)
--------------------------------------------------------------
New processes:
(
    in(c, g_b_signed: G);
    let pk_q: pkey = pk(sk_q_2) in
    let g_b: G = checksign(g_b_signed,pk_q) in
    if (g_b = g) then
        0
    else
        let k: key = exp(g_b,a_1) in
        event PSendsMessage(k);
        out(c, enc(m,k))
) | (
    in(c, m_enc: bitstring);
    let k_1: key = exp(exp(g,a_1),b_2) in
    if (dec(m_enc,k_1) = m) then
    event QReceivesMessage(k_1)
) | (
    phase 1;
    out(c, (sk_p_2,sk_q_2,g))
)

--------------------------------------------------------------
1st process: in(c, g_b_signed: G) done with message ~M_1 = sign(exp(g,b_2),sk_q_2)

1st process: let pk_q: pkey = pk(sk_q_2) succeeds

1st process: let g_b: G = exp(g,b_2) succeeds

1st process: if (exp(g,b_2) = g): else branch taken

1st process: let k: key = exp(exp(g,b_2),a_1) succeeds

1st process: event PSendsMessage(exp(exp(g,b_2),a_1)) executed

1st process: out(c, ~M_2) with ~M_2 = enc(m,exp(exp(g,b_2),a_1)) done

Additional knowledge of the attacker:
~M_2 = enc(m,exp(exp(g,b_2),a_1))
--------------------------------------------------------------
1st process: Reduction 0

New processes:
(
    in(c, m_enc: bitstring);
    let k_1: key = exp(exp(g,a_1),b_2) in
    if (dec(m_enc,k_1) = m) then
    event QReceivesMessage(k_1)
) | (
    phase 1;
    out(c, (sk_p_2,sk_q_2,g))
)

--------------------------------------------------------------
1st process: in(c, m_enc: bitstring) done with message ~M_2 = enc(m,exp(exp(g,a_1),b_2))

1st process: let k_1: key = exp(exp(g,a_1),b_2) succeeds

1st process: if (dec(enc(m,exp(exp(g,a_1),b_2)),exp(exp(g,a_1),b_2)) = m) succeeds

1st process: event QReceivesMessage(exp(exp(g,a_1),b_2)) executed; it is a goal

New processes:
(
    0
) | (
    phase 1;
    out(c, (sk_p_2,sk_q_2,g))
)

--------------------------------------------------------------
The event QReceivesMessage(exp(exp(g,a_1),b_2)) is executed at {26}.
A trace has been found.
RESULT not event(QReceivesMessage(k_2)) is false.
-- Query inj-event(QReceivesMessage(k_2)) ==> inj-event(PSendsMessage(k_2)) in process 1.
Translating the process into Horn clauses...
Completing...
Starting query inj-event(QReceivesMessage(k_2)) ==> inj-event(PSendsMessage(k_2))
goal reachable: b-inj-event(PSendsMessage(exp(exp(g,a[]),b_1)),@occ13_1) -> inj-event(QReceivesMessage(exp(exp(g,a[]),b_1)),@occ26_1)
The hypothesis occurs strictly before the conclusion.
Abbreviations:
b_1 = b[g_a_signed_1 = sign(exp(g,a[]),sk_p[])]
@occ26_1 = @occ26[m_enc = enc(m[],exp(exp(g,a[]),b_1)),g_a_signed_1 = sign(exp(g,a[]),sk_p[])]
@occ13_1 = @occ13[g_b_signed = sign(exp(g,b_1),sk_q[])]
RESULT inj-event(QReceivesMessage(k_2)) ==> inj-event(PSendsMessage(k_2)) is true.

--------------------------------------------------------------
Verification summary:

Query not attacker_p1(m[]) is true.

Query not event(QReceivesMessage(k_2)) is false.

Query inj-event(QReceivesMessage(k_2)) ==> inj-event(PSendsMessage(k_2)) is true.

--------------------------------------------------------------
EXIT  : 0 (0s)
        RESULT not attacker_p1(m[]) is true.
        RESULT not event(QReceivesMessage(k_2)) is false.
        RESULT inj-event(QReceivesMessage(k_2)) ==> inj-event(PSendsMessage(k_2)) is true.

----------------------------------------------------------------------
MODEL : Confidentiality/ForwardSecrecy/ForwardSecrecy.spthy
TOOL  : tamarin
CMD   : tamarin-prover --prove /Users/leo/Documents/Git Projects/An-Executable-Taxonomy-of-Security-Properties-for-ProVerif-and-Tamarin/SecurityProperties/Confidentiality/ForwardSecrecy/ForwardSecrecy.spthy
maude tool: 'maude'
 checking version: 3.5.1. OK.
 checking installation: OK.
[Theory Generated] Theory loaded
[Theory Generated] Theory translated
[Theory Generated] Derivation checks started
[Theory Generated] Derivation checks ended
[Theory Generated] Theory closed
[Saturating Sources] Step 1 (Max 5)
[Saturating Sources] Done
theory Generated

begin

// Function signature and definition of the equational theory E

builtins: diffie-hellman
functions: adec/2, aenc/2, fst/1, getMessage/1, group2key/1, pair/2,
           pk/1, revealSign/2, revealVerify/3, sdec/2, senc/2, snd/1, true/0
equations:
    adec(aenc(x.1, pk(x.2)), x.2) = x.1,
    fst(<x.1, x.2>) = x.1,
    getMessage(revealSign(x.1, x.2)) = x.1,
    revealVerify(revealSign(x.1, x.2), x.1, pk(x.2)) = true,
    sdec(senc(x.1, x.2), x.2) = x.1,
    snd(<x.1, x.2>) = x.2

rule (modulo E) Register_P:
   [ Fr( ~sk ) ] --> [ !Ltk( $P, ~sk ), !Pk( $P, pk(~sk) ), Out( pk(~sk) ) ]

  /* has exactly the trivial AC variant */

rule (modulo E) Register_Q:
   [ Fr( ~sk ) ] --> [ !Ltk( $Q, ~sk ), !Pk( $Q, pk(~sk) ), Out( pk(~sk) ) ]

  /* has exactly the trivial AC variant */

rule (modulo E) P_start:
   [ !Ltk( $P, ~sk ), Fr( ~a ) ]
  --[ Begin_P( ) ]->
   [ Out( revealSign('g'^~a, ~sk) ), State_P_1( ~sk, ~a ) ]

  /* has exactly the trivial AC variant */

rule (modulo E) P_responds_to_step2:
   [
   !Ltk( $P, ~sk ), State_P_1( ~sk, ~a ), !Pk( $Q, pk_q ), In( step2_p0 ),
   Fr( ~m )
   ]
  --[
  Eq( revealVerify(step2_p0, getMessage(step2_p0), pk_q), true ),
  Secret( ~m ), Honest( $P ), Honest( $Q ),
  Neq( getMessage(step2_p0), 'g' ), Commit_P( $P )
  ]->
   [ Out( senc(~m, group2key(getMessage(step2_p0)^~a)) ) ]

  /*
  rule (modulo AC) P_responds_to_step2:
     [
     !Ltk( $P, ~sk ), State_P_1( ~sk, ~a ), !Pk( $Q, pk_q ), In( step2_p0 ),
     Fr( ~m )
     ]
    --[
    Eq( z.1, true ), Secret( ~m ), Honest( $P ), Honest( $Q ),
    Neq( z.2, 'g' ), Commit_P( $P )
    ]->
     [ Out( senc(~m, group2key(z)) ) ]
    variants (modulo AC)
     1. ~a    = ~a.12
        pk_q  = pk_q.15
        step2_p0
              = step2_p0.16
        z     = getMessage(step2_p0.16)^~a.12
        z.1   = revealVerify(step2_p0.16, getMessage(step2_p0.16), pk_q.15)
        z.2   = getMessage(step2_p0.16)
    
     2. ~a    = ~a.14
        pk_q  = pk_q.17
        step2_p0
              = revealSign(z.21, x.23)
        z     = z.21^~a.14
        z.1   = revealVerify(revealSign(z.21, x.23), z.21, pk_q.17)
        z.2   = z.21
    
     3. ~a    = ~a.14
        pk_q  = pk(x.22)
        step2_p0
              = revealSign(z.21, x.22)
        z     = z.21^~a.14
        z.1   = true
        z.2   = z.21
    
     4. ~a    = ~a.15
        pk_q  = pk_q.18
        step2_p0
              = revealSign(x.23^x.24, x.25)
        z     = x.23^(~a.15*x.24)
        z.1   = revealVerify(revealSign(x.23^x.24, x.25), x.23^x.24, pk_q.18)
        z.2   = x.23^x.24
    
     5. ~a    = ~a.15
        pk_q  = pk(x.23)
        step2_p0
              = revealSign(x.24^x.25, x.23)
        z     = x.24^(~a.15*x.25)
        z.1   = true
        z.2   = x.24^x.25
    
     6. ~a    = ~a.16
        pk_q  = pk(x.27)
        step2_p0
              = revealSign(z.21^inv(~a.16), x.27)
        z     = z.21
        z.1   = true
        z.2   = z.21^inv(~a.16)
    
     7. ~a    = ~a.17
        pk_q  = pk(x.28)
        step2_p0
              = revealSign(x.29^inv((~a.17*x.30)), x.28)
        z     = x.29^inv(x.30)
        z.1   = true
        z.2   = x.29^inv((~a.17*x.30))
    
     8. ~a    = ~a.17
        pk_q  = pk(x.28)
        step2_p0
              = revealSign(x.29^(x.30*inv(~a.17)), x.28)
        z     = x.29^x.30
        z.1   = true
        z.2   = x.29^(x.30*inv(~a.17))
    
     9. ~a    = ~a.18
        pk_q  = pk_q.21
        step2_p0
              = revealSign(z.23^inv(~a.18), x.31)
        z     = z.23
        z.1   = revealVerify(revealSign(z.23^inv(~a.18), x.31), z.23^inv(~a.18),
                             pk_q.21)
        z.2   = z.23^inv(~a.18)
    
    10. ~a    = ~a.18
        pk_q  = pk(x.29)
        step2_p0
              = revealSign(x.30^(x.31*inv((~a.18*x.32))), x.29)
        z     = x.30^(x.31*inv(x.32))
        z.1   = true
        z.2   = x.30^(x.31*inv((~a.18*x.32)))
    
    11. ~a    = ~a.19
        pk_q  = pk_q.22
        step2_p0
              = revealSign(x.31^inv((~a.19*x.32)), x.33)
        z     = x.31^inv(x.32)
        z.1   = revealVerify(revealSign(x.31^inv((~a.19*x.32)), x.33),
                             x.31^inv((~a.19*x.32)), pk_q.22)
        z.2   = x.31^inv((~a.19*x.32))
    
    12. ~a    = ~a.19
        pk_q  = pk_q.22
        step2_p0
              = revealSign(x.31^(x.32*inv(~a.19)), x.33)
        z     = x.31^x.32
        z.1   = revealVerify(revealSign(x.31^(x.32*inv(~a.19)), x.33),
                             x.31^(x.32*inv(~a.19)), pk_q.22)
        z.2   = x.31^(x.32*inv(~a.19))
    
    13. ~a    = ~a.20
        pk_q  = pk_q.23
        step2_p0
              = revealSign(x.32^(x.33*inv((~a.20*x.34))), x.35)
        z     = x.32^(x.33*inv(x.34))
        z.1   = revealVerify(revealSign(x.32^(x.33*inv((~a.20*x.34))), x.35),
                             x.32^(x.33*inv((~a.20*x.34))), pk_q.23)
        z.2   = x.32^(x.33*inv((~a.20*x.34)))
    
    14. pk_q  = pk_q.13
        step2_p0
              = revealSign(DH_neutral, x.18)
        z     = DH_neutral
        z.1   = revealVerify(revealSign(DH_neutral, x.18), DH_neutral, pk_q.13)
        z.2   = DH_neutral
    
    15. pk_q  = pk(x.12)
        step2_p0
              = revealSign(DH_neutral, x.12)
        z     = DH_neutral
        z.1   = true
        z.2   = DH_neutral
  */

rule (modulo E) Q_responds_to_step1:
   [ !Ltk( $Q, ~sk ), !Pk( $P, pk_p ), Fr( ~b ), In( step1_p0 ) ]
  --[ Eq( revealVerify(step1_p0, getMessage(step1_p0), pk_p), true ) ]->
   [
   Out( revealSign('g'^~b, ~sk) ),
   State_Q_1( ~sk, getMessage(step1_p0), ~b )
   ]

  /*
  rule (modulo AC) Q_responds_to_step1:
     [ !Ltk( $Q, ~sk ), !Pk( $P, pk_p ), Fr( ~b ), In( step1_p0 ) ]
    --[ Eq( z.1, true ) ]->
     [ Out( revealSign('g'^~b, ~sk) ), State_Q_1( ~sk, z, ~b ) ]
    variants (modulo AC)
    1. pk_p  = pk_p.19
       step1_p0
             = step1_p0.20
       z     = getMessage(step1_p0.20)
       z.1   = revealVerify(step1_p0.20, getMessage(step1_p0.20), pk_p.19)
    
    2. pk_p  = pk_p.45
       step1_p0
             = revealSign(z.48, x.82)
       z     = z.48
       z.1   = revealVerify(revealSign(z.48, x.82), z.48, pk_p.45)
    
    3. pk_p  = pk(x.80)
       step1_p0
             = revealSign(z.47, x.80)
       z     = z.47
       z.1   = true
  */

rule (modulo E) Q_responds_to_step3:
   [ !Ltk( $Q, ~sk ), State_Q_1( ~sk, g_a, ~b ), In( step3_p0 ) ]
  --[ Commit_Q( $Q ) ]->
   [ ]

  /* has exactly the trivial AC variant */

restriction Equality:
  "∀ x y #i. (Eq( x, y ) @ #i) ⇒ (x = y)"
  // safety formula

  /*
  expanded formula:
  "∀ x y #i. (Eq( x, y ) @ #i) ⇒ (x = y)"
  */

restriction Inequality:
  "∀ x #i. (Neq( x, x ) @ #i) ⇒ (⊥)"
  // safety formula

  /*
  expanded formula:
  "∀ x #i. (Neq( x, x ) @ #i) ⇒ (⊥)"
  */

rule (modulo E) Reveal_P_sk:
   [ !Ltk( $P, ~sk ) ] --[ Leaked( $P ) ]-> [ Out( ~sk ) ]

  /* has exactly the trivial AC variant */

rule (modulo E) Reveal_Q_sk:
   [ !Ltk( $Q, ~sk ) ] --[ Leaked( $Q ) ]-> [ Out( ~sk ) ]

  /* has exactly the trivial AC variant */

lemma forward_secrecy:
  all-traces
  "∀ m #i.
    (Secret( m ) @ #i) ⇒
    ((¬(∃ #j. K( m ) @ #j)) ∨
     (∃ B #r. ((Leaked( B ) @ #r) ∧ (Honest( B ) @ #i)) ∧ (#r < #i)))"
/*
guarded formula characterizing all counter-examples:
"∃ m #i.
  (Secret( m ) @ #i)
 ∧
  (∃ #j. (K( m ) @ #j)) ∧
  (∀ B #r. (Leaked( B ) @ #r) ∧ (Honest( B ) @ #i) ⇒ ¬(#r < #i))"
*/
simplify
solve( !Ltk( $P, ~sk ) ▶₀ #i )
  case Register_P
  solve( State_P_1( ~sk, ~a ) ▶₁ #i )
    case P_start
    solve( !Pk( $Q, pk(x) ) ▶₂ #i )
      case Register_P
      solve( !KU( ~m ) @ #vk.1 )
        case P_responds_to_step2
        solve( !KU( revealSign(z, ~sk.1) ) @ #vk.1 )
          case P_start
          solve( !KU( group2key('g'^(~a*~a.1)) ) @ #vk.2 )
            case c_group2key
            solve( !KU( 'g'^(~a*~a.1) ) @ #vk.3 )
              case P_start_case_1
              by solve( !KU( ~a ) @ #vk.4 )
            next
              case P_start_case_2
              by solve( !KU( ~a.1 ) @ #vk.4 )
            next
              case c_exp
              by solve( !KU( ~a ) @ #vk.6 )
            qed
          qed
        next
          case Q_responds_to_step1_case_1
          solve( !KU( group2key('g'^(~a*~b)) ) @ #vk.2 )
            case c_group2key
            solve( !KU( 'g'^(~a*~b) ) @ #vk.4 )
              case P_start
              by solve( !KU( ~b ) @ #vk.5 )
            next
              case Q_responds_to_step1
              by solve( !KU( ~a ) @ #vk.5 )
            next
              case c_exp
              by solve( !KU( ~a ) @ #vk.7 )
            qed
          qed
        next
          case Q_responds_to_step1_case_2
          solve( !KU( group2key('g'^(~a*~b)) ) @ #vk.2 )
            case c_group2key
            solve( !KU( 'g'^(~a*~b) ) @ #vk.4 )
              case P_start
              by solve( !KU( ~b ) @ #vk.5 )
            next
              case Q_responds_to_step1
              by solve( !KU( ~a ) @ #vk.5 )
            next
              case c_exp
              by solve( !KU( ~a ) @ #vk.7 )
            qed
          qed
        next
          case c_revealSign
          solve( !KU( ~sk.1 ) @ #vk.4 )
            case Reveal_P_sk
            by contradiction /* from formulas */
          next
            case Reveal_Q_sk
            by contradiction /* from formulas */
          qed
        qed
      qed
    next
      case Register_Q
      solve( !KU( ~m ) @ #vk.1 )
        case P_responds_to_step2
        solve( !KU( revealSign(z, ~sk.1) ) @ #vk.1 )
          case P_start
          solve( !KU( group2key('g'^(~a*~a.1)) ) @ #vk.2 )
            case c_group2key
            solve( !KU( 'g'^(~a*~a.1) ) @ #vk.3 )
              case P_start_case_1
              by solve( !KU( ~a.1 ) @ #vk.4 )
            next
              case P_start_case_2
              by solve( !KU( ~a ) @ #vk.4 )
            next
              case c_exp
              by solve( !KU( ~a ) @ #vk.6 )
            qed
          qed
        next
          case Q_responds_to_step1_case_1
          solve( !KU( group2key('g'^(~a*~b)) ) @ #vk.2 )
            case c_group2key
            solve( !KU( 'g'^(~a*~b) ) @ #vk.4 )
              case P_start
              by solve( !KU( ~b ) @ #vk.5 )
            next
              case Q_responds_to_step1
              by solve( !KU( ~a ) @ #vk.5 )
            next
              case c_exp
              by solve( !KU( ~a ) @ #vk.7 )
            qed
          qed
        next
          case Q_responds_to_step1_case_2
          solve( !KU( group2key('g'^(~a*~b)) ) @ #vk.2 )
            case c_group2key
            solve( !KU( 'g'^(~a*~b) ) @ #vk.4 )
              case P_start
              by solve( !KU( ~b ) @ #vk.5 )
            next
              case Q_responds_to_step1
              by solve( !KU( ~a ) @ #vk.5 )
            next
              case c_exp
              by solve( !KU( ~a ) @ #vk.7 )
            qed
          qed
        next
          case c_revealSign
          solve( !KU( ~sk.1 ) @ #vk.4 )
            case Reveal_P_sk
            by contradiction /* from formulas */
          next
            case Reveal_Q_sk
            by contradiction /* from formulas */
          qed
        qed
      qed
    qed
  qed
next
  case Register_Q
  solve( State_P_1( ~sk, ~a ) ▶₁ #i )
    case P_start
    solve( !Pk( $Q, pk(x) ) ▶₂ #i )
      case Register_P
      solve( !KU( ~m ) @ #vk.1 )
        case P_responds_to_step2
        solve( !KU( revealSign(z, ~sk.1) ) @ #vk.1 )
          case P_start
          solve( !KU( group2key('g'^(~a*~a.1)) ) @ #vk.2 )
            case c_group2key
            solve( !KU( 'g'^(~a*~a.1) ) @ #vk.3 )
              case P_start_case_1
              by solve( !KU( ~a ) @ #vk.4 )
            next
              case P_start_case_2
              by solve( !KU( ~a.1 ) @ #vk.4 )
            next
              case c_exp
              by solve( !KU( ~a ) @ #vk.6 )
            qed
          qed
        next
          case Q_responds_to_step1_case_1
          solve( !KU( group2key('g'^(~a*~b)) ) @ #vk.2 )
            case c_group2key
            solve( !KU( 'g'^(~a*~b) ) @ #vk.4 )
              case P_start
              by solve( !KU( ~b ) @ #vk.5 )
            next
              case Q_responds_to_step1
              by solve( !KU( ~a ) @ #vk.5 )
            next
              case c_exp
              by solve( !KU( ~a ) @ #vk.7 )
            qed
          qed
        next
          case Q_responds_to_step1_case_2
          solve( !KU( group2key('g'^(~a*~b)) ) @ #vk.2 )
            case c_group2key
            solve( !KU( 'g'^(~a*~b) ) @ #vk.4 )
              case P_start
              by solve( !KU( ~b ) @ #vk.5 )
            next
              case Q_responds_to_step1
              by solve( !KU( ~a ) @ #vk.5 )
            next
              case c_exp
              by solve( !KU( ~a ) @ #vk.7 )
            qed
          qed
        next
          case c_revealSign
          solve( !KU( ~sk.1 ) @ #vk.4 )
            case Reveal_P_sk
            by contradiction /* from formulas */
          next
            case Reveal_Q_sk
            by contradiction /* from formulas */
          qed
        qed
      qed
    next
      case Register_Q
      solve( !KU( ~m ) @ #vk.1 )
        case P_responds_to_step2
        solve( !KU( revealSign(z, ~sk.1) ) @ #vk.1 )
          case P_start
          solve( !KU( group2key('g'^(~a*~a.1)) ) @ #vk.2 )
            case c_group2key
            solve( !KU( 'g'^(~a*~a.1) ) @ #vk.3 )
              case P_start_case_1
              by solve( !KU( ~a ) @ #vk.4 )
            next
              case P_start_case_2
              by solve( !KU( ~a.1 ) @ #vk.4 )
            next
              case c_exp
              by solve( !KU( ~a ) @ #vk.6 )
            qed
          qed
        next
          case Q_responds_to_step1_case_1
          solve( !KU( group2key('g'^(~a*~b)) ) @ #vk.2 )
            case c_group2key
            solve( !KU( 'g'^(~a*~b) ) @ #vk.4 )
              case P_start
              by solve( !KU( ~b ) @ #vk.5 )
            next
              case Q_responds_to_step1
              by solve( !KU( ~a ) @ #vk.5 )
            next
              case c_exp
              by solve( !KU( ~a ) @ #vk.7 )
            qed
          qed
        next
          case Q_responds_to_step1_case_2
          solve( !KU( group2key('g'^(~a*~b)) ) @ #vk.2 )
            case c_group2key
            solve( !KU( 'g'^(~a*~b) ) @ #vk.4 )
              case P_start
              by solve( !KU( ~b ) @ #vk.5 )
            next
              case Q_responds_to_step1
              by solve( !KU( ~a ) @ #vk.5 )
            next
              case c_exp
              by solve( !KU( ~a ) @ #vk.7 )
            qed
          qed
        next
          case c_revealSign
          solve( !KU( ~sk.1 ) @ #vk.4 )
            case Reveal_P_sk
            by contradiction /* from formulas */
          next
            case Reveal_Q_sk
            by contradiction /* from formulas */
          qed
        qed
      qed
    qed
  qed
qed

/* All wellformedness checks were successful. */

/*
Generated from:
Tamarin version 1.12.0
Maude version 3.5.1
Git revision: UNKNOWN, branch: UNKNOWN
Compiled at: 2026-03-08 09:49:47.765662 UTC
*/

end

==============================================================================
summary of summaries:

analyzed: /Users/leo/Documents/Git Projects/An-Executable-Taxonomy-of-Security-Properties-for-ProVerif-and-Tamarin/SecurityProperties/Confidentiality/ForwardSecrecy/ForwardSecrecy.spthy

  processing time: 0.73s
  
  forward_secrecy (all-traces): verified (86 steps)

==============================================================================
EXIT  : 0 (1s)
        forward_secrecy (all-traces): verified (86 steps)

----------------------------------------------------------------------
MODEL : Confidentiality/Post-compromiseSecurity/PostCompromiseSecurity.pv
TOOL  : proverif
CMD   : proverif /Users/leo/Documents/Git Projects/An-Executable-Taxonomy-of-Security-Properties-for-ProVerif-and-Tamarin/SecurityProperties/Confidentiality/Post-compromiseSecurity/PostCompromiseSecurity.pv
Linear part:
exp(g(x),y) = exp(g(y),x)
Completing equations...
Completed equations:
exp(g(x),y) = exp(g(y),x)
Convergent part: No equation.
Process 0 (that is, the initial process):
{1}new skA: id_key;
{2}let pkA: id_key = pub(skA) in
{3}out(c, pkA);
{4}new skB: id_key;
{5}let pkB: id_key = pub(skB) in
{6}out(c, pkB);
{7}new shared_rk: key;
(
    {8}let rk_0: key = shared_rk in
    {9}let skA_1: id_key = skA in
    {10}phase 1;
    {11}out(c, rk_0);
    {12}event compromise(pub(skA_1),pkB);
    {13}phase 2;
    {14}new a: exponent;
    {15}let ga: G = g(a) in
    {16}out(c, (ga,sign(ga,skA_1)));
    {17}in(c, (gb: G,sigB: bitstring));
    {18}if (checksign(sigB,pkB) = gb) then
    {19}let shared_secret: key = exp(gb,a) in
    {20}let rk_1: key = kdf(rk_0,shared_secret) in
    {21}let chain_key: key = h(rk_1) in
    {22}event heal(pub(skA_1),pkB,chain_key);
    {23}out(c, enc(secret_future_data,chain_key))
) | (
    {24}let rk_0_1: key = shared_rk in
    {25}let skB_1: id_key = skB in
    {26}phase 1;
    {27}phase 2;
    {28}new b: exponent;
    {29}let gb_1: G = g(b) in
    {30}in(c, (ga_1: G,sigA: bitstring));
    {31}if (checksign(sigA,pkA) = ga_1) then
    {32}out(c, (gb_1,sign(gb_1,skB_1)));
    {33}let shared_secret_1: key = exp(ga_1,b) in
    {34}let rk: key = kdf(rk_0_1,shared_secret_1) in
    {35}let chain_key_1: key = h(rk) in
    {36}event heal(pkA,pub(skB_1),chain_key_1);
    {37}in(c, ciphertext: bitstring);
    {38}let decrypted_data: bitstring = dec(ciphertext,chain_key_1) in
    {39}event check
)

--  Process 1 (that is, process 0, with let moved downwards):
{1}new skA: id_key;
{2}let pkA: id_key = pub(skA) in
{3}out(c, pkA);
{4}new skB: id_key;
{5}let pkB: id_key = pub(skB) in
{6}out(c, pkB);
{7}new shared_rk: key;
(
    {10}phase 1;
    {8}let rk_0: key = shared_rk in
    {11}out(c, rk_0);
    {9}let skA_1: id_key = skA in
    {12}event compromise(pub(skA_1),pkB);
    {13}phase 2;
    {14}new a: exponent;
    {15}let ga: G = g(a) in
    {16}out(c, (ga,sign(ga,skA_1)));
    {17}in(c, (gb: G,sigB: bitstring));
    {18}if (checksign(sigB,pkB) = gb) then
    {19}let shared_secret: key = exp(gb,a) in
    {20}let rk_1: key = kdf(rk_0,shared_secret) in
    {21}let chain_key: key = h(rk_1) in
    {22}event heal(pub(skA_1),pkB,chain_key);
    {23}out(c, enc(secret_future_data,chain_key))
) | (
    {26}phase 1;
    {27}phase 2;
    {28}new b: exponent;
    {30}in(c, (ga_1: G,sigA: bitstring));
    {31}if (checksign(sigA,pkA) = ga_1) then
    {29}let gb_1: G = g(b) in
    {25}let skB_1: id_key = skB in
    {32}out(c, (gb_1,sign(gb_1,skB_1)));
    {33}let shared_secret_1: key = exp(ga_1,b) in
    {24}let rk_0_1: key = shared_rk in
    {34}let rk: key = kdf(rk_0_1,shared_secret_1) in
    {35}let chain_key_1: key = h(rk) in
    {36}event heal(pkA,pub(skB_1),chain_key_1);
    {37}in(c, ciphertext: bitstring);
    {38}let decrypted_data: bitstring = dec(ciphertext,chain_key_1) in
    {39}event check
)

-- Query not event(check) in process 1.
Translating the process into Horn clauses...
Completing...
200 rules inserted. Base: 125 rules (62 with conclusion selected). Queue: 8 rules.
Starting query not event(check)
goal reachable: event(check)

Derivation:

1. The message (g(a[]),sign(g(a[]),skA[])) may be sent to the attacker in phase 2 at output {16}.
attacker_p2((g(a[]),sign(g(a[]),skA[]))).

2. By 1, the attacker may know (g(a[]),sign(g(a[]),skA[])) in phase 2.
Using the function 2-proj-2-tuple the attacker may obtain sign(g(a[]),skA[]) in phase 2.
attacker_p2(sign(g(a[]),skA[])).

3. By 1, the attacker may know (g(a[]),sign(g(a[]),skA[])) in phase 2.
Using the function 1-proj-2-tuple the attacker may obtain g(a[]) in phase 2.
attacker_p2(g(a[])).

4. By 3, the attacker may know g(a[]) in phase 2.
By 2, the attacker may know sign(g(a[]),skA[]) in phase 2.
Using the function 2-tuple the attacker may obtain (g(a[]),sign(g(a[]),skA[])) in phase 2.
attacker_p2((g(a[]),sign(g(a[]),skA[]))).

5. The message (g(a[]),sign(g(a[]),skA[])) that the attacker may have in phase 2 by 4 may be received at input {30}.
So the message (g(b[]),sign(g(b[]),skB[])) may be sent to the attacker in phase 2 at output {32}.
attacker_p2((g(b[]),sign(g(b[]),skB[]))).

6. By 5, the attacker may know (g(b[]),sign(g(b[]),skB[])) in phase 2.
Using the function 2-proj-2-tuple the attacker may obtain sign(g(b[]),skB[]) in phase 2.
attacker_p2(sign(g(b[]),skB[])).

7. By 5, the attacker may know (g(b[]),sign(g(b[]),skB[])) in phase 2.
Using the function 1-proj-2-tuple the attacker may obtain g(b[]) in phase 2.
attacker_p2(g(b[])).

8. By 7, the attacker may know g(b[]) in phase 2.
By 6, the attacker may know sign(g(b[]),skB[]) in phase 2.
Using the function 2-tuple the attacker may obtain (g(b[]),sign(g(b[]),skB[])) in phase 2.
attacker_p2((g(b[]),sign(g(b[]),skB[]))).

9. The message (g(b[]),sign(g(b[]),skB[])) that the attacker may have in phase 2 by 8 may be received at input {17}.
So the message enc(secret_future_data[],h(kdf(shared_rk[],exp(g(a[]),b[])))) may be sent to the attacker in phase 2 at output {23}.
attacker_p2(enc(secret_future_data[],h(kdf(shared_rk[],exp(g(a[]),b[]))))).

10. The message (g(a[]),sign(g(a[]),skA[])) that the attacker may have in phase 2 by 4 may be received at input {30}.
The message enc(secret_future_data[],h(kdf(shared_rk[],exp(g(a[]),b[])))) that the attacker may have in phase 2 by 9 may be received at input {37}.
So event check may be executed at {39}.
event(check).

11. By 10, event(check).
The goal is reached, represented in the following fact:
event(check).


A more detailed output of the traces is available with
  set traceDisplay = long.

new skA: id_key creating skA_2 at {1}

out(c, ~M) with ~M = pub(skA_2) at {3}

new skB: id_key creating skB_2 at {4}

out(c, ~M_1) with ~M_1 = pub(skB_2) at {6}

new shared_rk: key creating shared_rk_1 at {7}

out(c, ~M_2) with ~M_2 = shared_rk_1 at {11}

event compromise(pub(skA_2),pub(skB_2)) at {12}

new b: exponent creating b_1 at {28}

new a: exponent creating a_1 at {14}

out(c, (~M_3,~M_4)) with ~M_3 = g(a_1), ~M_4 = sign(g(a_1),skA_2) at {16}

in(c, (~M_3,~M_4)) with ~M_3 = g(a_1), ~M_4 = sign(g(a_1),skA_2) at {30}

out(c, (~M_5,~M_6)) with ~M_5 = g(b_1), ~M_6 = sign(g(b_1),skB_2) at {32}

event heal(pub(skA_2),pub(skB_2),h(kdf(shared_rk_1,exp(g(a_1),b_1)))) at {36}

in(c, (~M_5,~M_6)) with ~M_5 = g(b_1), ~M_6 = sign(g(b_1),skB_2) at {17}

event heal(pub(skA_2),pub(skB_2),h(kdf(shared_rk_1,exp(g(b_1),a_1)))) at {22}

out(c, ~M_7) with ~M_7 = enc(secret_future_data,h(kdf(shared_rk_1,exp(g(b_1),a_1)))) at {23}

in(c, ~M_7) with ~M_7 = enc(secret_future_data,h(kdf(shared_rk_1,exp(g(a_1),b_1)))) at {37}

event check at {39} (goal)

The event check is executed at {39}.
A trace has been found.
RESULT not event(check) is false.
-- Query not attacker_p2(secret_future_data[]) in process 1.
Translating the process into Horn clauses...
Completing...
Starting query not attacker_p2(secret_future_data[])
RESULT not attacker_p2(secret_future_data[]) is true.

--------------------------------------------------------------
Verification summary:

Query not event(check) is false.

Query not attacker_p2(secret_future_data[]) is true.

--------------------------------------------------------------
EXIT  : 0 (0s)
        RESULT not event(check) is false.
        RESULT not attacker_p2(secret_future_data[]) is true.

----------------------------------------------------------------------
MODEL : Confidentiality/Post-compromiseSecurity/PostCompromiseSecurity.spthy
TOOL  : tamarin
CMD   : tamarin-prover --prove /Users/leo/Documents/Git Projects/An-Executable-Taxonomy-of-Security-Properties-for-ProVerif-and-Tamarin/SecurityProperties/Confidentiality/Post-compromiseSecurity/PostCompromiseSecurity.spthy
maude tool: 'maude'
 checking version: 3.5.1. OK.
 checking installation: OK.
[Theory DiffieHellman_PCS_Sent] Theory loaded
[Theory DiffieHellman_PCS_Sent] Theory translated
[Theory DiffieHellman_PCS_Sent] Derivation checks started
[Theory DiffieHellman_PCS_Sent] Derivation checks ended
[Theory DiffieHellman_PCS_Sent] Theory closed
[Saturating Sources] Step 1 (Max 5)
[Saturating Sources] Step 2 (Max 5)
[Saturating Sources] Done
theory DiffieHellman_PCS_Sent

begin

// Function signature and definition of the equational theory E

builtins: diffie-hellman
functions: fst/1, h/1, kdf/2, pair/2, pk/1, sdec/2, senc/2, sign/2,
           snd/1, true/0, verify/3
equations:
    fst(<x.1, x.2>) = x.1,
    sdec(senc(x.1, x.2), x.2) = x.1,
    snd(<x.1, x.2>) = x.2,
    verify(sign(x.1, x.2), x.1, pk(x.2)) = true

rule (modulo E) Initialize_Identities:
   [ Fr( ~skA ), Fr( ~skB ) ]
  --[ UniqueKeys( ) ]->
   [
   !Ltk( $A, ~skA ), !Pk( $A, pk(~skA) ), !Ltk( $B, ~skB ),
   !Pk( $B, pk(~skB) ), Out( pk(~skA) ), Out( pk(~skB) )
   ]

  /* has exactly the trivial AC variant */

rule (modulo E) Initialize_Shared_State:
   [ Fr( ~rk0 ) ]
  --[ UniqueState( ) ]->
   [
   !Rk0Store( $A, $B, ~rk0 ), State_Alice( $A, $B, ~rk0 ),
   State_Bob( $A, $B, ~rk0 )
   ]

  /* has exactly the trivial AC variant */

rule (modulo E) Reveal_RK:
   [ !Rk0Store( $A, $B, rk0 ) ] --[ Compromise( $A, $B ) ]-> [ Out( rk0 ) ]

  /* has exactly the trivial AC variant */

rule (modulo E) Alice_Send_DH:
   [ State_Alice( $A, $B, rk0 ), !Ltk( $A, skA ), Fr( ~expA ) ]
  -->
   [
   Out( <'g'^~expA, sign('g'^~expA, skA)> ),
   St_Alice_1( $A, $B, rk0, ~expA )
   ]

  /* has exactly the trivial AC variant */

rule (modulo E) Alice_Complete_Healing_And_Send:
   [
   St_Alice_1( $A, $B, rk0, ~expA ), In( <gb, sigB> ), !Pk( $B, pkB ),
   Fr( ~secret_msg )
   ]
  --[
  Eq( verify(sigB, gb, pkB), true ), Heal( $A, $B, h(kdf(rk0, gb^~expA)) ),
  Send( $A, $B, ~secret_msg )
  ]->
   [ Out( senc(~secret_msg, h(kdf(rk0, gb^~expA))) ) ]

  /*
  rule (modulo AC) Alice_Complete_Healing_And_Send:
     [
     St_Alice_1( $A, $B, rk0, ~expA ), In( <gb, sigB> ), !Pk( $B, pkB ),
     Fr( ~secret_msg )
     ]
    --[
    Eq( z.1, true ), Heal( $A, $B, h(kdf(rk0, z)) ),
    Send( $A, $B, ~secret_msg )
    ]->
     [ Out( senc(~secret_msg, h(kdf(rk0, z))) ) ]
    variants (modulo AC)
     1. ~expA = ~expA.11
        gb    = gb.11
        pkB   = pkB.11
        sigB  = sigB.11
        z     = gb.11^~expA.11
        z.1   = verify(sigB.11, gb.11, pkB.11)
    
     2. ~expA = ~x.11
        gb    = x.13^inv(~x.11)
        pkB   = pkB.14
        sigB  = sigB.14
        z     = x.13
        z.1   = verify(sigB.14, x.13^inv(~x.11), pkB.14)
    
     3. ~expA = ~x.11
        gb    = x.13^inv(~x.11)
        pkB   = pk(x.14)
        sigB  = sign(x.13^inv(~x.11), x.14)
        z     = x.13
        z.1   = true
    
     4. ~expA = ~x.11
        gb    = x.13^inv((~x.11*x.14))
        pkB   = pkB.15
        sigB  = sigB.15
        z     = x.13^inv(x.14)
        z.1   = verify(sigB.15, x.13^inv((~x.11*x.14)), pkB.15)
    
     5. ~expA = ~x.11
        gb    = x.13^inv((~x.11*x.14))
        pkB   = pk(x.15)
        sigB  = sign(x.13^inv((~x.11*x.14)), x.15)
        z     = x.13^inv(x.14)
        z.1   = true
    
     6. ~expA = ~x.11
        gb    = x.13^(x.14*inv(~x.11))
        pkB   = pkB.15
        sigB  = sigB.15
        z     = x.13^x.14
        z.1   = verify(sigB.15, x.13^(x.14*inv(~x.11)), pkB.15)
    
     7. ~expA = ~x.11
        gb    = x.13^(x.14*inv(~x.11))
        pkB   = pk(x.15)
        sigB  = sign(x.13^(x.14*inv(~x.11)), x.15)
        z     = x.13^x.14
        z.1   = true
    
     8. ~expA = ~x.11
        gb    = x.13^(x.14*inv((~x.11*x.15)))
        pkB   = pkB.16
        sigB  = sigB.16
        z     = x.13^(x.14*inv(x.15))
        z.1   = verify(sigB.16, x.13^(x.14*inv((~x.11*x.15))), pkB.16)
    
     9. ~expA = ~x.11
        gb    = x.13^(x.14*inv((~x.11*x.15)))
        pkB   = pk(x.16)
        sigB  = sign(x.13^(x.14*inv((~x.11*x.15))), x.16)
        z     = x.13^(x.14*inv(x.15))
        z.1   = true
    
    10. ~expA = ~expA.13
        gb    = x.11
        pkB   = pk(x.12)
        sigB  = sign(x.11, x.12)
        z     = x.11^~expA.13
        z.1   = true
    
    11. ~expA = ~expA.13
        gb    = x.11^x.12
        pkB   = pkB.13
        sigB  = sigB.13
        z     = x.11^(x.12*~expA.13)
        z.1   = verify(sigB.13, x.11^x.12, pkB.13)
    
    12. ~expA = ~expA.14
        gb    = x.11^x.12
        pkB   = pk(x.13)
        sigB  = sign(x.11^x.12, x.13)
        z     = x.11^(x.12*~expA.14)
        z.1   = true
    
    13. gb    = DH_neutral
        pkB   = pkB.11
        sigB  = sigB.11
        z     = DH_neutral
        z.1   = verify(sigB.11, DH_neutral, pkB.11)
    
    14. gb    = DH_neutral
        pkB   = pk(x.11)
        sigB  = sign(DH_neutral, x.11)
        z     = DH_neutral
        z.1   = true
  */

rule (modulo E) Bob_Healing_Step:
   [
   State_Bob( $A, $B, rk0 ), In( <ga, sigA> ), !Ltk( $B, skB ),
   !Pk( $A, pkA ), Fr( ~expB )
   ]
  --[
  Eq( verify(sigA, ga, pkA), true ), Heal( $A, $B, h(kdf(rk0, ga^~expB)) )
  ]->
   [ Out( <'g'^~expB, sign('g'^~expB, skB)> ) ]

  /*
  rule (modulo AC) Bob_Healing_Step:
     [
     State_Bob( $A, $B, rk0 ), In( <ga, sigA> ), !Ltk( $B, skB ),
     !Pk( $A, pkA ), Fr( ~expB )
     ]
    --[ Eq( z, true ), Heal( $A, $B, h(kdf(rk0, z.1)) ) ]->
     [ Out( <'g'^~expB, sign('g'^~expB, skB)> ) ]
    variants (modulo AC)
    1. ~expB = ~expB.20
       ga    = ga.21
       pkA   = pkA.22
       sigA  = sigA.24
       z     = verify(sigA.24, ga.21, pkA.22)
       z.1   = ga.21^~expB.20
    
    2. ~expB = ~expB.51
       ga    = ga.52
       pkA   = pk(x.98)
       sigA  = sign(ga.52, x.98)
       z     = true
       z.1   = ga.52^~expB.51
    
    3. ~expB = ~expB.51
       ga    = x.97^x.98
       pkA   = pkA.53
       sigA  = sigA.55
       z     = verify(sigA.55, x.97^x.98, pkA.53)
       z.1   = x.97^(~expB.51*x.98)
    
    4. ~expB = ~expB.52
       ga    = x.98^x.99
       pkA   = pk(x.100)
       sigA  = sign(x.98^x.99, x.100)
       z     = true
       z.1   = x.98^(~expB.52*x.99)
    
    5. ga    = DH_neutral
       pkA   = pkA.22
       sigA  = sigA.24
       z     = verify(sigA.24, DH_neutral, pkA.22)
       z.1   = DH_neutral
    
    6. ga    = DH_neutral
       pkA   = pk(x.96)
       sigA  = sign(DH_neutral, x.96)
       z     = true
       z.1   = DH_neutral
  */

restriction Equality:
  "∀ x y #i. (Eq( x, y ) @ #i) ⇒ (x = y)"
  // safety formula

  /*
  expanded formula:
  "∀ x y #i. (Eq( x, y ) @ #i) ⇒ (x = y)"
  */

restriction OnlyOnceKeys:
  "∀ #i #j. ((UniqueKeys( ) @ #i) ∧ (UniqueKeys( ) @ #j)) ⇒ (#i = #j)"
  // safety formula

  /*
  expanded formula:
  "∀ #i #j. ((UniqueKeys( ) @ #i) ∧ (UniqueKeys( ) @ #j)) ⇒ (#i = #j)"
  */

restriction OnlyOnceState:
  "∀ #i #j. ((UniqueState( ) @ #i) ∧ (UniqueState( ) @ #j)) ⇒ (#i = #j)"
  // safety formula

  /*
  expanded formula:
  "∀ #i #j. ((UniqueState( ) @ #i) ∧ (UniqueState( ) @ #j)) ⇒ (#i = #j)"
  */

lemma PCS_Property_With_Sent_Msg:
  all-traces
  "∀ A B m rk #i #j #k.
    ((((Send( A, B, m ) @ #i) ∧ (K( m ) @ #j)) ∧ (Heal( A, B, rk ) @ #k)) ∧
     (#k < #i)) ⇒
    (∃ #l. (Compromise( A, B ) @ #l) ∧ (#k < #l))"
/*
guarded formula characterizing all counter-examples:
"∃ A B m rk #i #j #k.
  (Send( A, B, m ) @ #i) ∧ (K( m ) @ #j) ∧ (Heal( A, B, rk ) @ #k)
 ∧
  (#k < #i) ∧ (∀ #l. (Compromise( A, B ) @ #l) ⇒ ¬(#k < #l))"
*/
simplify
solve( St_Alice_1( $A, $B, rk0, ~expA ) ▶₀ #i )
  case Alice_Send_DH_case_1
  solve( !Pk( $B, pk(x) ) ▶₂ #i )
    case Initialize_Identities_case_1
    solve( Heal( $A, $A, rk ) @ #k )
      case Alice_Complete_Healing_And_Send
      solve( St_Alice_1( $A, $A, rk0.1, ~expA.1 ) ▶₀ #k )
        case Alice_Send_DH
        by contradiction /* cyclic */
      qed
    next
      case Bob_Healing_Step
      solve( State_Bob( $A, $A, rk0.1 ) ▶₀ #k )
        case Initialize_Shared_State
        solve( !Ltk( $A, skB ) ▶₂ #k )
          case Initialize_Identities_case_1
          solve( !Pk( $A, pk(x) ) ▶₃ #k )
            case Initialize_Identities_case_1
            solve( !KU( ~secret_msg ) @ #vk.3 )
              case Alice_Complete_Healing_And_Send
              solve( !KU( ~rk0 ) @ #vk.9 )
                case Reveal_RK
                solve( splitEqs(1) )
                  case split_case_1
                  solve( !KU( sign(gb, ~skA) ) @ #vk.6 )
                    case Alice_Send_DH
                    solve( !KU( sign(ga, ~skA) ) @ #vk.9 )
                      case Alice_Send_DH
                      by contradiction /* non-normal terms */
                    next
                      case c_sign
                      by solve( !KU( ~skA ) @ #vk.11 )
                    qed
                  next
                    case Bob_Healing_Step
                    solve( !KU( sign(ga, ~skA) ) @ #vk.9 )
                      case Alice_Send_DH
                      by contradiction /* non-normal terms */
                    next
                      case c_sign
                      by solve( !KU( ~skA ) @ #vk.11 )
                    qed
                  next
                    case c_sign
                    by solve( !KU( ~skA ) @ #vk.11 )
                  qed
                next
                  case split_case_2
                  solve( !KU( sign(gb, ~skA) ) @ #vk.6 )
                    case Alice_Send_DH
                    solve( !KU( sign(x^x.1, ~skA) ) @ #vk.9 )
                      case Alice_Send_DH
                      solve( !KU( 'g'^(~expA*~expA) ) @ #vk.7 )
                        case Alice_Send_DH
                        by solve( !KU( ~expA ) @ #vk.8 )
                      next
                        case c_exp
                        by solve( !KU( ~expA ) @ #vk.10 )
                      qed
                    next
                      case Bob_Healing_Step
                      by contradiction /* cyclic */
                    next
                      case c_sign
                      by solve( !KU( ~skA ) @ #vk.11 )
                    qed
                  next
                    case Bob_Healing_Step
                    solve( !KU( sign(x^x.1, ~skA) ) @ #vk.9 )
                      case Alice_Send_DH
                      solve( !KU( 'g'^(~expA*~expB) ) @ #vk.10 )
                        case Alice_Send_DH
                        by solve( !KU( ~expB ) @ #vk.11 )
                      next
                        case Bob_Healing_Step
                        by solve( !KU( ~expA ) @ #vk.11 )
                      next
                        case c_exp
                        by solve( !KU( ~expA ) @ #vk.13 )
                      qed
                    next
                      case Bob_Healing_Step
                      by contradiction /* cyclic */
                    next
                      case c_sign
                      by solve( !KU( ~skA ) @ #vk.11 )
                    qed
                  next
                    case c_sign
                    by solve( !KU( ~skA ) @ #vk.11 )
                  qed
                next
                  case split_case_3
                  solve( !KU( sign(gb, ~skA) ) @ #vk.6 )
                    case Alice_Send_DH
                    solve( !KU( sign(DH_neutral, ~skA) ) @ #vk.9 )
                      case c_sign
                      by solve( !KU( ~skA ) @ #vk.11 )
                    qed
                  next
                    case Bob_Healing_Step
                    solve( !KU( sign(DH_neutral, ~skA) ) @ #vk.9 )
                      case c_sign
                      by solve( !KU( ~skA ) @ #vk.11 )
                    qed
                  next
                    case c_sign
                    by solve( !KU( ~skA ) @ #vk.11 )
                  qed
                qed
              qed
            qed
          next
            case Initialize_Identities_case_2
            solve( !KU( ~secret_msg ) @ #vk.3 )
              case Alice_Complete_Healing_And_Send
              solve( !KU( ~rk0 ) @ #vk.9 )
                case Reveal_RK
                solve( splitEqs(1) )
                  case split_case_1
                  solve( !KU( sign(gb, ~skA) ) @ #vk.6 )
                    case Alice_Send_DH
                    solve( !KU( sign(ga, ~skB) ) @ #vk.9 )
                      case c_sign
                      by solve( !KU( ~skB ) @ #vk.11 )
                    qed
                  next
                    case Bob_Healing_Step
                    solve( !KU( sign(ga, ~skB) ) @ #vk.9 )
                      case c_sign
                      by solve( !KU( ~skB ) @ #vk.11 )
                    qed
                  next
                    case c_sign
                    by solve( !KU( ~skA ) @ #vk.11 )
                  qed
                next
                  case split_case_2
                  solve( !KU( sign(gb, ~skA) ) @ #vk.6 )
                    case Alice_Send_DH
                    solve( !KU( sign(x^x.1, ~skB) ) @ #vk.9 )
                      case c_sign
                      by solve( !KU( ~skB ) @ #vk.11 )
                    qed
                  next
                    case Bob_Healing_Step
                    solve( !KU( sign(x^x.1, ~skB) ) @ #vk.9 )
                      case c_sign
                      by solve( !KU( ~skB ) @ #vk.11 )
                    qed
                  next
                    case c_sign
                    by solve( !KU( ~skA ) @ #vk.11 )
                  qed
                next
                  case split_case_3
                  solve( !KU( sign(gb, ~skA) ) @ #vk.6 )
                    case Alice_Send_DH
                    solve( !KU( sign(DH_neutral, ~skB) ) @ #vk.9 )
                      case c_sign
                      by solve( !KU( ~skB ) @ #vk.11 )
                    qed
                  next
                    case Bob_Healing_Step
                    solve( !KU( sign(DH_neutral, ~skB) ) @ #vk.9 )
                      case c_sign
                      by solve( !KU( ~skB ) @ #vk.11 )
                    qed
                  next
                    case c_sign
                    by solve( !KU( ~skA ) @ #vk.11 )
                  qed
                qed
              qed
            qed
          qed
        next
          case Initialize_Identities_case_2
          solve( !Pk( $A, pk(x) ) ▶₃ #k )
            case Initialize_Identities_case_1
            solve( !KU( ~secret_msg ) @ #vk.3 )
              case Alice_Complete_Healing_And_Send
              solve( !KU( ~rk0 ) @ #vk.9 )
                case Reveal_RK
                solve( splitEqs(1) )
                  case split_case_1
                  solve( !KU( sign(gb, ~skA) ) @ #vk.6 )
                    case Alice_Send_DH
                    solve( !KU( sign(ga, ~skA) ) @ #vk.9 )
                      case Alice_Send_DH
                      by contradiction /* non-normal terms */
                    next
                      case c_sign
                      by solve( !KU( ~skA ) @ #vk.11 )
                    qed
                  next
                    case c_sign
                    by solve( !KU( ~skA ) @ #vk.11 )
                  qed
                next
                  case split_case_2
                  solve( !KU( sign(gb, ~skA) ) @ #vk.6 )
                    case Alice_Send_DH
                    solve( !KU( sign(x^x.1, ~skA) ) @ #vk.9 )
                      case Alice_Send_DH
                      solve( !KU( 'g'^(~expA*~expA) ) @ #vk.7 )
                        case Alice_Send_DH
                        by solve( !KU( ~expA ) @ #vk.8 )
                      next
                        case c_exp
                        by solve( !KU( ~expA ) @ #vk.10 )
                      qed
                    next
                      case c_sign
                      by solve( !KU( ~skA ) @ #vk.11 )
                    qed
                  next
                    case c_sign
                    by solve( !KU( ~skA ) @ #vk.11 )
                  qed
                next
                  case split_case_3
                  solve( !KU( sign(gb, ~skA) ) @ #vk.6 )
                    case Alice_Send_DH
                    solve( !KU( sign(DH_neutral, ~skA) ) @ #vk.9 )
                      case c_sign
                      by solve( !KU( ~skA ) @ #vk.11 )
                    qed
                  next
                    case c_sign
                    by solve( !KU( ~skA ) @ #vk.11 )
                  qed
                qed
              qed
            qed
          next
            case Initialize_Identities_case_2
            solve( !KU( ~secret_msg ) @ #vk.3 )
              case Alice_Complete_Healing_And_Send
              solve( !KU( ~rk0 ) @ #vk.9 )
                case Reveal_RK
                solve( splitEqs(1) )
                  case split_case_1
                  solve( !KU( sign(gb, ~skA) ) @ #vk.6 )
                    case Alice_Send_DH
                    solve( !KU( sign(ga, ~skB) ) @ #vk.9 )
                      case c_sign
                      by solve( !KU( ~skB ) @ #vk.11 )
                    qed
                  next
                    case c_sign
                    by solve( !KU( ~skA ) @ #vk.11 )
                  qed
                next
                  case split_case_2
                  solve( !KU( sign(gb, ~skA) ) @ #vk.6 )
                    case Alice_Send_DH
                    solve( !KU( sign(x^x.1, ~skB) ) @ #vk.9 )
                      case Bob_Healing_Step
                      by contradiction /* cyclic */
                    next
                      case c_sign
                      by solve( !KU( ~skB ) @ #vk.11 )
                    qed
                  next
                    case c_sign
                    by solve( !KU( ~skA ) @ #vk.11 )
                  qed
                next
                  case split_case_3
                  solve( !KU( sign(gb, ~skA) ) @ #vk.6 )
                    case Alice_Send_DH
                    solve( !KU( sign(DH_neutral, ~skB) ) @ #vk.9 )
                      case c_sign
                      by solve( !KU( ~skB ) @ #vk.11 )
                    qed
                  next
                    case c_sign
                    by solve( !KU( ~skA ) @ #vk.11 )
                  qed
                qed
              qed
            qed
          qed
        qed
      qed
    qed
  next
    case Initialize_Identities_case_2
    solve( Heal( $A, $B, rk ) @ #k )
      case Alice_Complete_Healing_And_Send
      solve( St_Alice_1( $A, $B, rk0.1, ~expA.1 ) ▶₀ #k )
        case Alice_Send_DH
        by contradiction /* cyclic */
      qed
    next
      case Bob_Healing_Step
      solve( State_Bob( $A, $B, rk0.1 ) ▶₀ #k )
        case Initialize_Shared_State
        solve( !Ltk( $B, skB.1 ) ▶₂ #k )
          case Initialize_Identities_case_1
          solve( !Pk( $A, pk(x) ) ▶₃ #k )
            case Initialize_Identities_case_1
            solve( !KU( ~secret_msg ) @ #vk.3 )
              case Alice_Complete_Healing_And_Send
              solve( !KU( ~rk0 ) @ #vk.9 )
                case Reveal_RK
                solve( splitEqs(1) )
                  case split_case_1
                  solve( !KU( sign(gb, ~skB) ) @ #vk.6 )
                    case c_sign
                    by solve( !KU( ~skB ) @ #vk.11 )
                  qed
                next
                  case split_case_2
                  solve( !KU( sign(gb, ~skB) ) @ #vk.6 )
                    case c_sign
                    by solve( !KU( ~skB ) @ #vk.11 )
                  qed
                next
                  case split_case_3
                  solve( !KU( sign(gb, ~skB) ) @ #vk.6 )
                    case c_sign
                    by solve( !KU( ~skB ) @ #vk.11 )
                  qed
                qed
              qed
            qed
          next
            case Initialize_Identities_case_2
            solve( !KU( ~secret_msg ) @ #vk.3 )
              case Alice_Complete_Healing_And_Send
              solve( !KU( ~rk0 ) @ #vk.9 )
                case Reveal_RK
                solve( splitEqs(1) )
                  case split_case_1
                  solve( !KU( sign(gb, ~skB) ) @ #vk.6 )
                    case c_sign
                    by solve( !KU( ~skB ) @ #vk.11 )
                  qed
                next
                  case split_case_2
                  solve( !KU( sign(gb, ~skB) ) @ #vk.6 )
                    case c_sign
                    by solve( !KU( ~skB ) @ #vk.11 )
                  qed
                next
                  case split_case_3
                  solve( !KU( sign(gb, ~skB) ) @ #vk.6 )
                    case c_sign
                    by solve( !KU( ~skB ) @ #vk.11 )
                  qed
                qed
              qed
            qed
          qed
        next
          case Initialize_Identities_case_2
          solve( !Pk( $A, pk(x) ) ▶₃ #k )
            case Initialize_Identities_case_1
            solve( !KU( ~secret_msg ) @ #vk.3 )
              case Alice_Complete_Healing_And_Send
              solve( !KU( ~rk0 ) @ #vk.9 )
                case Reveal_RK
                solve( splitEqs(1) )
                  case split_case_1
                  solve( !KU( sign(gb, ~skB) ) @ #vk.6 )
                    case Bob_Healing_Step
                    solve( !KU( sign(ga, ~skA) ) @ #vk.9 )
                      case Alice_Send_DH
                      by contradiction /* non-normal terms */
                    next
                      case c_sign
                      by solve( !KU( ~skA ) @ #vk.11 )
                    qed
                  next
                    case c_sign
                    by solve( !KU( ~skB ) @ #vk.11 )
                  qed
                next
                  case split_case_2
                  solve( !KU( sign(gb, ~skB) ) @ #vk.6 )
                    case Bob_Healing_Step
                    solve( !KU( sign(x^x.1, ~skA) ) @ #vk.9 )
                      case Alice_Send_DH
                      solve( !KU( 'g'^(~expA*~expB) ) @ #vk.10 )
                        case Alice_Send_DH
                        by solve( !KU( ~expB ) @ #vk.11 )
                      next
                        case Bob_Healing_Step
                        by solve( !KU( ~expA ) @ #vk.11 )
                      next
                        case c_exp
                        by solve( !KU( ~expA ) @ #vk.13 )
                      qed
                    next
                      case c_sign
                      by solve( !KU( ~skA ) @ #vk.11 )
                    qed
                  next
                    case c_sign
                    by solve( !KU( ~skB ) @ #vk.11 )
                  qed
                next
                  case split_case_3
                  solve( !KU( sign(gb, ~skB) ) @ #vk.6 )
                    case Bob_Healing_Step
                    solve( !KU( sign(DH_neutral, ~skA) ) @ #vk.9 )
                      case c_sign
                      by solve( !KU( ~skA ) @ #vk.11 )
                    qed
                  next
                    case c_sign
                    by solve( !KU( ~skB ) @ #vk.11 )
                  qed
                qed
              qed
            qed
          next
            case Initialize_Identities_case_2
            solve( !KU( ~secret_msg ) @ #vk.3 )
              case Alice_Complete_Healing_And_Send
              solve( !KU( ~rk0 ) @ #vk.9 )
                case Reveal_RK
                solve( splitEqs(1) )
                  case split_case_1
                  solve( !KU( sign(gb, ~skB) ) @ #vk.6 )
                    case Bob_Healing_Step
                    solve( !KU( sign(ga, ~skB) ) @ #vk.9 )
                      case c_sign
                      by solve( !KU( ~skB ) @ #vk.11 )
                    qed
                  next
                    case c_sign
                    by solve( !KU( ~skB ) @ #vk.11 )
                  qed
                next
                  case split_case_2
                  solve( !KU( sign(gb, ~skB) ) @ #vk.6 )
                    case Bob_Healing_Step
                    solve( !KU( sign(x^x.1, ~skB) ) @ #vk.9 )
                      case Bob_Healing_Step
                      by contradiction /* cyclic */
                    next
                      case c_sign
                      by solve( !KU( ~skB ) @ #vk.11 )
                    qed
                  next
                    case c_sign
                    by solve( !KU( ~skB ) @ #vk.11 )
                  qed
                next
                  case split_case_3
                  solve( !KU( sign(gb, ~skB) ) @ #vk.6 )
                    case Bob_Healing_Step
                    solve( !KU( sign(DH_neutral, ~skB) ) @ #vk.9 )
                      case c_sign
                      by solve( !KU( ~skB ) @ #vk.11 )
                    qed
                  next
                    case c_sign
                    by solve( !KU( ~skB ) @ #vk.11 )
                  qed
                qed
              qed
            qed
          qed
        qed
      qed
    qed
  qed
next
  case Alice_Send_DH_case_2
  solve( !Pk( $B, pk(x) ) ▶₂ #i )
    case Initialize_Identities_case_1
    solve( Heal( $A, $B, rk ) @ #k )
      case Alice_Complete_Healing_And_Send
      solve( St_Alice_1( $A, $B, rk0.1, ~expA.1 ) ▶₀ #k )
        case Alice_Send_DH
        by contradiction /* cyclic */
      qed
    next
      case Bob_Healing_Step
      solve( State_Bob( $A, $B, rk0.1 ) ▶₀ #k )
        case Initialize_Shared_State
        solve( !Ltk( $B, skB ) ▶₂ #k )
          case Initialize_Identities_case_1
          solve( !Pk( $A, pk(x) ) ▶₃ #k )
            case Initialize_Identities_case_1
            solve( !KU( ~secret_msg ) @ #vk.3 )
              case Alice_Complete_Healing_And_Send
              solve( !KU( ~rk0 ) @ #vk.9 )
                case Reveal_RK
                solve( splitEqs(1) )
                  case split_case_1
                  solve( !KU( sign(gb, ~skA) ) @ #vk.6 )
                    case Bob_Healing_Step
                    solve( !KU( sign(ga, ~skA) ) @ #vk.9 )
                      case c_sign
                      by solve( !KU( ~skA ) @ #vk.11 )
                    qed
                  next
                    case c_sign
                    by solve( !KU( ~skA ) @ #vk.11 )
                  qed
                next
                  case split_case_2
                  solve( !KU( sign(gb, ~skA) ) @ #vk.6 )
                    case Bob_Healing_Step
                    solve( !KU( sign(x^x.1, ~skA) ) @ #vk.9 )
                      case Bob_Healing_Step
                      by contradiction /* cyclic */
                    next
                      case c_sign
                      by solve( !KU( ~skA ) @ #vk.11 )
                    qed
                  next
                    case c_sign
                    by solve( !KU( ~skA ) @ #vk.11 )
                  qed
                next
                  case split_case_3
                  solve( !KU( sign(gb, ~skA) ) @ #vk.6 )
                    case Bob_Healing_Step
                    solve( !KU( sign(DH_neutral, ~skA) ) @ #vk.9 )
                      case c_sign
                      by solve( !KU( ~skA ) @ #vk.11 )
                    qed
                  next
                    case c_sign
                    by solve( !KU( ~skA ) @ #vk.11 )
                  qed
                qed
              qed
            qed
          next
            case Initialize_Identities_case_2
            solve( !KU( ~secret_msg ) @ #vk.3 )
              case Alice_Complete_Healing_And_Send
              solve( !KU( ~rk0 ) @ #vk.9 )
                case Reveal_RK
                solve( splitEqs(1) )
                  case split_case_1
                  solve( !KU( sign(gb, ~skA) ) @ #vk.6 )
                    case Bob_Healing_Step
                    solve( !KU( sign(ga, ~skB) ) @ #vk.9 )
                      case Alice_Send_DH
                      by contradiction /* non-normal terms */
                    next
                      case c_sign
                      by solve( !KU( ~skB ) @ #vk.11 )
                    qed
                  next
                    case c_sign
                    by solve( !KU( ~skA ) @ #vk.11 )
                  qed
                next
                  case split_case_2
                  solve( !KU( sign(gb, ~skA) ) @ #vk.6 )
                    case Bob_Healing_Step
                    solve( !KU( sign(x^x.1, ~skB) ) @ #vk.9 )
                      case Alice_Send_DH
                      solve( !KU( 'g'^(~expA*~expB) ) @ #vk.10 )
                        case Alice_Send_DH
                        by solve( !KU( ~expB ) @ #vk.11 )
                      next
                        case Bob_Healing_Step
                        by solve( !KU( ~expA ) @ #vk.11 )
                      next
                        case c_exp
                        by solve( !KU( ~expA ) @ #vk.13 )
                      qed
                    next
                      case c_sign
                      by solve( !KU( ~skB ) @ #vk.11 )
                    qed
                  next
                    case c_sign
                    by solve( !KU( ~skA ) @ #vk.11 )
                  qed
                next
                  case split_case_3
                  solve( !KU( sign(gb, ~skA) ) @ #vk.6 )
                    case Bob_Healing_Step
                    solve( !KU( sign(DH_neutral, ~skB) ) @ #vk.9 )
                      case c_sign
                      by solve( !KU( ~skB ) @ #vk.11 )
                    qed
                  next
                    case c_sign
                    by solve( !KU( ~skA ) @ #vk.11 )
                  qed
                qed
              qed
            qed
          qed
        next
          case Initialize_Identities_case_2
          solve( !Pk( $A, pk(x) ) ▶₃ #k )
            case Initialize_Identities_case_1
            solve( !KU( ~secret_msg ) @ #vk.3 )
              case Alice_Complete_Healing_And_Send
              solve( !KU( ~rk0 ) @ #vk.9 )
                case Reveal_RK
                solve( splitEqs(1) )
                  case split_case_1
                  solve( !KU( sign(gb, ~skA) ) @ #vk.6 )
                    case c_sign
                    by solve( !KU( ~skA ) @ #vk.11 )
                  qed
                next
                  case split_case_2
                  solve( !KU( sign(gb, ~skA) ) @ #vk.6 )
                    case c_sign
                    by solve( !KU( ~skA ) @ #vk.11 )
                  qed
                next
                  case split_case_3
                  solve( !KU( sign(gb, ~skA) ) @ #vk.6 )
                    case c_sign
                    by solve( !KU( ~skA ) @ #vk.11 )
                  qed
                qed
              qed
            qed
          next
            case Initialize_Identities_case_2
            solve( !KU( ~secret_msg ) @ #vk.3 )
              case Alice_Complete_Healing_And_Send
              solve( !KU( ~rk0 ) @ #vk.9 )
                case Reveal_RK
                solve( splitEqs(1) )
                  case split_case_1
                  solve( !KU( sign(gb, ~skA) ) @ #vk.6 )
                    case c_sign
                    by solve( !KU( ~skA ) @ #vk.11 )
                  qed
                next
                  case split_case_2
                  solve( !KU( sign(gb, ~skA) ) @ #vk.6 )
                    case c_sign
                    by solve( !KU( ~skA ) @ #vk.11 )
                  qed
                next
                  case split_case_3
                  solve( !KU( sign(gb, ~skA) ) @ #vk.6 )
                    case c_sign
                    by solve( !KU( ~skA ) @ #vk.11 )
                  qed
                qed
              qed
            qed
          qed
        qed
      qed
    qed
  next
    case Initialize_Identities_case_2
    solve( Heal( $A, $A, rk ) @ #k )
      case Alice_Complete_Healing_And_Send
      solve( St_Alice_1( $A, $A, rk0.1, ~expA.1 ) ▶₀ #k )
        case Alice_Send_DH
        by contradiction /* cyclic */
      qed
    next
      case Bob_Healing_Step
      solve( State_Bob( $A, $A, rk0.1 ) ▶₀ #k )
        case Initialize_Shared_State
        solve( !Ltk( $A, skB.1 ) ▶₂ #k )
          case Initialize_Identities_case_1
          solve( !Pk( $A, pk(x) ) ▶₃ #k )
            case Initialize_Identities_case_1
            solve( !KU( ~secret_msg ) @ #vk.3 )
              case Alice_Complete_Healing_And_Send
              solve( !KU( ~rk0 ) @ #vk.9 )
                case Reveal_RK
                solve( splitEqs(1) )
                  case split_case_1
                  solve( !KU( sign(gb, ~skB) ) @ #vk.6 )
                    case Alice_Send_DH
                    solve( !KU( sign(ga, ~skA) ) @ #vk.9 )
                      case c_sign
                      by solve( !KU( ~skA ) @ #vk.11 )
                    qed
                  next
                    case c_sign
                    by solve( !KU( ~skB ) @ #vk.11 )
                  qed
                next
                  case split_case_2
                  solve( !KU( sign(gb, ~skB) ) @ #vk.6 )
                    case Alice_Send_DH
                    solve( !KU( sign(x^x.1, ~skA) ) @ #vk.9 )
                      case Bob_Healing_Step
                      by contradiction /* cyclic */
                    next
                      case c_sign
                      by solve( !KU( ~skA ) @ #vk.11 )
                    qed
                  next
                    case c_sign
                    by solve( !KU( ~skB ) @ #vk.11 )
                  qed
                next
                  case split_case_3
                  solve( !KU( sign(gb, ~skB) ) @ #vk.6 )
                    case Alice_Send_DH
                    solve( !KU( sign(DH_neutral, ~skA) ) @ #vk.9 )
                      case c_sign
                      by solve( !KU( ~skA ) @ #vk.11 )
                    qed
                  next
                    case c_sign
                    by solve( !KU( ~skB ) @ #vk.11 )
                  qed
                qed
              qed
            qed
          next
            case Initialize_Identities_case_2
            solve( !KU( ~secret_msg ) @ #vk.3 )
              case Alice_Complete_Healing_And_Send
              solve( !KU( ~rk0 ) @ #vk.9 )
                case Reveal_RK
                solve( splitEqs(1) )
                  case split_case_1
                  solve( !KU( sign(gb, ~skB) ) @ #vk.6 )
                    case Alice_Send_DH
                    solve( !KU( sign(ga, ~skB) ) @ #vk.9 )
                      case Alice_Send_DH
                      by contradiction /* non-normal terms */
                    next
                      case c_sign
                      by solve( !KU( ~skB ) @ #vk.11 )
                    qed
                  next
                    case c_sign
                    by solve( !KU( ~skB ) @ #vk.11 )
                  qed
                next
                  case split_case_2
                  solve( !KU( sign(gb, ~skB) ) @ #vk.6 )
                    case Alice_Send_DH
                    solve( !KU( sign(x^x.1, ~skB) ) @ #vk.9 )
                      case Alice_Send_DH
                      solve( !KU( 'g'^(~expA*~expA) ) @ #vk.7 )
                        case Alice_Send_DH
                        by solve( !KU( ~expA ) @ #vk.8 )
                      next
                        case c_exp
                        by solve( !KU( ~expA ) @ #vk.10 )
                      qed
                    next
                      case c_sign
                      by solve( !KU( ~skB ) @ #vk.11 )
                    qed
                  next
                    case c_sign
                    by solve( !KU( ~skB ) @ #vk.11 )
                  qed
                next
                  case split_case_3
                  solve( !KU( sign(gb, ~skB) ) @ #vk.6 )
                    case Alice_Send_DH
                    solve( !KU( sign(DH_neutral, ~skB) ) @ #vk.9 )
                      case c_sign
                      by solve( !KU( ~skB ) @ #vk.11 )
                    qed
                  next
                    case c_sign
                    by solve( !KU( ~skB ) @ #vk.11 )
                  qed
                qed
              qed
            qed
          qed
        next
          case Initialize_Identities_case_2
          solve( !Pk( $A, pk(x) ) ▶₃ #k )
            case Initialize_Identities_case_1
            solve( !KU( ~secret_msg ) @ #vk.3 )
              case Alice_Complete_Healing_And_Send
              solve( !KU( ~rk0 ) @ #vk.9 )
                case Reveal_RK
                solve( splitEqs(1) )
                  case split_case_1
                  solve( !KU( sign(gb, ~skB) ) @ #vk.6 )
                    case Alice_Send_DH
                    solve( !KU( sign(ga, ~skA) ) @ #vk.9 )
                      case c_sign
                      by solve( !KU( ~skA ) @ #vk.11 )
                    qed
                  next
                    case Bob_Healing_Step
                    solve( !KU( sign(ga, ~skA) ) @ #vk.9 )
                      case c_sign
                      by solve( !KU( ~skA ) @ #vk.11 )
                    qed
                  next
                    case c_sign
                    by solve( !KU( ~skB ) @ #vk.11 )
                  qed
                next
                  case split_case_2
                  solve( !KU( sign(gb, ~skB) ) @ #vk.6 )
                    case Alice_Send_DH
                    solve( !KU( sign(x^x.1, ~skA) ) @ #vk.9 )
                      case c_sign
                      by solve( !KU( ~skA ) @ #vk.11 )
                    qed
                  next
                    case Bob_Healing_Step
                    solve( !KU( sign(x^x.1, ~skA) ) @ #vk.9 )
                      case c_sign
                      by solve( !KU( ~skA ) @ #vk.11 )
                    qed
                  next
                    case c_sign
                    by solve( !KU( ~skB ) @ #vk.11 )
                  qed
                next
                  case split_case_3
                  solve( !KU( sign(gb, ~skB) ) @ #vk.6 )
                    case Alice_Send_DH
                    solve( !KU( sign(DH_neutral, ~skA) ) @ #vk.9 )
                      case c_sign
                      by solve( !KU( ~skA ) @ #vk.11 )
                    qed
                  next
                    case Bob_Healing_Step
                    solve( !KU( sign(DH_neutral, ~skA) ) @ #vk.9 )
                      case c_sign
                      by solve( !KU( ~skA ) @ #vk.11 )
                    qed
                  next
                    case c_sign
                    by solve( !KU( ~skB ) @ #vk.11 )
                  qed
                qed
              qed
            qed
          next
            case Initialize_Identities_case_2
            solve( !KU( ~secret_msg ) @ #vk.3 )
              case Alice_Complete_Healing_And_Send
              solve( !KU( ~rk0 ) @ #vk.9 )
                case Reveal_RK
                solve( splitEqs(1) )
                  case split_case_1
                  solve( !KU( sign(gb, ~skB) ) @ #vk.6 )
                    case Alice_Send_DH
                    solve( !KU( sign(ga, ~skB) ) @ #vk.9 )
                      case Alice_Send_DH
                      by contradiction /* non-normal terms */
                    next
                      case c_sign
                      by solve( !KU( ~skB ) @ #vk.11 )
                    qed
                  next
                    case Bob_Healing_Step
                    solve( !KU( sign(ga, ~skB) ) @ #vk.9 )
                      case Alice_Send_DH
                      by contradiction /* non-normal terms */
                    next
                      case c_sign
                      by solve( !KU( ~skB ) @ #vk.11 )
                    qed
                  next
                    case c_sign
                    by solve( !KU( ~skB ) @ #vk.11 )
                  qed
                next
                  case split_case_2
                  solve( !KU( sign(gb, ~skB) ) @ #vk.6 )
                    case Alice_Send_DH
                    solve( !KU( sign(x^x.1, ~skB) ) @ #vk.9 )
                      case Alice_Send_DH
                      solve( !KU( 'g'^(~expA*~expA) ) @ #vk.7 )
                        case Alice_Send_DH
                        by solve( !KU( ~expA ) @ #vk.8 )
                      next
                        case c_exp
                        by solve( !KU( ~expA ) @ #vk.10 )
                      qed
                    next
                      case Bob_Healing_Step
                      by contradiction /* cyclic */
                    next
                      case c_sign
                      by solve( !KU( ~skB ) @ #vk.11 )
                    qed
                  next
                    case Bob_Healing_Step
                    solve( !KU( sign(x^x.1, ~skB) ) @ #vk.9 )
                      case Alice_Send_DH
                      solve( !KU( 'g'^(~expA*~expB) ) @ #vk.10 )
                        case Alice_Send_DH
                        by solve( !KU( ~expB ) @ #vk.11 )
                      next
                        case Bob_Healing_Step
                        by solve( !KU( ~expA ) @ #vk.11 )
                      next
                        case c_exp
                        by solve( !KU( ~expA ) @ #vk.13 )
                      qed
                    next
                      case Bob_Healing_Step
                      by contradiction /* cyclic */
                    next
                      case c_sign
                      by solve( !KU( ~skB ) @ #vk.11 )
                    qed
                  next
                    case c_sign
                    by solve( !KU( ~skB ) @ #vk.11 )
                  qed
                next
                  case split_case_3
                  solve( !KU( sign(gb, ~skB) ) @ #vk.6 )
                    case Alice_Send_DH
                    solve( !KU( sign(DH_neutral, ~skB) ) @ #vk.9 )
                      case c_sign
                      by solve( !KU( ~skB ) @ #vk.11 )
                    qed
                  next
                    case Bob_Healing_Step
                    solve( !KU( sign(DH_neutral, ~skB) ) @ #vk.9 )
                      case c_sign
                      by solve( !KU( ~skB ) @ #vk.11 )
                    qed
                  next
                    case c_sign
                    by solve( !KU( ~skB ) @ #vk.11 )
                  qed
                qed
              qed
            qed
          qed
        qed
      qed
    qed
  qed
qed

lemma Executability:
  exists-trace "∃ A B m #s. Send( A, B, m ) @ #s"
/*
guarded formula characterizing all satisfying traces:
"∃ A B m #s. (Send( A, B, m ) @ #s)"
*/
simplify
solve( St_Alice_1( $A, $B, rk0, ~expA ) ▶₀ #s )
  case Alice_Send_DH_case_1
  solve( !Pk( $B, pk(x) ) ▶₂ #s )
    case Initialize_Identities_case_1
    solve( !KU( sign(gb, ~skA) ) @ #vk.2 )
      case Alice_Send_DH
      solve( !KU( 'g'^~expA ) @ #vk.2 )
        case Alice_Send_DH
        SOLVED // trace found
      qed
    qed
  qed
qed

/* All wellformedness checks were successful. */

/*
Generated from:
Tamarin version 1.12.0
Maude version 3.5.1
Git revision: UNKNOWN, branch: UNKNOWN
Compiled at: 2026-03-08 09:49:47.765662 UTC
*/

end

==============================================================================
summary of summaries:

analyzed: /Users/leo/Documents/Git Projects/An-Executable-Taxonomy-of-Security-Properties-for-ProVerif-and-Tamarin/SecurityProperties/Confidentiality/Post-compromiseSecurity/PostCompromiseSecurity.spthy

  processing time: 4.97s
  
  PCS_Property_With_Sent_Msg (all-traces): verified (316 steps)
  Executability (exists-trace): verified (6 steps)

==============================================================================
EXIT  : 0 (5s)
        PCS_Property_With_Sent_Msg (all-traces): verified (316 steps)
        Executability (exists-trace): verified (6 steps)

----------------------------------------------------------------------
MODEL : Confidentiality/Secrecy.pv
TOOL  : proverif
CMD   : proverif /Users/leo/Documents/Git Projects/An-Executable-Taxonomy-of-Security-Properties-for-ProVerif-and-Tamarin/SecurityProperties/Confidentiality/Secrecy.pv
Process 0 (that is, the initial process):
{1}new k: key;
(
    {2}!
    {3}let k_1: key = k in
    {4}out(public, senc(secret_msg,k_1))
) | (
    {5}!
    {6}let k_2: key = k in
    {7}in(public, x: bitstring);
    {8}let m: bitstring = sdec(x,k_2) in
    {9}event Completed(m)
)

--  Process 1 (that is, process 0, with let moved downwards):
{1}new k: key;
(
    {2}!
    {3}let k_1: key = k in
    {4}out(public, senc(secret_msg,k_1))
) | (
    {5}!
    {7}in(public, x: bitstring);
    {6}let k_2: key = k in
    {8}let m: bitstring = sdec(x,k_2) in
    {9}event Completed(m)
)

-- Query not attacker(secret_msg[]) in process 1.
Translating the process into Horn clauses...
Completing...
Starting query not attacker(secret_msg[])
RESULT not attacker(secret_msg[]) is true.
-- Query not event(Completed(m_1)) in process 1.
Translating the process into Horn clauses...
Completing...
Starting query not event(Completed(m_1))
goal reachable: event(Completed(secret_msg[]))

Derivation:

1. The message senc(secret_msg[],k[]) may be sent to the attacker at output {4}.
attacker(senc(secret_msg[],k[])).

2. The message senc(secret_msg[],k[]) that the attacker may have by 1 may be received at input {7}.
So event Completed(secret_msg[]) may be executed at {9}.
event(Completed(secret_msg[])).

3. By 2, event(Completed(secret_msg[])).
The goal is reached, represented in the following fact:
event(Completed(secret_msg[])).


A more detailed output of the traces is available with
  set traceDisplay = long.

new k: key creating k_3 at {1}

out(public, ~M) with ~M = senc(secret_msg,k_3) at {4} in copy a

in(public, ~M) with ~M = senc(secret_msg,k_3) at {7} in copy a_1

event Completed(secret_msg) at {9} in copy a_1 (goal)

The event Completed(secret_msg) is executed at {9} in copy a_1.
A trace has been found.
RESULT not event(Completed(m_1)) is false.

--------------------------------------------------------------
Verification summary:

Query not attacker(secret_msg[]) is true.

Query not event(Completed(m_1)) is false.

--------------------------------------------------------------
EXIT  : 0 (0s)
        RESULT not attacker(secret_msg[]) is true.
        RESULT not event(Completed(m_1)) is false.

----------------------------------------------------------------------
MODEL : Confidentiality/Secrecy.spthy
TOOL  : tamarin
CMD   : tamarin-prover --prove /Users/leo/Documents/Git Projects/An-Executable-Taxonomy-of-Security-Properties-for-ProVerif-and-Tamarin/SecurityProperties/Confidentiality/Secrecy.spthy
maude tool: 'maude'
 checking version: 3.5.1. OK.
 checking installation: OK.
[Theory PlainEncryptionSecrecy] Theory loaded
[Theory PlainEncryptionSecrecy] Theory translated
[Theory PlainEncryptionSecrecy] Derivation checks started
[Theory PlainEncryptionSecrecy] Derivation checks ended
[Theory PlainEncryptionSecrecy] Theory closed
[Saturating Sources] Step 1 (Max 5)
[Saturating Sources] Done
theory PlainEncryptionSecrecy

begin

// Function signature and definition of the equational theory E

functions: fst/1, pair/2, sdec/2, senc/2, snd/1
equations:
    fst(<x.1, x.2>) = x.1,
    sdec(senc(x.1, x.2), x.2) = x.1,
    snd(<x.1, x.2>) = x.2

rule (modulo E) Setup_Key:
   [ Fr( ~k ) ] --> [ !SharedKey( $A, $B, ~k ) ]

  /* has exactly the trivial AC variant */

rule (modulo E) Alice_Sends:
   [ !SharedKey( $A, $B, k ), Fr( ~secretMessage ) ]
  --[ Secret( ~secretMessage ) ]->
   [ Out( senc(~secretMessage, k) ) ]

  /* has exactly the trivial AC variant */

rule (modulo E) Bob_Receives:
   [ !SharedKey( $A, $B, k ), In( senc(m, k) ) ] --[ Completed( m ) ]-> [ ]

  /* has exactly the trivial AC variant */

lemma Secrecy:
  all-traces "∀ x #i. (Secret( x ) @ #i) ⇒ (¬(∃ #j. K( x ) @ #j))"
/*
guarded formula characterizing all counter-examples:
"∃ x #i. (Secret( x ) @ #i) ∧ ∃ #j. (K( x ) @ #j)"
*/
simplify
solve( !SharedKey( $A, $B, k ) ▶₀ #i )
  case Setup_Key
  solve( !KU( ~secretMessage ) @ #vk )
    case Alice_Sends
    by solve( !KU( ~k ) @ #vk.1 )
  qed
qed

lemma Executability:
  exists-trace "∃ m #i. Completed( m ) @ #i"
/*
guarded formula characterizing all satisfying traces:
"∃ m #i. (Completed( m ) @ #i)"
*/
simplify
solve( !SharedKey( $A, $B, k ) ▶₀ #i )
  case Setup_Key
  solve( !KU( senc(m, ~k) ) @ #vk )
    case Alice_Sends
    SOLVED // trace found
  qed
qed

/* All wellformedness checks were successful. */

/*
Generated from:
Tamarin version 1.12.0
Maude version 3.5.1
Git revision: UNKNOWN, branch: UNKNOWN
Compiled at: 2026-03-08 09:49:47.765662 UTC
*/

end

==============================================================================
summary of summaries:

analyzed: /Users/leo/Documents/Git Projects/An-Executable-Taxonomy-of-Security-Properties-for-ProVerif-and-Tamarin/SecurityProperties/Confidentiality/Secrecy.spthy

  processing time: 0.07s
  
  Secrecy (all-traces): verified (4 steps)
  Executability (exists-trace): verified (4 steps)

==============================================================================
EXIT  : 0 (0s)
        Secrecy (all-traces): verified (4 steps)
        Executability (exists-trace): verified (4 steps)

----------------------------------------------------------------------
MODEL : Integrity/Non-equivocation/Non-equivocation.pv
TOOL  : proverif
CMD   : proverif /Users/leo/Documents/Git Projects/An-Executable-Taxonomy-of-Security-Properties-for-ProVerif-and-Tamarin/SecurityProperties/Integrity/Non-equivocation/Non-equivocation.pv
Process 0 (that is, the initial process):
{1}new skA: key;
{2}let pkA: key = pk(skA) in
{3}out(c, pkA);
(
    {4}let skA_1: key = skA in
    {5}let hB: host = B in
    {6}new m0: bitstring;
    {7}event sent(A,hB,m0,zero);
    {8}out(c, (A,hB,m0,zero,sign(bind(A,hB,m0,zero),skA_1)));
    {9}new m1: bitstring;
    {10}event sent(A,hB,m1,succ(zero));
    {11}out(c, (A,hB,m1,succ(zero),sign(bind(A,hB,m1,succ(zero)),skA_1)))
) | (
    {12}let hB_1: host = B in
    {13}in(c, (a0: host,b0: host,m0_1: bitstring,cnt0: counter,sig0: bitstring));
    {14}if (cnt0 = zero) then
    {15}if (b0 = hB_1) then
    {16}if (checksign(sig0,pkA) = bind(a0,b0,m0_1,cnt0)) then
    {17}event accepted(a0,hB_1,m0_1,zero);
    {18}in(c, (a1: host,b1: host,m1_1: bitstring,cnt1: counter,sig1: bitstring));
    {19}if (cnt1 = succ(zero)) then
    {20}if (a1 = a0) then
    {21}if (b1 = hB_1) then
    {22}if (checksign(sig1,pkA) = bind(a1,b1,m1_1,cnt1)) then
    {23}event accepted(a1,hB_1,m1_1,succ(zero));
    {24}event accepted_link(a1,hB_1,m0_1,m1_1,zero)
)

--  Process 1 (that is, process 0, with let moved downwards):
{1}new skA: key;
{2}let pkA: key = pk(skA) in
{3}out(c, pkA);
(
    {6}new m0: bitstring;
    {5}let hB: host = B in
    {7}event sent(A,hB,m0,zero);
    {4}let skA_1: key = skA in
    {8}out(c, (A,hB,m0,zero,sign(bind(A,hB,m0,zero),skA_1)));
    {9}new m1: bitstring;
    {10}event sent(A,hB,m1,succ(zero));
    {11}out(c, (A,hB,m1,succ(zero),sign(bind(A,hB,m1,succ(zero)),skA_1)))
) | (
    {13}in(c, (a0: host,b0: host,m0_1: bitstring,cnt0: counter,sig0: bitstring));
    {14}if (cnt0 = zero) then
    {12}let hB_1: host = B in
    {15}if (b0 = hB_1) then
    {16}if (checksign(sig0,pkA) = bind(a0,b0,m0_1,cnt0)) then
    {17}event accepted(a0,hB_1,m0_1,zero);
    {18}in(c, (a1: host,b1: host,m1_1: bitstring,cnt1: counter,sig1: bitstring));
    {19}if (cnt1 = succ(zero)) then
    {20}if (a1 = a0) then
    {21}if (b1 = hB_1) then
    {22}if (checksign(sig1,pkA) = bind(a1,b1,m1_1,cnt1)) then
    {23}event accepted(a1,hB_1,m1_1,succ(zero));
    {24}event accepted_link(a1,hB_1,m0_1,m1_1,zero)
)

-- Query event(accepted_link(hA,hB_2,mPrev,mNew,cn)) ==> event(accepted(hA,hB_2,mPrev,cn)) in process 1.
Translating the process into Horn clauses...
Completing...
Starting query event(accepted_link(hA,hB_2,mPrev,mNew,cn)) ==> event(accepted(hA,hB_2,mPrev,cn))
goal reachable: b-event(accepted(A[],B[],m1[],succ(zero))) && b-event(accepted(A[],B[],m0[],zero)) -> event(accepted_link(A[],B[],m0[],m1[],zero))
RESULT event(accepted_link(hA,hB_2,mPrev,mNew,cn)) ==> event(accepted(hA,hB_2,mPrev,cn)) is true.
-- Query event(accepted(hA,hB_2,m1_2,cn)) && event(accepted(hA,hB_2,m2,cn)) ==> m1_2 = m2 in process 1.
Translating the process into Horn clauses...
Completing...
Starting query event(accepted(hA,hB_2,m1_2,cn)) && event(accepted(hA,hB_2,m2,cn)) ==> m1_2 = m2
goal reachable: event(accepted(A[],B[],m1[],succ(zero))) && event(accepted(A[],B[],m1[],succ(zero)))
goal reachable: event(accepted(A[],B[],m0[],zero)) && event(accepted(A[],B[],m0[],zero))
RESULT event(accepted(hA,hB_2,m1_2,cn)) && event(accepted(hA,hB_2,m2,cn)) ==> m1_2 = m2 is true.
-- Query event(accepted(hA,hB_2,m,cn)) ==> event(sent(hA,hB_2,m,cn)) in process 1.
Translating the process into Horn clauses...
Completing...
Starting query event(accepted(hA,hB_2,m,cn)) ==> event(sent(hA,hB_2,m,cn))
goal reachable: b-event(sent(A[],B[],m1[],succ(zero))) && b-event(sent(A[],B[],m0[],zero)) -> event(accepted(A[],B[],m1[],succ(zero)))
goal reachable: b-event(sent(A[],B[],m0[],zero)) -> event(accepted(A[],B[],m0[],zero))
RESULT event(accepted(hA,hB_2,m,cn)) ==> event(sent(hA,hB_2,m,cn)) is true.
-- Query not event(accepted(hA,hB_2,m,cn)) in process 1.
Translating the process into Horn clauses...
Completing...
Starting query not event(accepted(hA,hB_2,m,cn))
goal reachable: event(accepted(A[],B[],m1[],succ(zero)))

Derivation:

1. The message (A[],B[],m0[],zero,sign(bind(A[],B[],m0[],zero),skA[])) may be sent to the attacker at output {8}.
attacker((A[],B[],m0[],zero,sign(bind(A[],B[],m0[],zero),skA[]))).

2. By 1, the attacker may know (A[],B[],m0[],zero,sign(bind(A[],B[],m0[],zero),skA[])).
Using the function 5-proj-5-tuple the attacker may obtain sign(bind(A[],B[],m0[],zero),skA[]).
attacker(sign(bind(A[],B[],m0[],zero),skA[])).

3. Using the function zero the attacker may obtain zero.
attacker(zero).

4. By 1, the attacker may know (A[],B[],m0[],zero,sign(bind(A[],B[],m0[],zero),skA[])).
Using the function 3-proj-5-tuple the attacker may obtain m0[].
attacker(m0[]).

5. The attacker initially knows B[].
attacker(B[]).

6. The attacker initially knows A[].
attacker(A[]).

7. By 6, the attacker may know A[].
By 5, the attacker may know B[].
By 4, the attacker may know m0[].
By 3, the attacker may know zero.
By 2, the attacker may know sign(bind(A[],B[],m0[],zero),skA[]).
Using the function 5-tuple the attacker may obtain (A[],B[],m0[],zero,sign(bind(A[],B[],m0[],zero),skA[])).
attacker((A[],B[],m0[],zero,sign(bind(A[],B[],m0[],zero),skA[]))).

8. The message (A[],B[],m1[],succ(zero),sign(bind(A[],B[],m1[],succ(zero)),skA[])) may be sent to the attacker at output {11}.
attacker((A[],B[],m1[],succ(zero),sign(bind(A[],B[],m1[],succ(zero)),skA[]))).

9. By 8, the attacker may know (A[],B[],m1[],succ(zero),sign(bind(A[],B[],m1[],succ(zero)),skA[])).
Using the function 5-proj-5-tuple the attacker may obtain sign(bind(A[],B[],m1[],succ(zero)),skA[]).
attacker(sign(bind(A[],B[],m1[],succ(zero)),skA[])).

10. By 3, the attacker may know zero.
Using the function succ the attacker may obtain succ(zero).
attacker(succ(zero)).

11. By 8, the attacker may know (A[],B[],m1[],succ(zero),sign(bind(A[],B[],m1[],succ(zero)),skA[])).
Using the function 3-proj-5-tuple the attacker may obtain m1[].
attacker(m1[]).

12. By 6, the attacker may know A[].
By 5, the attacker may know B[].
By 11, the attacker may know m1[].
By 10, the attacker may know succ(zero).
By 9, the attacker may know sign(bind(A[],B[],m1[],succ(zero)),skA[]).
Using the function 5-tuple the attacker may obtain (A[],B[],m1[],succ(zero),sign(bind(A[],B[],m1[],succ(zero)),skA[])).
attacker((A[],B[],m1[],succ(zero),sign(bind(A[],B[],m1[],succ(zero)),skA[]))).

13. The message (A[],B[],m0[],zero,sign(bind(A[],B[],m0[],zero),skA[])) that the attacker may have by 7 may be received at input {13}.
The message (A[],B[],m1[],succ(zero),sign(bind(A[],B[],m1[],succ(zero)),skA[])) that the attacker may have by 12 may be received at input {18}.
So event accepted(A[],B[],m1[],succ(zero)) may be executed at {23}.
event(accepted(A[],B[],m1[],succ(zero))).

14. By 13, event(accepted(A[],B[],m1[],succ(zero))).
The goal is reached, represented in the following fact:
event(accepted(A[],B[],m1[],succ(zero))).


A more detailed output of the traces is available with
  set traceDisplay = long.

new skA: key creating skA_2 at {1}

out(c, ~M) with ~M = pk(skA_2) at {3}

new m0: bitstring creating m0_2 at {6}

event sent(A,B,m0_2,zero) at {7}

out(c, (~M_1,~M_2,~M_3,zero,~M_4)) with ~M_1 = A, ~M_2 = B, ~M_3 = m0_2, ~M_4 = sign(bind(A,B,m0_2,zero),skA_2) at {8}

new m1: bitstring creating m1_2 at {9}

event sent(A,B,m1_2,succ(zero)) at {10}

out(c, (~M_5,~M_6,~M_7,succ(zero),~M_8)) with ~M_5 = A, ~M_6 = B, ~M_7 = m1_2, ~M_8 = sign(bind(A,B,m1_2,succ(zero)),skA_2) at {11}

in(c, (A,B,~M_3,zero,~M_4)) with ~M_3 = m0_2, ~M_4 = sign(bind(A,B,m0_2,zero),skA_2) at {13}

event accepted(A,B,m0_2,zero) at {17}

in(c, (A,B,~M_7,succ(zero),~M_8)) with ~M_7 = m1_2, ~M_8 = sign(bind(A,B,m1_2,succ(zero)),skA_2) at {18}

event accepted(A,B,m1_2,succ(zero)) at {23} (goal)

The event accepted(A,B,m1_2,succ(zero)) is executed at {23}.
A trace has been found.
RESULT not event(accepted(hA,hB_2,m,cn)) is false.

--------------------------------------------------------------
Verification summary:

Query event(accepted_link(hA,hB_2,mPrev,mNew,cn)) ==> event(accepted(hA,hB_2,mPrev,cn)) is true.

Query event(accepted(hA,hB_2,m1_2,cn)) && event(accepted(hA,hB_2,m2,cn)) ==> m1_2 = m2 is true.

Query event(accepted(hA,hB_2,m,cn)) ==> event(sent(hA,hB_2,m,cn)) is true.

Query not event(accepted(hA,hB_2,m,cn)) is false.

--------------------------------------------------------------
EXIT  : 0 (0s)
        RESULT event(accepted_link(hA,hB_2,mPrev,mNew,cn)) ==> event(accepted(hA,hB_2,mPrev,cn)) is true.
        RESULT event(accepted(hA,hB_2,m1_2,cn)) && event(accepted(hA,hB_2,m2,cn)) ==> m1_2 = m2 is true.
        RESULT event(accepted(hA,hB_2,m,cn)) ==> event(sent(hA,hB_2,m,cn)) is true.
        RESULT not event(accepted(hA,hB_2,m,cn)) is false.

----------------------------------------------------------------------
MODEL : Integrity/Non-equivocation/Non-equivocation.spthy
TOOL  : tamarin
CMD   : tamarin-prover --prove /Users/leo/Documents/Git Projects/An-Executable-Taxonomy-of-Security-Properties-for-ProVerif-and-Tamarin/SecurityProperties/Integrity/Non-equivocation/Non-equivocation.spthy
maude tool: 'maude'
 checking version: 3.5.1. OK.
 checking installation: OK.
[Theory ChannelNonEquivocation] Theory loaded
[Theory ChannelNonEquivocation] Theory translated
[Theory ChannelNonEquivocation] Derivation checks started
[Theory ChannelNonEquivocation] Derivation checks ended
[Theory ChannelNonEquivocation] Theory closed
[Saturating Sources] Step 1 (Max 5)
[Saturating Sources] Done
theory ChannelNonEquivocation

begin

// Function signature and definition of the equational theory E

functions: czero/0, fst/1, pair/2, pk/1, sign/2, snd/1, succ/1, true/0,
           verify/3
equations:
    fst(<x.1, x.2>) = x.1,
    snd(<x.1, x.2>) = x.2,
    verify(sign(x.1, x.2), x.1, pk(x.2)) = true

rule (modulo E) Register_PK:
   [ Fr( ~skA ) ]
  -->
   [ !Ltk( $A, ~skA ), !Pk( $A, pk(~skA) ), Out( pk(~skA) ) ]

  /* has exactly the trivial AC variant */

rule (modulo E) Signer_Send_Zero:
   [ !Ltk( $A, skA ), Fr( ~m0 ) ]
  --[ Sent( $A, $B, ~m0, czero ) ]->
   [
   Out( <$A, $B, ~m0, czero, sign(<$A, $B, ~m0, czero>, skA)> ),
   !SignerSentZero( $A, $B, ~m0 )
   ]

  /* has exactly the trivial AC variant */

rule (modulo E) Signer_Send_Succ:
   [ !Ltk( $A, skA ), !SignerSentZero( $A, $B, m0 ), Fr( ~m1 ) ]
  --[ Sent( $A, $B, ~m1, succ(czero) ) ]->
   [
   Out( <$A, $B, ~m1, succ(czero), sign(<$A, $B, ~m1, succ(czero)>, skA)> )
   ]

  /* has exactly the trivial AC variant */

rule (modulo E) Receiver_Accept_Zero:
   [ !Pk( $A, pkA ), In( <$A, $B, m0, czero, sig> ) ]
  --[
  Eq( verify(sig, <$A, $B, m0, czero>, pkA), true ),
  Accepted( $A, $B, m0, czero ), AcceptedZero( $A, $B )
  ]->
   [ ReceiverAt( $A, $B, m0 ) ]

  /*
  rule (modulo AC) Receiver_Accept_Zero:
     [ !Pk( $A, pkA ), In( <$A, $B, m0, czero, sig> ) ]
    --[ Eq( z, true ), Accepted( $A, $B, m0, czero ), AcceptedZero( $A, $B )
    ]->
     [ ReceiverAt( $A, $B, m0 ) ]
    variants (modulo AC)
    1. $A    = $A.7
       $B    = $B.7
       m0    = m0.7
       pkA   = pkA.7
       sig   = sig.7
       z     = verify(sig.7, <$A.7, $B.7, m0.7, czero>, pkA.7)
    
    2. $A    = $x.7
       $B    = $x.8
       m0    = x.9
       pkA   = pk(x.10)
       sig   = sign(<$x.7, $x.8, x.9, czero>, x.10)
       z     = true
  */

rule (modulo E) Receiver_Accept_Succ:
   [
   !Pk( $A, pkA ), ReceiverAt( $A, $B, m0 ),
   In( <$A, $B, m1, succ(czero), sig> )
   ]
  --[
  Eq( verify(sig, <$A, $B, m1, succ(czero)>, pkA), true ),
  Accepted( $A, $B, m1, succ(czero) ), AcceptedLink( $A, $B, m0, m1 )
  ]->
   [ ]

  /*
  rule (modulo AC) Receiver_Accept_Succ:
     [
     !Pk( $A, pkA ), ReceiverAt( $A, $B, m0 ),
     In( <$A, $B, m1, succ(czero), sig> )
     ]
    --[
    Eq( z, true ), Accepted( $A, $B, m1, succ(czero) ),
    AcceptedLink( $A, $B, m0, m1 )
    ]->
     [ ]
    variants (modulo AC)
    1. $A    = $A.8
       $B    = $B.8
       m1    = m1.8
       pkA   = pkA.8
       sig   = sig.8
       z     = verify(sig.8, <$A.8, $B.8, m1.8, succ(czero)>, pkA.8)
    
    2. $A    = $x.8
       $B    = $x.9
       m1    = x.11
       pkA   = pk(x.12)
       sig   = sign(<$x.8, $x.9, x.11, succ(czero)>, x.12)
       z     = true
  */

restriction Equality:
  "∀ x y #i. (Eq( x, y ) @ #i) ⇒ (x = y)"
  // safety formula

  /*
  expanded formula:
  "∀ x y #i. (Eq( x, y ) @ #i) ⇒ (x = y)"
  */

restriction Zero_Accepted_Once:
  "∀ A B #i #j.
    ((AcceptedZero( A, B ) @ #i) ∧ (AcceptedZero( A, B ) @ #j)) ⇒ (#i = #j)"
  // safety formula

  /*
  expanded formula:
  "∀ A B #i #j.
    ((AcceptedZero( A, B ) @ #i) ∧ (AcceptedZero( A, B ) @ #j)) ⇒ (#i = #j)"
  */

lemma completeness:
  all-traces
  "∀ A B m0 m1 #i.
    (AcceptedLink( A, B, m0, m1 ) @ #i) ⇒
    (∃ #j. (Accepted( A, B, m0, czero ) @ #j) ∧ (#j < #i))"
/*
guarded formula characterizing all counter-examples:
"∃ A B m0 m1 #i.
  (AcceptedLink( A, B, m0, m1 ) @ #i)
 ∧
  ∀ #j. (Accepted( A, B, m0, czero ) @ #j) ⇒ ¬(#j < #i)"
*/
simplify
solve( !Pk( $A, pk(x) ) ▶₀ #i )
  case Register_PK
  solve( ReceiverAt( $A, $B, m0 ) ▶₁ #i )
    case Receiver_Accept_Zero
    by contradiction /* from formulas */
  qed
qed

lemma order_preservation_adjacent:
  all-traces
  "∀ A B m0 m1 #i.
    (AcceptedLink( A, B, m0, m1 ) @ #i) ⇒
    (∃ #j. (Accepted( A, B, m0, czero ) @ #j) ∧ (#j < #i))"
/*
guarded formula characterizing all counter-examples:
"∃ A B m0 m1 #i.
  (AcceptedLink( A, B, m0, m1 ) @ #i)
 ∧
  ∀ #j. (Accepted( A, B, m0, czero ) @ #j) ⇒ ¬(#j < #i)"
*/
simplify
solve( !Pk( $A, pk(x) ) ▶₀ #i )
  case Register_PK
  solve( ReceiverAt( $A, $B, m0 ) ▶₁ #i )
    case Receiver_Accept_Zero
    by contradiction /* from formulas */
  qed
qed

lemma uniqueness:
  all-traces
  "∀ A B m1 m2 c #i1 #i2.
    ((Accepted( A, B, m1, c ) @ #i1) ∧ (Accepted( A, B, m2, c ) @ #i2)) ⇒
    (m1 = m2)"
/*
guarded formula characterizing all counter-examples:
"∃ A B m1 m2 c #i1 #i2.
  (Accepted( A, B, m1, c ) @ #i1) ∧ (Accepted( A, B, m2, c ) @ #i2)
 ∧
  ¬(m1 = m2)"
*/
simplify
solve( Accepted( A, B, m1, c ) @ #i1 )
  case Receiver_Accept_Succ
  solve( !Pk( $A, pk(x) ) ▶₀ #i1 )
    case Register_PK
    solve( ReceiverAt( $A, $B, m0 ) ▶₁ #i1 )
      case Receiver_Accept_Zero
      solve( Accepted( $A, $B, m2, succ(czero) ) @ #i2 )
        case Receiver_Accept_Succ
        solve( !Pk( $A, pk(x) ) ▶₀ #i2 )
          case Register_PK
          solve( ReceiverAt( $A, $B, m0.1 ) ▶₁ #i2 )
            case Receiver_Accept_Zero
            by contradiction /* from formulas */
          qed
        qed
      qed
    qed
  qed
next
  case Receiver_Accept_Zero
  solve( !Pk( $A, pk(x) ) ▶₀ #i1 )
    case Register_PK
    solve( Accepted( $A, $B, m2, czero ) @ #i2 )
      case Receiver_Accept_Zero
      by contradiction /* from formulas */
    qed
  qed
qed

lemma soundness:
  all-traces
  "∀ A B m c #i.
    (Accepted( A, B, m, c ) @ #i) ⇒
    (∃ #j. (Sent( A, B, m, c ) @ #j) ∧ (#j < #i))"
/*
guarded formula characterizing all counter-examples:
"∃ A B m c #i.
  (Accepted( A, B, m, c ) @ #i)
 ∧
  ∀ #j. (Sent( A, B, m, c ) @ #j) ⇒ ¬(#j < #i)"
*/
simplify
solve( Accepted( A, B, m, c ) @ #i )
  case Receiver_Accept_Succ
  solve( !Pk( $A, pk(x) ) ▶₀ #i )
    case Register_PK
    solve( ReceiverAt( $A, $B, m0 ) ▶₁ #i )
      case Receiver_Accept_Zero
      solve( !KU( sign(<$A, $B, m, succ(czero)>, ~skA) ) @ #vk.10 )
        case Signer_Send_Succ
        by contradiction /* from formulas */
      next
        case c_sign
        by solve( !KU( ~skA ) @ #vk.19 )
      qed
    qed
  qed
next
  case Receiver_Accept_Zero
  solve( !Pk( $A, pk(x) ) ▶₀ #i )
    case Register_PK
    solve( !KU( sign(<$A, $B, m, czero>, ~skA) ) @ #vk.8 )
      case Signer_Send_Zero
      by contradiction /* from formulas */
    next
      case c_sign
      by solve( !KU( ~skA ) @ #vk.12 )
    qed
  qed
qed

lemma Executability:
  exists-trace
  "∃ A B m0 m1 #i #j.
    (Accepted( A, B, m0, czero ) @ #i) ∧ (AcceptedLink( A, B, m0, m1 ) @ #j)"
/*
guarded formula characterizing all satisfying traces:
"∃ A B m0 m1 #i #j.
  (Accepted( A, B, m0, czero ) @ #i) ∧ (AcceptedLink( A, B, m0, m1 ) @ #j)"
*/
simplify
solve( !Pk( $A, pk(x) ) ▶₀ #j )
  case Register_PK
  solve( ReceiverAt( $A, $B, m0 ) ▶₁ #j )
    case Receiver_Accept_Zero
    solve( Accepted( $A, $B, m0, czero ) @ #i )
      case Receiver_Accept_Zero
      solve( !KU( sign(<$A, $B, m1, succ(czero)>, ~skA.1) ) @ #vk.10 )
        case Signer_Send_Succ
        solve( !KU( sign(<$A, $B, m0, czero>, ~skA) ) @ #vk.15 )
          case Signer_Send_Zero
          solve( !KU( ~m1 ) @ #vk.10 )
            case Signer_Send_Succ
            solve( !KU( ~m0 ) @ #vk.14 )
              case Signer_Send_Zero
              solve( !KU( succ(czero) ) @ #vk.14 )
                case c_succ
                SOLVED // trace found
              qed
            qed
          qed
        qed
      qed
    qed
  qed
qed

/* All wellformedness checks were successful. */

/*
Generated from:
Tamarin version 1.12.0
Maude version 3.5.1
Git revision: UNKNOWN, branch: UNKNOWN
Compiled at: 2026-03-08 09:49:47.765662 UTC
*/

end

==============================================================================
summary of summaries:

analyzed: /Users/leo/Documents/Git Projects/An-Executable-Taxonomy-of-Security-Properties-for-ProVerif-and-Tamarin/SecurityProperties/Integrity/Non-equivocation/Non-equivocation.spthy

  processing time: 0.19s
  
  completeness (all-traces): verified (4 steps)
  order_preservation_adjacent (all-traces): verified (4 steps)
  uniqueness (all-traces): verified (11 steps)
  soundness (all-traces): verified (11 steps)
  Executability (exists-trace): verified (10 steps)

==============================================================================
EXIT  : 0 (1s)
        completeness (all-traces): verified (4 steps)
        order_preservation_adjacent (all-traces): verified (4 steps)
        uniqueness (all-traces): verified (11 steps)
        soundness (all-traces): verified (11 steps)
        Executability (exists-trace): verified (10 steps)

----------------------------------------------------------------------
MODEL : Integrity/Unforgeability/Unforgeability.pv
TOOL  : proverif
CMD   : proverif /Users/leo/Documents/Git Projects/An-Executable-Taxonomy-of-Security-Properties-for-ProVerif-and-Tamarin/SecurityProperties/Integrity/Unforgeability/Unforgeability.pv
Process 0 (that is, the initial process):
{1}let pkA: pkey = pk(skA) in
{2}out(c, pkA);
(
    {3}!
    {4}new m1: bitstring;
    {5}let s1: bitstring = sign(m1,skA) in
    {6}event signed_by(skA,m1);
    {7}out(c, s1)
) | (
    {8}!
    {9}new m2: bitstring;
    {10}in(c, signed_message: bitstring);
    {11}let m: bitstring = checksign(signed_message,pkA) in
    {12}event valid_sig(m,pkA);
    {13}event check
)

--  Process 1 (that is, process 0, with let moved downwards):
{1}let pkA: pkey = pk(skA) in
{2}out(c, pkA);
(
    {3}!
    {4}new m1: bitstring;
    {6}event signed_by(skA,m1);
    {5}let s1: bitstring = sign(m1,skA) in
    {7}out(c, s1)
) | (
    {8}!
    {9}new m2: bitstring;
    {10}in(c, signed_message: bitstring);
    {11}let m: bitstring = checksign(signed_message,pkA) in
    {12}event valid_sig(m,pkA);
    {13}event check
)

-- Query event(valid_sig(m_1,pk(sk))) ==> event(signed_by(sk,m_1)) in process 1.
Translating the process into Horn clauses...
Completing...
Starting query event(valid_sig(m_1,pk(sk))) ==> event(signed_by(sk,m_1))
goal reachable: b-event(signed_by(skA[],m1_1)) -> event(valid_sig(m1_1,pk(skA[])))
Abbreviations:
m1_1 = m1[!1 = @sid]
RESULT event(valid_sig(m_1,pk(sk))) ==> event(signed_by(sk,m_1)) is true.
-- Query not event(check) in process 1.
Translating the process into Horn clauses...
Completing...
Starting query not event(check)
goal reachable: event(check)

Derivation:
Abbreviations:
m1_1 = m1[!1 = @sid]

1. The message sign(m1_1,skA[]) may be sent to the attacker at output {7}.
attacker(sign(m1_1,skA[])).

2. The message sign(m1_1,skA[]) that the attacker may have by 1 may be received at input {10}.
So event check may be executed at {13}.
event(check).

3. By 2, event(check).
The goal is reached, represented in the following fact:
event(check).


A more detailed output of the traces is available with
  set traceDisplay = long.

out(c, ~M) with ~M = pk(skA) at {2}

new m2: bitstring creating m2_1 at {9} in copy a

new m1: bitstring creating m1_2 at {4} in copy a_1

event signed_by(skA,m1_2) at {6} in copy a_1

out(c, ~M_1) with ~M_1 = sign(m1_2,skA) at {7} in copy a_1

in(c, ~M_1) with ~M_1 = sign(m1_2,skA) at {10} in copy a

event valid_sig(m1_2,pk(skA)) at {12} in copy a

event check at {13} in copy a (goal)

The event check is executed at {13} in copy a.
A trace has been found.
RESULT not event(check) is false.

--------------------------------------------------------------
Verification summary:

Query event(valid_sig(m_1,pk(sk))) ==> event(signed_by(sk,m_1)) is true.

Query not event(check) is false.

--------------------------------------------------------------
EXIT  : 0 (0s)
        RESULT event(valid_sig(m_1,pk(sk))) ==> event(signed_by(sk,m_1)) is true.
        RESULT not event(check) is false.

----------------------------------------------------------------------
MODEL : Integrity/Unforgeability/Unforgeability.spthy
TOOL  : tamarin
CMD   : tamarin-prover --prove /Users/leo/Documents/Git Projects/An-Executable-Taxonomy-of-Security-Properties-for-ProVerif-and-Tamarin/SecurityProperties/Integrity/Unforgeability/Unforgeability.spthy
maude tool: 'maude'
 checking version: 3.5.1. OK.
 checking installation: OK.
[Theory SimpleSignature] Theory loaded
[Theory SimpleSignature] Theory translated
[Theory SimpleSignature] Derivation checks started
[Theory SimpleSignature] Derivation checks ended
[Theory SimpleSignature] Theory closed
[Saturating Sources] Step 1 (Max 5)
[Saturating Sources] Done
theory SimpleSignature

begin

// Function signature and definition of the equational theory E

functions: fst/1, pair/2, pk/1, sign/2, snd/1, true/0, verify/3
equations:
    fst(<x.1, x.2>) = x.1,
    snd(<x.1, x.2>) = x.2,
    verify(sign(x.1, x.2), x.1, pk(x.2)) = true

rule (modulo E) Setup:
   [ Fr( ~skA ) ]
  --[ OnlyOnce( ) ]->
   [ !LtkA( ~skA ), !PkA( pk(~skA) ), Out( pk(~skA) ) ]

  /* has exactly the trivial AC variant */

rule (modulo E) ProcessA:
   [ !LtkA( ~skA ), Fr( ~m1 ) ]
  --[ SignedBy( ~skA, ~m1 ) ]->
   [ Out( <~m1, sign(~m1, ~skA)> ) ]

  /* has exactly the trivial AC variant */

rule (modulo E) ProcessB:
   [ In( <m, sig> ), !PkA( pkA ) ]
  --[ Eq( verify(sig, m, pkA), true ), Valid_sig( m, pkA ), Check( ) ]->
   [ ]

  /*
  rule (modulo AC) ProcessB:
     [ In( <m, sig> ), !PkA( pkA ) ]
    --[ Eq( z, true ), Valid_sig( m, pkA ), Check( ) ]->
     [ ]
    variants (modulo AC)
    1. m     = m.5
       pkA   = pkA.5
       sig   = sig.5
       z     = verify(sig.5, m.5, pkA.5)
    
    2. m     = x.5
       pkA   = pk(x.6)
       sig   = sign(x.5, x.6)
       z     = true
  */

restriction Equality:
  "∀ x y #i. (Eq( x, y ) @ #i) ⇒ (x = y)"
  // safety formula

  /*
  expanded formula:
  "∀ x y #i. (Eq( x, y ) @ #i) ⇒ (x = y)"
  */

restriction OnlyOnce:
  "∀ #i #j. ((OnlyOnce( ) @ #i) ∧ (OnlyOnce( ) @ #j)) ⇒ (#i = #j)"
  // safety formula

  /*
  expanded formula:
  "∀ #i #j. ((OnlyOnce( ) @ #i) ∧ (OnlyOnce( ) @ #j)) ⇒ (#i = #j)"
  */

lemma Unforgeability:
  all-traces
  "∀ m pkA #i.
    (Valid_sig( m, pkA ) @ #i) ⇒
    (∃ sk #j. (SignedBy( sk, m ) @ #j) ∧ (pk(sk) = pkA))"
/*
guarded formula characterizing all counter-examples:
"∃ m pkA #i.
  (Valid_sig( m, pkA ) @ #i)
 ∧
  ∀ sk #j. (SignedBy( sk, m ) @ #j) ∧ (pk(sk) = pkA) ⇒ ⊥"
*/
simplify
solve( !PkA( pk(x) ) ▶₁ #i )
  case Setup
  solve( !KU( sign(m, ~skA) ) @ #vk.2 )
    case ProcessA
    by contradiction /* from formulas */
  next
    case c_sign
    by solve( !KU( ~skA ) @ #vk.3 )
  qed
qed

lemma Executability:
  exists-trace "∃ #i. Check( ) @ #i"
/*
guarded formula characterizing all satisfying traces:
"∃ #i. (Check( ) @ #i)"
*/
simplify
solve( !PkA( pk(x) ) ▶₁ #i )
  case Setup
  solve( !KU( sign(m, ~skA) ) @ #vk.2 )
    case ProcessA
    solve( !KU( ~m1 ) @ #vk.2 )
      case ProcessA
      SOLVED // trace found
    qed
  qed
qed

/* All wellformedness checks were successful. */

/*
Generated from:
Tamarin version 1.12.0
Maude version 3.5.1
Git revision: UNKNOWN, branch: UNKNOWN
Compiled at: 2026-03-08 09:49:47.765662 UTC
*/

end

==============================================================================
summary of summaries:

analyzed: /Users/leo/Documents/Git Projects/An-Executable-Taxonomy-of-Security-Properties-for-ProVerif-and-Tamarin/SecurityProperties/Integrity/Unforgeability/Unforgeability.spthy

  processing time: 0.07s
  
  Unforgeability (all-traces): verified (5 steps)
  Executability (exists-trace): verified (5 steps)

==============================================================================
EXIT  : 0 (0s)
        Unforgeability (all-traces): verified (5 steps)
        Executability (exists-trace): verified (5 steps)

----------------------------------------------------------------------
MODEL : Privacy/Anonymity/Anonymity.pv
TOOL  : proverif
CMD   : proverif /Users/leo/Documents/Git Projects/An-Executable-Taxonomy-of-Security-Properties-for-ProVerif-and-Tamarin/SecurityProperties/Privacy/Anonymity/Anonymity.pv
Process 0 (that is, the initial process):
(
    {1}let p_id_1: bitstring = p_id in
    {2}new m: bitstring;
    {3}let m_enc: bitstring = enc((m,p_id_1),k) in
    {4}out(c, m_enc)
) | (
    {5}in(c, enc_msg: bitstring);
    {6}let (m_1: bitstring,new_id: bitstring) = dec(enc_msg,k) in
    {7}event QReceived(m_1)
)

--  Process 1 (that is, process 0, with let moved downwards):
(
    {2}new m: bitstring;
    {1}let p_id_1: bitstring = p_id in
    {3}let m_enc: bitstring = enc((m,p_id_1),k) in
    {4}out(c, m_enc)
) | (
    {5}in(c, enc_msg: bitstring);
    {6}let (m_1: bitstring,new_id: bitstring) = dec(enc_msg,k) in
    {7}event QReceived(m_1)
)

-- Query not attacker(p_id[]) in process 1.
Translating the process into Horn clauses...
Completing...
Starting query not attacker(p_id[])
RESULT not attacker(p_id[]) is true.
-- Query not event(QReceived(m_2)) in process 1.
Translating the process into Horn clauses...
Completing...
Starting query not event(QReceived(m_2))
goal reachable: event(QReceived(m[]))

Derivation:

1. The message enc((m[],p_id[]),k[]) may be sent to the attacker at output {4}.
attacker(enc((m[],p_id[]),k[])).

2. The message enc((m[],p_id[]),k[]) that the attacker may have by 1 may be received at input {5}.
So event QReceived(m[]) may be executed at {7}.
event(QReceived(m[])).

3. By 2, event(QReceived(m[])).
The goal is reached, represented in the following fact:
event(QReceived(m[])).


A more detailed output of the traces is available with
  set traceDisplay = long.

new m: bitstring creating m_2 at {2}

out(c, ~M) with ~M = enc((m_2,p_id),k) at {4}

in(c, ~M) with ~M = enc((m_2,p_id),k) at {5}

event QReceived(m_2) at {7} (goal)

The event QReceived(m_2) is executed at {7}.
A trace has been found.
RESULT not event(QReceived(m_2)) is false.

--------------------------------------------------------------
Verification summary:

Query not attacker(p_id[]) is true.

Query not event(QReceived(m_2)) is false.

--------------------------------------------------------------
EXIT  : 0 (0s)
        RESULT not attacker(p_id[]) is true.
        RESULT not event(QReceived(m_2)) is false.

----------------------------------------------------------------------
MODEL : Privacy/Anonymity/Anonymity.spthy
TOOL  : tamarin
CMD   : tamarin-prover --prove /Users/leo/Documents/Git Projects/An-Executable-Taxonomy-of-Security-Properties-for-ProVerif-and-Tamarin/SecurityProperties/Privacy/Anonymity/Anonymity.spthy
maude tool: 'maude'
 checking version: 3.5.1. OK.
 checking installation: OK.
[Theory AnonymityProtocol] Theory loaded
[Theory AnonymityProtocol] Theory translated
[Theory AnonymityProtocol] Derivation checks started
[Theory AnonymityProtocol] Derivation checks ended
[Theory AnonymityProtocol] Theory closed
[Saturating Sources] Step 1 (Max 5)
[Saturating Sources] Done
theory AnonymityProtocol

begin

// Function signature and definition of the equational theory E

functions: fst/1, pair/2, sdec/2, senc/2, snd/1
equations:
    fst(<x.1, x.2>) = x.1,
    sdec(senc(x.1, x.2), x.2) = x.1,
    snd(<x.1, x.2>) = x.2

rule (modulo E) Setup:
   [ Fr( ~k ), Fr( ~p_id ) ]
  --[ OnlyOnce( ) ]->
   [ !SharedKey( ~k ), !PrivateID( ~p_id ) ]

  /* has exactly the trivial AC variant */

rule (modulo E) Process_P:
   [ !SharedKey( ~k ), !PrivateID( ~p_id ), Fr( ~m ) ]
  --[ Actor( ~p_id ) ]->
   [ Out( senc(<~m, ~p_id>, ~k) ) ]

  /* has exactly the trivial AC variant */

rule (modulo E) Process_Q:
   [ In( senc(<m, p_id>, ~k) ), !SharedKey( ~k ) ] --> [ ]

  /* has exactly the trivial AC variant */

lemma Secret_ID:
  all-traces "∀ p_id #i. (Actor( p_id ) @ #i) ⇒ (¬(∃ #j. K( p_id ) @ #j))"
/*
guarded formula characterizing all counter-examples:
"∃ p_id #i. (Actor( p_id ) @ #i) ∧ ∃ #j. (K( p_id ) @ #j)"
*/
simplify
solve( !SharedKey( ~k ) ▶₀ #i )
  case Setup
  solve( !PrivateID( ~p_id ) ▶₁ #i )
    case Setup
    solve( !KU( ~p_id ) @ #vk )
      case Process_P
      by solve( !KU( ~k ) @ #vk.1 )
    qed
  qed
qed

restriction Singleton:
  "∀ #i #j. ((OnlyOnce( ) @ #i) ∧ (OnlyOnce( ) @ #j)) ⇒ (#i = #j)"
  // safety formula

  /*
  expanded formula:
  "∀ #i #j. ((OnlyOnce( ) @ #i) ∧ (OnlyOnce( ) @ #j)) ⇒ (#i = #j)"
  */

/* All wellformedness checks were successful. */

/*
Generated from:
Tamarin version 1.12.0
Maude version 3.5.1
Git revision: UNKNOWN, branch: UNKNOWN
Compiled at: 2026-03-08 09:49:47.765662 UTC
*/

end

==============================================================================
summary of summaries:

analyzed: /Users/leo/Documents/Git Projects/An-Executable-Taxonomy-of-Security-Properties-for-ProVerif-and-Tamarin/SecurityProperties/Privacy/Anonymity/Anonymity.spthy

  processing time: 0.10s
  
  Secret_ID (all-traces): verified (5 steps)

==============================================================================
EXIT  : 0 (0s)
        Secret_ID (all-traces): verified (5 steps)

----------------------------------------------------------------------
MODEL : Privacy/Unlinkability/Unlinkability.pv
TOOL  : proverif
CMD   : proverif /Users/leo/Documents/Git Projects/An-Executable-Taxonomy-of-Security-Properties-for-ProVerif-and-Tamarin/SecurityProperties/Privacy/Unlinkability/Unlinkability.pv
Biprocess 0 (that is, the initial process):
(
    {1}!
    {2}let u: uid = U in
    {3}new r: nonce;
    {4}out(c, pid(u,r))
) | (
    {5}!
    {6}let u_1: uid = choice[U,V] in
    {7}new r_1: nonce;
    {8}out(c, pid(u_1,r_1))
)

-- Observational equivalence in biprocess 1 (that is, biprocess 0, with let moved downwards):
(
    {1}!
    {3}new r: nonce;
    {2}let u: uid = U in
    {4}out(c, pid(u,r))
) | (
    {5}!
    {7}new r_1: nonce;
    {6}let u_1: uid = choice[U,V] in
    {8}out(c, pid(u_1,r_1))
)

Translating the process into Horn clauses...
Termination warning: v ≠ v_1 && attacker2(v_2,v) && attacker2(v_2,v_1) -> bad
Selecting 0
Termination warning: v ≠ v_1 && attacker2(v,v_2) && attacker2(v_1,v_2) -> bad
Selecting 0
Completing...
Termination warning: v ≠ v_1 && attacker2(v_2,v) && attacker2(v_2,v_1) -> bad
Selecting 0
Termination warning: v ≠ v_1 && attacker2(v,v_2) && attacker2(v_1,v_2) -> bad
Selecting 0
RESULT Observational equivalence is true.

--------------------------------------------------------------
Verification summary:

Observational equivalence is true.

--------------------------------------------------------------
EXIT  : 0 (0s)
        RESULT Observational equivalence is true.

----------------------------------------------------------------------
MODEL : Privacy/Unlinkability/Unlinkability.spthy
TOOL  : tamarin
CMD   : tamarin-prover --diff --prove /Users/leo/Documents/Git Projects/An-Executable-Taxonomy-of-Security-Properties-for-ProVerif-and-Tamarin/SecurityProperties/Privacy/Unlinkability/Unlinkability.spthy
maude tool: 'maude'
 checking version: 3.5.1. OK.
 checking installation: OK.
diffLemma
[Theory IdentityPrivacy] Theory loaded
[Theory IdentityPrivacy] Theory translated
[Theory IdentityPrivacy] Derivation checks started
[Saturating Sources] Step 1 (Max 5)
[Saturating Sources] Done
[Saturating Sources] Step 1 (Max 5)
[Saturating Sources] Done
[Saturating Sources] Step 1 (Max 5)
[Saturating Sources] Done
[Theory IdentityPrivacy] Derivation checks ended
[Theory IdentityPrivacy] Theory closed
[Saturating Sources] Step 1 (Max 5)
[Saturating Sources] Done
[Saturating Sources] Step 1 (Max 5)
[Saturating Sources] Done
theory IdentityPrivacy

begin

// Function signature and definition of the equational theory E

functions: fst/1, h/1, pair/2, snd/1
equations: fst(<x.1, x.2>) = x.1, snd(<x.1, x.2>) = x.2

rule (modulo E) Setup:
   [ Fr( ~U ), Fr( ~V ) ] --[ OnlyOnce( ) ]-> [ !ID_U( ~U ), !ID_V( ~V ) ]

rule (modulo E) Session_One:
   [ !ID_U( ~U ), Fr( ~r1 ) ] --> [ Out( h(<~U, ~r1>) ) ]

rule (modulo E) Session_Two:
   [ !ID_U( ~U ), !ID_V( ~V ), Fr( ~r2 ) ]
  -->
   [ Out( h(<diff(~U, ~V), ~r2>) ) ]

restriction OnlyOnce [right]:
  "∀ #i #j. ((OnlyOnce( ) @ #i) ∧ (OnlyOnce( ) @ #j)) ⇒ (#i = #j)"
  // safety formula

restriction OnlyOnce [left]:
  "∀ #i #j. ((OnlyOnce( ) @ #i) ∧ (OnlyOnce( ) @ #j)) ⇒ (#i = #j)"
  // safety formula

diffLemma Observational_equivalence:
rule-equivalence
  case Rule_Destrd_0_fst
  backward-search
    case LHS
    step( simplify )
    step( solve( !KD( <x, x.1> ) ▶₀ #i ) )
      case Session_One
      by step( solve( (#vl, 0) ~~> (#i, 0) ) )
    next
      case Session_Two
      by step( solve( (#vl, 0) ~~> (#i, 0) ) )
    qed
  next
    case RHS
    step( simplify )
    step( solve( !KD( <x, x.1> ) ▶₀ #i ) )
      case Session_One
      by step( solve( (#vl, 0) ~~> (#i, 0) ) )
    next
      case Session_Two
      by step( solve( (#vl, 0) ~~> (#i, 0) ) )
    qed
  qed
next
  case Rule_Destrd_0_snd
  backward-search
    case LHS
    step( simplify )
    step( solve( !KD( <x, x.1> ) ▶₀ #i ) )
      case Session_One
      by step( solve( (#vl, 0) ~~> (#i, 0) ) )
    next
      case Session_Two
      by step( solve( (#vl, 0) ~~> (#i, 0) ) )
    qed
  next
    case RHS
    step( simplify )
    step( solve( !KD( <x, x.1> ) ▶₀ #i ) )
      case Session_One
      by step( solve( (#vl, 0) ~~> (#i, 0) ) )
    next
      case Session_Two
      by step( solve( (#vl, 0) ~~> (#i, 0) ) )
    qed
  qed
next
  case Rule_Equality
  backward-search
    case LHS
    step( simplify )
    step( solve( !KD( x ) ▶₁ #i ) )
      case Session_One
      step( solve( (#vl, 0) ~~> (#i, 1) ) )
        case h
        step( solve( !ID_U( ~U ) ▶₀ #vr ) )
          case Setup
          step( solve( !KU( h(<~U, ~r1>) ) @ #vk ) )
            case Session_One
            MIRRORED
          next
            case c_h
            by step( solve( !KU( ~U ) @ #vk.2 ) )
          qed
        qed
      qed
    next
      case Session_Two
      step( solve( (#vl, 0) ~~> (#i, 1) ) )
        case h
        step( solve( !ID_U( ~U ) ▶₀ #vr ) )
          case Setup
          step( solve( !ID_V( ~V ) ▶₁ #vr ) )
            case Setup
            step( solve( !KU( h(<~U, ~r2>) ) @ #vk ) )
              case Session_Two
              MIRRORED
            next
              case c_h
              by step( solve( !KU( ~U ) @ #vk.2 ) )
            qed
          qed
        qed
      qed
    qed
  next
    case RHS
    step( simplify )
    step( solve( !KD( x ) ▶₁ #i ) )
      case Session_One
      step( solve( (#vl, 0) ~~> (#i, 1) ) )
        case h
        step( solve( !ID_U( ~U ) ▶₀ #vr ) )
          case Setup
          step( solve( !KU( h(<~U, ~r1>) ) @ #vk ) )
            case Session_One
            MIRRORED
          next
            case c_h
            by step( solve( !KU( ~U ) @ #vk.2 ) )
          qed
        qed
      qed
    next
      case Session_Two
      step( solve( (#vl, 0) ~~> (#i, 1) ) )
        case h
        step( solve( !ID_U( ~U ) ▶₀ #vr ) )
          case Setup
          step( solve( !ID_V( ~V ) ▶₁ #vr ) )
            case Setup
            step( solve( !KU( h(<~V, ~r2>) ) @ #vk ) )
              case Session_Two
              MIRRORED
            next
              case c_h
              by step( solve( !KU( ~V ) @ #vk.2 ) )
            qed
          qed
        qed
      qed
    qed
  qed
next
  case Rule_Send
  backward-search
    case LHS
    step( simplify )
    MIRRORED
  next
    case RHS
    step( simplify )
    MIRRORED
  qed
next
  case Rule_Session_One
  backward-search
    case LHS
    step( simplify )
    step( solve( !ID_U( ~U ) ▶₀ #i ) )
      case Setup
      MIRRORED
    qed
  next
    case RHS
    step( simplify )
    step( solve( !ID_U( ~U ) ▶₀ #i ) )
      case Setup
      MIRRORED
    qed
  qed
next
  case Rule_Session_Two
  backward-search
    case LHS
    step( simplify )
    step( solve( !ID_U( ~U ) ▶₀ #i ) )
      case Setup
      step( solve( !ID_V( ~V ) ▶₁ #i ) )
        case Setup
        MIRRORED
      qed
    qed
  next
    case RHS
    step( simplify )
    step( solve( !ID_U( ~U ) ▶₀ #i ) )
      case Setup
      step( solve( !ID_V( ~V ) ▶₁ #i ) )
        case Setup
        MIRRORED
      qed
    qed
  qed
next
  case Rule_Setup
  backward-search
    case LHS
    step( simplify )
    MIRRORED
  next
    case RHS
    step( simplify )
    MIRRORED
  qed
qed

/* All wellformedness checks were successful. */

/*
Generated from:
Tamarin version 1.12.0
Maude version 3.5.1
Git revision: UNKNOWN, branch: UNKNOWN
Compiled at: 2026-03-08 09:49:47.765662 UTC
*/

end

==============================================================================
summary of summaries:

analyzed: /Users/leo/Documents/Git Projects/An-Executable-Taxonomy-of-Security-Properties-for-ProVerif-and-Tamarin/SecurityProperties/Privacy/Unlinkability/Unlinkability.spthy

  processing time: 0.11s
  
  DiffLemma:  Observational_equivalence : verified (72 steps)

==============================================================================
EXIT  : 0 (0s)
        DiffLemma:  Observational_equivalence : verified (72 steps)

======================================================================
STATUS    VERDICT     MODEL                                                      DETAIL
----------------------------------------------------------------------
PASS      true        Accountability/Non-repudiation/Non-Repudiation.pv          1 security + 1 reachability ok (0s)
PASS      verified    Accountability/Non-repudiation/Non-repudiation.spthy       1/1 lemmas (0s)
PASS      true        Accountability/Traceability/Untraceability.pv              2 security + 2 reachability ok (0s)
PASS      verified    Accountability/Traceability/Untraceability.spthy           2/2 lemmas (0s)
PASS      true        Authentication/Aliveness/Aliveness.pv                      1 security + 1 reachability ok (0s)
PASS      verified    Authentication/Aliveness/Aliveness.spthy                   2/2 lemmas (1s)
PASS      true        Authentication/InjectiveAgreement/InjectiveAgreement.pv    1 security + 1 reachability ok (0s)
PASS      verified    Authentication/InjectiveAgreement/InjectiveAgreement.spthy 2/2 lemmas (0s)
PASS      true        Authentication/MutualAuthentication/MutualAuthentication.pv 2 security + 1 reachability ok (0s)
PASS      verified    Authentication/MutualAuthentication/MutualAuthentication.spthy 1/1 lemmas (6s)
PASS      verified    Authentication/Non-injectiveAgreement/Non-injectiveAgreement.spthy 2/2 lemmas (0s)
PASS      true        Authentication/Non-injectiveAgreement/NonInjectiveAgreement.pv 1 security + 1 reachability ok (0s)
PASS      true        Authentication/WeakAgreement/WeakAgreement.pv              2 security + 1 reachability ok (0s)
PASS      verified    Authentication/WeakAgreement/WeakAgreement.spthy           2/2 lemmas (1s)
PASS      true        Authentication/authentication.pv                           1 security + 1 reachability ok (0s)
PASS      verified    Authentication/authentication.spthy                        2/2 lemmas (0s)
PASS      true        Confidentiality/ForwardSecrecy/ForwardSecrecy.pv           2 security + 1 reachability ok (0s)
PASS      verified    Confidentiality/ForwardSecrecy/ForwardSecrecy.spthy        1/1 lemmas (1s)
PASS      true        Confidentiality/Post-compromiseSecurity/PostCompromiseSecurity.pv 1 security + 1 reachability ok (0s)
PASS      verified    Confidentiality/Post-compromiseSecurity/PostCompromiseSecurity.spthy 2/2 lemmas (5s)
PASS      true        Confidentiality/Secrecy.pv                                 1 security + 1 reachability ok (0s)
PASS      verified    Confidentiality/Secrecy.spthy                              2/2 lemmas (0s)
PASS      true        Integrity/Non-equivocation/Non-equivocation.pv             3 security + 1 reachability ok (0s)
PASS      verified    Integrity/Non-equivocation/Non-equivocation.spthy          5/5 lemmas (1s)
PASS      true        Integrity/Unforgeability/Unforgeability.pv                 1 security + 1 reachability ok (0s)
PASS      verified    Integrity/Unforgeability/Unforgeability.spthy              2/2 lemmas (0s)
PASS      true        Privacy/Anonymity/Anonymity.pv                             1 security + 1 reachability ok (0s)
PASS      verified    Privacy/Anonymity/Anonymity.spthy                          1/1 lemmas (0s)
PASS      true        Privacy/Unlinkability/Unlinkability.pv                     1 security + 0 reachability ok (0s)
PASS      verified    Privacy/Unlinkability/Unlinkability.spthy                  1/1 lemmas (0s)
----------------------------------------------------------------------
passed: 30   failed: 0   skipped: 0
RESULT: all models proved.
======================================================================
full log: /Users/leo/Documents/Git Projects/An-Executable-Taxonomy-of-Security-Properties-for-ProVerif-and-Tamarin/results/run-20260917-150453.log
